/* SPDX-License-Identifier: OFL-1.1 AND MIT
 * Generated for StackChan: subset, rasterized and (icons only) remapped.
 * Input versions, rights holders and notices: firmware/release-fonts/README.md.
 * Reproduce with firmware/tools/generate_release_fonts.py.
 */
#ifdef LV_LVGL_H_INCLUDE_SIMPLE
#include "lvgl.h"
#else
#include "lvgl.h"
#endif

#ifndef FONT_STACKCHAN_BASIC_20_4
#define FONT_STACKCHAN_BASIC_20_4 1
#endif

#if FONT_STACKCHAN_BASIC_20_4

/*-----------------
 *    BITMAPS
 *----------------*/

/*Store the image of the glyphs*/
static LV_ATTRIBUTE_LARGE_CONST const uint8_t glyph_bitmap[] = {
    /* U+0020 " " */

    /* U+0021 "!" */
    0x5f, 0xb4, 0xfb, 0x4f, 0xa3, 0xf9, 0x2f, 0x81,
    0xf7, 0x1f, 0x70, 0xf6, 0xf, 0x50, 0xe4, 0x4,
    0x12, 0xa5, 0x8f, 0xe4, 0xf9,

    /* U+0022 "\"" */
    0xaf, 0x20, 0xfd, 0x9f, 0x10, 0xeb, 0x8f, 0x0,
    0xda, 0x6e, 0x0, 0xc9, 0x5d, 0x0, 0xb8, 0x2,
    0x0, 0x11,

    /* U+0023 "#" */
    0x0, 0x0, 0x2f, 0x40, 0xd, 0x80, 0x0, 0x0,
    0x5, 0xf1, 0x0, 0xf5, 0x0, 0x0, 0x0, 0x8e,
    0x0, 0x3f, 0x20, 0x0, 0x1, 0x1c, 0xb1, 0x17,
    0xf1, 0x10, 0xc, 0xff, 0xff, 0xff, 0xff, 0xff,
    0x60, 0x34, 0x5f, 0x74, 0x4e, 0xa4, 0x41, 0x0,
    0x4, 0xf1, 0x0, 0xf6, 0x0, 0x0, 0x0, 0x7f,
    0x0, 0x3f, 0x30, 0x0, 0x1, 0x1a, 0xc1, 0x16,
    0xf2, 0x10, 0x8, 0xff, 0xff, 0xff, 0xff, 0xff,
    0xb0, 0x24, 0x4f, 0x84, 0x4d, 0xb4, 0x43, 0x0,
    0x3, 0xf2, 0x0, 0xf7, 0x0, 0x0, 0x0, 0x6f,
    0x0, 0x3f, 0x30, 0x0, 0x0, 0xa, 0xc0, 0x6,
    0xf0, 0x0, 0x0,

    /* U+0024 "$" */
    0x0, 0x0, 0xf5, 0x0, 0x0, 0x0, 0x0, 0xf6,
    0x0, 0x0, 0x5, 0xef, 0xff, 0xfd, 0x70, 0x5f,
    0xd7, 0xf9, 0x8c, 0x80, 0xbf, 0x10, 0xf5, 0x0,
    0x0, 0xbf, 0x0, 0xf5, 0x0, 0x0, 0x7f, 0xb2,
    0xf5, 0x0, 0x0, 0xa, 0xff, 0xf9, 0x20, 0x0,
    0x0, 0x4a, 0xff, 0xfb, 0x10, 0x0, 0x0, 0xf9,
    0xbf, 0xd0, 0x0, 0x0, 0xf5, 0x9, 0xf3, 0x0,
    0x0, 0xf5, 0x7, 0xf4, 0x86, 0x21, 0xf7, 0x6f,
    0xe0, 0xbf, 0xff, 0xff, 0xfc, 0x30, 0x4, 0x68,
    0xf9, 0x30, 0x0, 0x0, 0x0, 0xf5, 0x0, 0x0,
    0x0, 0x0, 0x72, 0x0, 0x0,

    /* U+0025 "%" */
    0x0, 0xaf, 0xe8, 0x0, 0x0, 0xc, 0xc0, 0x0,
    0x7, 0xf6, 0x7f, 0x50, 0x0, 0x5f, 0x30, 0x0,
    0xd, 0xa0, 0xc, 0xb0, 0x0, 0xea, 0x0, 0x0,
    0xf, 0x70, 0x9, 0xd0, 0x7, 0xf1, 0x0, 0x0,
    0xf, 0x70, 0x9, 0xd0, 0x1f, 0x70, 0x0, 0x0,
    0xd, 0x90, 0xb, 0xc0, 0x9e, 0x2c, 0xfe, 0x40,
    0x8, 0xe2, 0x4f, 0x73, 0xf5, 0xbe, 0x5b, 0xf0,
    0x1, 0xdf, 0xfc, 0xb, 0xc1, 0xf6, 0x1, 0xf6,
    0x0, 0x2, 0x20, 0x4f, 0x33, 0xf4, 0x0, 0xe8,
    0x0, 0x0, 0x0, 0xda, 0x4, 0xf3, 0x0, 0xd9,
    0x0, 0x0, 0x7, 0xf2, 0x2, 0xf3, 0x0, 0xe8,
    0x0, 0x0, 0x1e, 0x80, 0x0, 0xf6, 0x0, 0xf6,
    0x0, 0x0, 0x9e, 0x0, 0x0, 0xac, 0x28, 0xf0,
    0x0, 0x2, 0xf6, 0x0, 0x0, 0x1b, 0xfd, 0x40,

    /* U+0026 "&" */
    0x0, 0x4b, 0xef, 0xc4, 0x0, 0x0, 0x0, 0x3,
    0xfe, 0x88, 0xef, 0x20, 0x0, 0x0, 0x8, 0xf4,
    0x0, 0x5f, 0x70, 0x0, 0x0, 0x8, 0xf3, 0x0,
    0x5f, 0x60, 0x0, 0x0, 0x2, 0xfc, 0x3, 0xee,
    0x10, 0x0, 0x0, 0x0, 0x5f, 0xdf, 0xc2, 0x0,
    0x0, 0x0, 0x0, 0x7f, 0xfe, 0x10, 0x0, 0x3,
    0x20, 0xb, 0xf9, 0x7f, 0xd1, 0x0, 0x4f, 0x70,
    0x8f, 0x80, 0x6, 0xfd, 0x10, 0x9f, 0x20, 0xdf,
    0x0, 0x0, 0x6f, 0xd4, 0xfc, 0x0, 0xef, 0x0,
    0x0, 0x5, 0xff, 0xf3, 0x0, 0xbf, 0x50, 0x0,
    0x3, 0xef, 0xe2, 0x0, 0x3f, 0xf9, 0x67, 0xbf,
    0xe8, 0xfe, 0x20, 0x2, 0xad, 0xfe, 0xc7, 0x0,
    0x5f, 0xe2,

    /* U+0027 "'" */
    0xaf, 0x29, 0xf1, 0x8f, 0x6, 0xe0, 0x5d, 0x0,
    0x20,

    /* U+0028 "(" */
    0x0, 0x9, 0xf2, 0x0, 0x4f, 0x70, 0x0, 0xde,
    0x0, 0x3, 0xf8, 0x0, 0x9, 0xf3, 0x0, 0xd,
    0xf0, 0x0, 0xf, 0xc0, 0x0, 0x1f, 0xa0, 0x0,
    0x2f, 0x90, 0x0, 0x2f, 0xa0, 0x0, 0x1f, 0xb0,
    0x0, 0xf, 0xd0, 0x0, 0xb, 0xf1, 0x0, 0x7,
    0xf5, 0x0, 0x1, 0xfb, 0x0, 0x0, 0x9f, 0x20,
    0x0, 0x1e, 0xc0, 0x0, 0x3, 0x81,

    /* U+0029 ")" */
    0x2f, 0x90, 0x0, 0x7, 0xf4, 0x0, 0x0, 0xec,
    0x0, 0x0, 0x9f, 0x30, 0x0, 0x3f, 0x90, 0x0,
    0xf, 0xc0, 0x0, 0xc, 0xf0, 0x0, 0xa, 0xf1,
    0x0, 0x9, 0xf2, 0x0, 0xa, 0xf2, 0x0, 0xb,
    0xf1, 0x0, 0xd, 0xf0, 0x0, 0x1f, 0xb0, 0x0,
    0x5f, 0x70, 0x0, 0xcf, 0x10, 0x2, 0xf9, 0x0,
    0xc, 0xe1, 0x0, 0x18, 0x30, 0x0,

    /* U+002A "*" */
    0x0, 0x0, 0x7f, 0x60, 0x0, 0x0, 0x0, 0x5,
    0xf4, 0x0, 0x0, 0x1, 0x0, 0x3f, 0x20, 0x1,
    0x0, 0xfd, 0x85, 0xf5, 0x8d, 0xf0, 0x1b, 0xcd,
    0xff, 0xfd, 0xcb, 0x10, 0x0, 0x1e, 0xed, 0x0,
    0x0, 0x0, 0xa, 0xf3, 0xfa, 0x0, 0x0, 0x6,
    0xf9, 0x9, 0xf6, 0x0, 0x0, 0x4d, 0x20, 0x2d,
    0x40, 0x0, 0x0, 0x0, 0x0, 0x0, 0x0,

    /* U+002B "+" */
    0x0, 0x0, 0xc5, 0x0, 0x0, 0x0, 0x0, 0xf6,
    0x0, 0x0, 0x0, 0x0, 0xf6, 0x0, 0x0, 0x0,
    0x0, 0xf6, 0x0, 0x0, 0x11, 0x11, 0xf7, 0x11,
    0x10, 0xff, 0xff, 0xff, 0xff, 0xf6, 0x44, 0x44,
    0xf9, 0x44, 0x41, 0x0, 0x0, 0xf6, 0x0, 0x0,
    0x0, 0x0, 0xf6, 0x0, 0x0, 0x0, 0x0, 0xf6,
    0x0, 0x0,

    /* U+002C "," */
    0x3, 0xfb, 0x6, 0xf7, 0x9, 0xf1, 0xd, 0xb0,
    0x1f, 0x50,

    /* U+002D "-" */
    0x19, 0x99, 0x95, 0x3f, 0xff, 0xfa,

    /* U+002E "." */
    0x2a, 0x58, 0xfe, 0x4f, 0x90,

    /* U+002F "/" */
    0x0, 0x0, 0xa, 0xf1, 0x0, 0x0, 0x1f, 0xa0,
    0x0, 0x0, 0x6f, 0x40, 0x0, 0x0, 0xde, 0x0,
    0x0, 0x3, 0xf8, 0x0, 0x0, 0x9, 0xf2, 0x0,
    0x0, 0xe, 0xc0, 0x0, 0x0, 0x5f, 0x60, 0x0,
    0x0, 0xbf, 0x0, 0x0, 0x1, 0xfa, 0x0, 0x0,
    0x7, 0xf3, 0x0, 0x0, 0xd, 0xd0, 0x0, 0x0,
    0x3f, 0x70, 0x0, 0x0, 0x9f, 0x10, 0x0, 0x0,

    /* U+0030 "0" */
    0x0, 0x7, 0xdf, 0xea, 0x10, 0x0, 0x9, 0xfc,
    0x8a, 0xfe, 0x10, 0x3, 0xfa, 0x0, 0x4, 0xf9,
    0x0, 0x9f, 0x20, 0x0, 0xc, 0xf0, 0xc, 0xe0,
    0x0, 0x0, 0x8f, 0x30, 0xec, 0x0, 0x0, 0x6,
    0xf5, 0xf, 0xb0, 0x0, 0x0, 0x5f, 0x60, 0xfb,
    0x0, 0x0, 0x5, 0xf6, 0xf, 0xc0, 0x0, 0x0,
    0x6f, 0x50, 0xce, 0x0, 0x0, 0x8, 0xf3, 0x9,
    0xf2, 0x0, 0x0, 0xcf, 0x0, 0x3f, 0xa0, 0x0,
    0x4f, 0xa0, 0x0, 0x9f, 0xc8, 0xaf, 0xe1, 0x0,
    0x0, 0x7d, 0xfe, 0xa2, 0x0,

    /* U+0031 "1" */
    0x0, 0x2, 0xdf, 0x10, 0x5, 0xff, 0xf1, 0x9,
    0xfa, 0x9f, 0x10, 0xb7, 0x9, 0xf1, 0x0, 0x0,
    0xaf, 0x10, 0x0, 0xa, 0xf1, 0x0, 0x0, 0xaf,
    0x10, 0x0, 0xa, 0xf1, 0x0, 0x0, 0xaf, 0x10,
    0x0, 0xa, 0xf1, 0x0, 0x0, 0xaf, 0x10, 0x0,
    0xa, 0xf1, 0x0, 0x0, 0xaf, 0x10, 0x0, 0xa,
    0xf1,

    /* U+0032 "2" */
    0x0, 0x3a, 0xef, 0xda, 0x20, 0x0, 0x8f, 0xe9,
    0x8b, 0xff, 0x20, 0x3, 0x70, 0x0, 0x6, 0xfa,
    0x0, 0x0, 0x0, 0x0, 0xf, 0xc0, 0x0, 0x0,
    0x0, 0x1, 0xfb, 0x0, 0x0, 0x0, 0x0, 0x6f,
    0x60, 0x0, 0x0, 0x0, 0x1e, 0xd0, 0x0, 0x0,
    0x0, 0x1d, 0xe2, 0x0, 0x0, 0x0, 0x1c, 0xf3,
    0x0, 0x0, 0x0, 0x1d, 0xe3, 0x0, 0x0, 0x0,
    0x1d, 0xe3, 0x0, 0x0, 0x0, 0x1d, 0xe2, 0x0,
    0x0, 0x0, 0xe, 0xfc, 0xaa, 0xaa, 0xaa, 0x40,
    0xff, 0xff, 0xff, 0xff, 0xf6,

    /* U+0033 "3" */
    0x0, 0x6b, 0xef, 0xeb, 0x40, 0x0, 0xbf, 0xc8,
    0x8a, 0xff, 0x50, 0x2, 0x30, 0x0, 0x3, 0xfc,
    0x0, 0x0, 0x0, 0x0, 0xf, 0xc0, 0x0, 0x0,
    0x0, 0x7, 0xf7, 0x0, 0x0, 0x78, 0x9d, 0xe7,
    0x0, 0x0, 0xe, 0xff, 0xfa, 0x50, 0x0, 0x0,
    0x0, 0x14, 0xbf, 0x80, 0x0, 0x0, 0x0, 0x0,
    0xcf, 0x10, 0x0, 0x0, 0x0, 0x9, 0xf4, 0x0,
    0x0, 0x0, 0x0, 0xbf, 0x30, 0x30, 0x0, 0x0,
    0x4f, 0xd0, 0x1f, 0xda, 0x88, 0xbf, 0xf3, 0x0,
    0x7c, 0xef, 0xfd, 0x92, 0x0,

    /* U+0034 "4" */
    0x0, 0x0, 0x0, 0x3f, 0xf0, 0x0, 0x0, 0x0,
    0x1, 0xef, 0xf0, 0x0, 0x0, 0x0, 0xb, 0xdb,
    0xf0, 0x0, 0x0, 0x0, 0x7f, 0x3b, 0xf0, 0x0,
    0x0, 0x3, 0xf7, 0xb, 0xf0, 0x0, 0x0, 0xd,
    0xb0, 0xb, 0xf0, 0x0, 0x0, 0xae, 0x10, 0xb,
    0xf0, 0x0, 0x6, 0xf4, 0x0, 0xb, 0xf0, 0x0,
    0x2f, 0x80, 0x0, 0xb, 0xf0, 0x0, 0x9f, 0xff,
    0xff, 0xff, 0xff, 0xf0, 0x59, 0x99, 0x99, 0x9e,
    0xf9, 0x90, 0x0, 0x0, 0x0, 0xb, 0xf0, 0x0,
    0x0, 0x0, 0x0, 0xb, 0xf0, 0x0, 0x0, 0x0,
    0x0, 0xb, 0xf0, 0x0,

    /* U+0035 "5" */
    0xe, 0xff, 0xff, 0xff, 0x40, 0xf, 0xd9, 0x99,
    0x99, 0x20, 0x1f, 0x80, 0x0, 0x0, 0x0, 0x2f,
    0x70, 0x0, 0x0, 0x0, 0x4f, 0x50, 0x0, 0x0,
    0x0, 0x5f, 0xee, 0xfe, 0xb3, 0x0, 0x2b, 0xa8,
    0x9b, 0xff, 0x50, 0x0, 0x0, 0x0, 0x3f, 0xe0,
    0x0, 0x0, 0x0, 0xa, 0xf3, 0x0, 0x0, 0x0,
    0x8, 0xf4, 0x0, 0x0, 0x0, 0xb, 0xf2, 0x30,
    0x0, 0x0, 0x5f, 0xc0, 0xbe, 0xb9, 0x9c, 0xfe,
    0x20, 0x4b, 0xdf, 0xfd, 0x81, 0x0,

    /* U+0036 "6" */
    0x0, 0x5, 0xbe, 0xff, 0x50, 0x0, 0xbf, 0xd8,
    0x77, 0x30, 0x9, 0xf7, 0x0, 0x0, 0x0, 0x2f,
    0x90, 0x0, 0x0, 0x0, 0x7f, 0x30, 0x1, 0x0,
    0x0, 0xbf, 0x2b, 0xff, 0xf9, 0x0, 0xdf, 0xda,
    0x55, 0xbf, 0xb0, 0xef, 0x60, 0x0, 0xb, 0xf3,
    0xde, 0x0, 0x0, 0x5, 0xf7, 0xcf, 0x0, 0x0,
    0x4, 0xf7, 0x8f, 0x30, 0x0, 0x6, 0xf5, 0x2f,
    0xc0, 0x0, 0x1d, 0xf1, 0x7, 0xfd, 0x99, 0xef,
    0x60, 0x0, 0x4c, 0xff, 0xc5, 0x0,

    /* U+0037 "7" */
    0x2f, 0xff, 0xff, 0xff, 0xff, 0x71, 0x99, 0x99,
    0x99, 0x9c, 0xf5, 0x0, 0x0, 0x0, 0x0, 0xde,
    0x0, 0x0, 0x0, 0x0, 0x5f, 0x70, 0x0, 0x0,
    0x0, 0xc, 0xf1, 0x0, 0x0, 0x0, 0x4, 0xf8,
    0x0, 0x0, 0x0, 0x0, 0xbf, 0x10, 0x0, 0x0,
    0x0, 0x3f, 0xa0, 0x0, 0x0, 0x0, 0xa, 0xf2,
    0x0, 0x0, 0x0, 0x2, 0xfb, 0x0, 0x0, 0x0,
    0x0, 0xaf, 0x40, 0x0, 0x0, 0x0, 0x1f, 0xc0,
    0x0, 0x0, 0x0, 0x9, 0xf5, 0x0, 0x0, 0x0,
    0x1, 0xfd, 0x0, 0x0, 0x0,

    /* U+0038 "8" */
    0x0, 0x19, 0xdf, 0xeb, 0x40, 0x0, 0x1e, 0xfa,
    0x78, 0xef, 0x60, 0x7, 0xf6, 0x0, 0x1, 0xfd,
    0x0, 0x8f, 0x30, 0x0, 0xd, 0xf0, 0x4, 0xf8,
    0x0, 0x2, 0xfa, 0x0, 0x9, 0xfa, 0x36, 0xec,
    0x0, 0x0, 0x8, 0xff, 0xfa, 0x0, 0x0, 0x6,
    0xfd, 0x7d, 0xfa, 0x10, 0x6, 0xf8, 0x0, 0x6,
    0xfc, 0x0, 0xed, 0x0, 0x0, 0x7, 0xf4, 0xf,
    0xc0, 0x0, 0x0, 0x5f, 0x60, 0xdf, 0x20, 0x0,
    0xb, 0xf3, 0x4, 0xff, 0x97, 0x8c, 0xfa, 0x0,
    0x3, 0xae, 0xfe, 0xc5, 0x0,

    /* U+0039 "9" */
    0x1, 0x9e, 0xfe, 0x81, 0x0, 0x1e, 0xfb, 0x8a,
    0xfd, 0x10, 0x9f, 0x50, 0x0, 0x3f, 0xa0, 0xed,
    0x0, 0x0, 0x9, 0xf0, 0xfc, 0x0, 0x0, 0x6,
    0xf4, 0xde, 0x0, 0x0, 0xa, 0xf5, 0x7f, 0xb3,
    0x13, 0xae, 0xf6, 0x8, 0xff, 0xff, 0x98, 0xf5,
    0x0, 0x3, 0x31, 0x9, 0xf2, 0x0, 0x0, 0x0,
    0xd, 0xf0, 0x0, 0x0, 0x0, 0x4f, 0x90, 0x0,
    0x0, 0x3, 0xef, 0x20, 0x9, 0x78, 0xbf, 0xf4,
    0x0, 0xd, 0xff, 0xd8, 0x10, 0x0,

    /* U+003A ":" */
    0x4f, 0x98, 0xfe, 0x2a, 0x50, 0x0, 0x0, 0x0,
    0x0, 0x0, 0x0, 0x0, 0x2a, 0x58, 0xfe, 0x4f,
    0x90,

    /* U+003B ";" */
    0x4, 0xf8, 0x8, 0xfd, 0x2, 0xa5, 0x0, 0x0,
    0x0, 0x0, 0x0, 0x0, 0x0, 0x0, 0x0, 0x0,
    0x0, 0x0, 0x7, 0xf8, 0x9, 0xf4, 0xd, 0xe0,
    0xf, 0x80, 0x4e, 0x20,

    /* U+003C "<" */
    0x0, 0x0, 0x0, 0x0, 0x0, 0x0, 0x0, 0x0,
    0x4, 0xc6, 0x0, 0x0, 0x4, 0xcf, 0xc2, 0x0,
    0x4, 0xcf, 0xb3, 0x0, 0x4, 0xcf, 0xa3, 0x0,
    0x0, 0xcf, 0x92, 0x0, 0x0, 0x0, 0xbf, 0xd6,
    0x0, 0x0, 0x0, 0x2, 0x9f, 0xf8, 0x20, 0x0,
    0x0, 0x1, 0x7e, 0xfb, 0x40, 0x0, 0x0, 0x0,
    0x5c, 0xf6, 0x0, 0x0, 0x0, 0x0, 0x43,

    /* U+003D "=" */
    0x12, 0x22, 0x22, 0x22, 0x20, 0xef, 0xff, 0xff,
    0xff, 0xf4, 0x45, 0x55, 0x55, 0x55, 0x51, 0x0,
    0x0, 0x0, 0x0, 0x0, 0x12, 0x22, 0x22, 0x22,
    0x20, 0xef, 0xff, 0xff, 0xff, 0xf4, 0x44, 0x44,
    0x44, 0x44, 0x41,

    /* U+003E ">" */
    0x0, 0x0, 0x0, 0x0, 0x0, 0xe7, 0x0, 0x0,
    0x0, 0x0, 0x9f, 0xe7, 0x0, 0x0, 0x0, 0x1,
    0x8f, 0xe7, 0x0, 0x0, 0x0, 0x0, 0x7e, 0xe7,
    0x0, 0x0, 0x0, 0x0, 0x7e, 0xe4, 0x0, 0x0,
    0x3, 0x9f, 0xe4, 0x0, 0x5, 0xcf, 0xc5, 0x0,
    0x28, 0xef, 0xa3, 0x0, 0x0, 0xff, 0x82, 0x0,
    0x0, 0x0, 0x70, 0x0, 0x0, 0x0, 0x0,

    /* U+003F "?" */
    0x28, 0xdf, 0xfd, 0x60, 0x8, 0xfc, 0xa9, 0xdf,
    0x90, 0x11, 0x0, 0x0, 0xcf, 0x0, 0x0, 0x0,
    0x9, 0xf2, 0x0, 0x0, 0x0, 0xde, 0x0, 0x0,
    0x0, 0xbf, 0x40, 0x0, 0x1, 0xce, 0x40, 0x0,
    0x0, 0xbe, 0x20, 0x0, 0x0, 0x1f, 0x60, 0x0,
    0x0, 0x2, 0xc2, 0x0, 0x0, 0x0, 0x0, 0x0,
    0x0, 0x0, 0x3, 0xa4, 0x0, 0x0, 0x0, 0x9f,
    0xc0, 0x0, 0x0, 0x5, 0xf7, 0x0, 0x0,

    /* U+0040 "@" */
    0x0, 0x0, 0x18, 0xce, 0xfe, 0xc7, 0x10, 0x0,
    0x0, 0x8, 0xfe, 0x97, 0x56, 0x9e, 0xf6, 0x0,
    0x0, 0xaf, 0x70, 0x0, 0x0, 0x0, 0x8f, 0x60,
    0x7, 0xf4, 0x0, 0x9e, 0xfe, 0xc4, 0x8, 0xf1,
    0x1f, 0x80, 0xd, 0xe7, 0x47, 0xf6, 0x0, 0xf7,
    0x6f, 0x10, 0x7f, 0x30, 0x2, 0xf5, 0x0, 0xba,
    0xac, 0x0, 0xbe, 0x0, 0x3, 0xf5, 0x0, 0x9c,
    0xca, 0x0, 0xdc, 0x0, 0x4, 0xf4, 0x0, 0xbb,
    0xc9, 0x0, 0xbd, 0x0, 0x8, 0xf4, 0x0, 0xe8,
    0xbb, 0x0, 0x6f, 0x61, 0x4e, 0xd9, 0x18, 0xf1,
    0x8e, 0x0, 0xa, 0xff, 0xf5, 0x3f, 0xfe, 0x30,
    0x2f, 0x60, 0x0, 0x12, 0x0, 0x0, 0x20, 0x0,
    0x9, 0xf4, 0x0, 0x0, 0x0, 0x0, 0x0, 0x0,
    0x0, 0xaf, 0xa5, 0x21, 0x14, 0x8c, 0x0, 0x0,
    0x0, 0x4, 0xbf, 0xff, 0xff, 0xe8, 0x0, 0x0,
    0x0, 0x0, 0x0, 0x23, 0x21, 0x0, 0x0, 0x0,

    /* U+0041 "A" */
    0x0, 0x0, 0xa, 0xf6, 0x0, 0x0, 0x0, 0x0,
    0x0, 0xff, 0xc0, 0x0, 0x0, 0x0, 0x0, 0x6f,
    0x9f, 0x30, 0x0, 0x0, 0x0, 0xd, 0xd1, 0xf9,
    0x0, 0x0, 0x0, 0x3, 0xf7, 0xb, 0xf0, 0x0,
    0x0, 0x0, 0x9f, 0x10, 0x5f, 0x60, 0x0, 0x0,
    0xf, 0xb0, 0x0, 0xec, 0x0, 0x0, 0x6, 0xf5,
    0x0, 0x8, 0xf2, 0x0, 0x0, 0xcf, 0xff, 0xff,
    0xff, 0x90, 0x0, 0x3f, 0xc9, 0x99, 0x99, 0xef,
    0x0, 0x9, 0xf2, 0x0, 0x0, 0x7, 0xf5, 0x0,
    0xfc, 0x0, 0x0, 0x0, 0x1f, 0xc0, 0x6f, 0x60,
    0x0, 0x0, 0x0, 0xaf, 0x2c, 0xf0, 0x0, 0x0,
    0x0, 0x4, 0xf9,

    /* U+0042 "B" */
    0x1f, 0xff, 0xff, 0xec, 0x81, 0x1, 0xfe, 0x88,
    0x9a, 0xef, 0xd0, 0x1f, 0xb0, 0x0, 0x0, 0xcf,
    0x51, 0xfb, 0x0, 0x0, 0x7, 0xf6, 0x1f, 0xb0,
    0x0, 0x0, 0xcf, 0x21, 0xfd, 0x88, 0x89, 0xdd,
    0x40, 0x1f, 0xff, 0xff, 0xff, 0x82, 0x1, 0xfb,
    0x0, 0x1, 0x5e, 0xf3, 0x1f, 0xb0, 0x0, 0x0,
    0x4f, 0xb1, 0xfb, 0x0, 0x0, 0x0, 0xfe, 0x1f,
    0xb0, 0x0, 0x0, 0x2f, 0xd1, 0xfb, 0x0, 0x0,
    0xa, 0xf9, 0x1f, 0xe8, 0x88, 0x9d, 0xfd, 0x11,
    0xff, 0xff, 0xff, 0xd8, 0x10,

    /* U+0043 "C" */
    0x0, 0x2, 0x9d, 0xef, 0xda, 0x50, 0x0, 0x7f,
    0xfc, 0xaa, 0xcf, 0xb0, 0x6, 0xfe, 0x30, 0x0,
    0x1, 0x10, 0x1f, 0xf2, 0x0, 0x0, 0x0, 0x0,
    0x6f, 0x90, 0x0, 0x0, 0x0, 0x0, 0xaf, 0x40,
    0x0, 0x0, 0x0, 0x0, 0xbf, 0x20, 0x0, 0x0,
    0x0, 0x0, 0xbf, 0x20, 0x0, 0x0, 0x0, 0x0,
    0xaf, 0x40, 0x0, 0x0, 0x0, 0x0, 0x6f, 0x80,
    0x0, 0x0, 0x0, 0x0, 0x1f, 0xf1, 0x0, 0x0,
    0x0, 0x0, 0x8, 0xfd, 0x20, 0x0, 0x0, 0x0,
    0x0, 0x9f, 0xfc, 0xaa, 0xbe, 0x70, 0x0, 0x4,
    0xad, 0xff, 0xea, 0x30,

    /* U+0044 "D" */
    0x1f, 0xff, 0xff, 0xeb, 0x60, 0x0, 0x1, 0xfe,
    0x88, 0x9a, 0xef, 0xd3, 0x0, 0x1f, 0xb0, 0x0,
    0x0, 0x7f, 0xe2, 0x1, 0xfb, 0x0, 0x0, 0x0,
    0x6f, 0xa0, 0x1f, 0xb0, 0x0, 0x0, 0x0, 0xef,
    0x11, 0xfb, 0x0, 0x0, 0x0, 0xa, 0xf3, 0x1f,
    0xb0, 0x0, 0x0, 0x0, 0x8f, 0x51, 0xfb, 0x0,
    0x0, 0x0, 0x8, 0xf5, 0x1f, 0xb0, 0x0, 0x0,
    0x0, 0xaf, 0x31, 0xfb, 0x0, 0x0, 0x0, 0xe,
    0xf0, 0x1f, 0xb0, 0x0, 0x0, 0x8, 0xf9, 0x1,
    0xfb, 0x0, 0x0, 0x8, 0xfe, 0x10, 0x1f, 0xe8,
    0x89, 0xbf, 0xfd, 0x20, 0x1, 0xff, 0xff, 0xfe,
    0xa5, 0x0, 0x0,

    /* U+0045 "E" */
    0x1f, 0xff, 0xff, 0xff, 0xe1, 0xfe, 0x99, 0x99,
    0x98, 0x1f, 0xb0, 0x0, 0x0, 0x1, 0xfb, 0x0,
    0x0, 0x0, 0x1f, 0xb0, 0x0, 0x0, 0x1, 0xfe,
    0x99, 0x99, 0x95, 0x1f, 0xff, 0xff, 0xff, 0x91,
    0xfb, 0x0, 0x0, 0x0, 0x1f, 0xb0, 0x0, 0x0,
    0x1, 0xfb, 0x0, 0x0, 0x0, 0x1f, 0xb0, 0x0,
    0x0, 0x1, 0xfb, 0x0, 0x0, 0x0, 0x1f, 0xe9,
    0x99, 0x99, 0x81, 0xff, 0xff, 0xff, 0xfe,

    /* U+0046 "F" */
    0x1f, 0xff, 0xff, 0xff, 0xe1, 0xfe, 0x99, 0x99,
    0x98, 0x1f, 0xb0, 0x0, 0x0, 0x1, 0xfb, 0x0,
    0x0, 0x0, 0x1f, 0xb0, 0x0, 0x0, 0x1, 0xfb,
    0x0, 0x0, 0x0, 0x1f, 0xe9, 0x99, 0x99, 0x51,
    0xff, 0xff, 0xff, 0xf8, 0x1f, 0xb0, 0x0, 0x0,
    0x1, 0xfb, 0x0, 0x0, 0x0, 0x1f, 0xb0, 0x0,
    0x0, 0x1, 0xfb, 0x0, 0x0, 0x0, 0x1f, 0xb0,
    0x0, 0x0, 0x1, 0xfb, 0x0, 0x0, 0x0,

    /* U+0047 "G" */
    0x0, 0x1, 0x7c, 0xef, 0xed, 0x93, 0x0, 0x5,
    0xef, 0xea, 0x9b, 0xdf, 0x90, 0x4, 0xfe, 0x50,
    0x0, 0x0, 0x11, 0x0, 0xef, 0x20, 0x0, 0x0,
    0x0, 0x0, 0x5f, 0x90, 0x0, 0x0, 0x0, 0x0,
    0x9, 0xf4, 0x0, 0x0, 0x0, 0x0, 0x0, 0xbf,
    0x20, 0x0, 0x8, 0x99, 0x99, 0xb, 0xf2, 0x0,
    0x0, 0xdf, 0xff, 0xf1, 0xaf, 0x40, 0x0, 0x0,
    0x0, 0xbf, 0x16, 0xf8, 0x0, 0x0, 0x0, 0xb,
    0xf1, 0x1f, 0xf2, 0x0, 0x0, 0x0, 0xbf, 0x10,
    0x7f, 0xe3, 0x0, 0x0, 0xb, 0xf1, 0x0, 0x8f,
    0xfd, 0xa9, 0x9c, 0xff, 0x10, 0x0, 0x39, 0xdf,
    0xff, 0xda, 0x60,

    /* U+0048 "H" */
    0x1f, 0xb0, 0x0, 0x0, 0x0, 0xfd, 0x1f, 0xb0,
    0x0, 0x0, 0x0, 0xfd, 0x1f, 0xb0, 0x0, 0x0,
    0x0, 0xfd, 0x1f, 0xb0, 0x0, 0x0, 0x0, 0xfd,
    0x1f, 0xb0, 0x0, 0x0, 0x0, 0xfd, 0x1f, 0xb0,
    0x0, 0x0, 0x0, 0xfd, 0x1f, 0xff, 0xff, 0xff,
    0xff, 0xfd, 0x1f, 0xe9, 0x99, 0x99, 0x99, 0xfd,
    0x1f, 0xb0, 0x0, 0x0, 0x0, 0xfd, 0x1f, 0xb0,
    0x0, 0x0, 0x0, 0xfd, 0x1f, 0xb0, 0x0, 0x0,
    0x0, 0xfd, 0x1f, 0xb0, 0x0, 0x0, 0x0, 0xfd,
    0x1f, 0xb0, 0x0, 0x0, 0x0, 0xfd, 0x1f, 0xb0,
    0x0, 0x0, 0x0, 0xfd,

    /* U+0049 "I" */
    0x3f, 0xff, 0xff, 0x2, 0xaf, 0x81, 0x0, 0x8f,
    0x40, 0x0, 0x8f, 0x40, 0x0, 0x8f, 0x40, 0x0,
    0x8f, 0x40, 0x0, 0x8f, 0x40, 0x0, 0x8f, 0x40,
    0x0, 0x8f, 0x40, 0x0, 0x8f, 0x40, 0x0, 0x8f,
    0x40, 0x0, 0x8f, 0x40, 0x2, 0xaf, 0x81, 0x3f,
    0xff, 0xff,

    /* U+004A "J" */
    0x0, 0x2, 0xfa, 0x0, 0x2, 0xfa, 0x0, 0x2,
    0xfa, 0x0, 0x2, 0xfa, 0x0, 0x2, 0xfa, 0x0,
    0x2, 0xfa, 0x0, 0x2, 0xfa, 0x0, 0x2, 0xfa,
    0x0, 0x2, 0xfa, 0x0, 0x2, 0xfa, 0x0, 0x2,
    0xfa, 0x0, 0x2, 0xfa, 0x0, 0x2, 0xfa, 0x0,
    0x2, 0xfa, 0x0, 0x3, 0xf9, 0x0, 0x7, 0xf7,
    0x6a, 0xbf, 0xe1, 0x7f, 0xea, 0x20,

    /* U+004B "K" */
    0x1f, 0xb0, 0x0, 0x0, 0x6f, 0xa0, 0x1f, 0xb0,
    0x0, 0x5, 0xfb, 0x0, 0x1f, 0xb0, 0x0, 0x3f,
    0xc0, 0x0, 0x1f, 0xb0, 0x2, 0xfd, 0x10, 0x0,
    0x1f, 0xb0, 0x2e, 0xd1, 0x0, 0x0, 0x1f, 0xb1,
    0xde, 0x20, 0x0, 0x0, 0x1f, 0xcd, 0xfc, 0x0,
    0x0, 0x0, 0x1f, 0xfd, 0xbf, 0x80, 0x0, 0x0,
    0x1f, 0xd1, 0xd, 0xf4, 0x0, 0x0, 0x1f, 0xb0,
    0x2, 0xfe, 0x10, 0x0, 0x1f, 0xb0, 0x0, 0x6f,
    0xc0, 0x0, 0x1f, 0xb0, 0x0, 0xa, 0xf8, 0x0,
    0x1f, 0xb0, 0x0, 0x0, 0xdf, 0x40, 0x1f, 0xb0,
    0x0, 0x0, 0x2f, 0xe1,

    /* U+004C "L" */
    0x1f, 0xb0, 0x0, 0x0, 0x1, 0xfb, 0x0, 0x0,
    0x0, 0x1f, 0xb0, 0x0, 0x0, 0x1, 0xfb, 0x0,
    0x0, 0x0, 0x1f, 0xb0, 0x0, 0x0, 0x1, 0xfb,
    0x0, 0x0, 0x0, 0x1f, 0xb0, 0x0, 0x0, 0x1,
    0xfb, 0x0, 0x0, 0x0, 0x1f, 0xb0, 0x0, 0x0,
    0x1, 0xfb, 0x0, 0x0, 0x0, 0x1f, 0xb0, 0x0,
    0x0, 0x1, 0xfb, 0x0, 0x0, 0x0, 0x1f, 0xe9,
    0x99, 0x99, 0x91, 0xff, 0xff, 0xff, 0xff,

    /* U+004D "M" */
    0x1f, 0xfc, 0x0, 0x0, 0x0, 0x0, 0xaf, 0xf3,
    0x1f, 0xff, 0x20, 0x0, 0x0, 0x0, 0xff, 0xf3,
    0x1f, 0xaf, 0x80, 0x0, 0x0, 0x6, 0xfa, 0xf3,
    0x1f, 0x8c, 0xe0, 0x0, 0x0, 0xc, 0xc8, 0xf3,
    0x1f, 0x96, 0xf5, 0x0, 0x0, 0x3f, 0x68, 0xf3,
    0x1f, 0x90, 0xfb, 0x0, 0x0, 0x9f, 0x9, 0xf3,
    0x1f, 0x90, 0xaf, 0x10, 0x0, 0xfa, 0x9, 0xf3,
    0x1f, 0x90, 0x3f, 0x70, 0x5, 0xf3, 0x9, 0xf3,
    0x1f, 0x90, 0xd, 0xd0, 0xc, 0xd0, 0x9, 0xf3,
    0x1f, 0x90, 0x7, 0xf3, 0x2f, 0x70, 0x9, 0xf3,
    0x1f, 0x90, 0x1, 0xfa, 0x8f, 0x10, 0x9, 0xf3,
    0x1f, 0x90, 0x0, 0xbf, 0xeb, 0x0, 0x9, 0xf3,
    0x1f, 0x90, 0x0, 0x5f, 0xf4, 0x0, 0x9, 0xf3,
    0x1f, 0x90, 0x0, 0xe, 0xe0, 0x0, 0x9, 0xf3,

    /* U+004E "N" */
    0x1f, 0xf5, 0x0, 0x0, 0x0, 0x6f, 0x41, 0xff,
    0xe1, 0x0, 0x0, 0x6, 0xf4, 0x1f, 0xdf, 0x90,
    0x0, 0x0, 0x6f, 0x41, 0xf8, 0xbf, 0x40, 0x0,
    0x6, 0xf4, 0x1f, 0x82, 0xfd, 0x0, 0x0, 0x6f,
    0x41, 0xf9, 0x6, 0xf8, 0x0, 0x6, 0xf4, 0x1f,
    0x90, 0xc, 0xf3, 0x0, 0x6f, 0x41, 0xf9, 0x0,
    0x2f, 0xc0, 0x6, 0xf4, 0x1f, 0x90, 0x0, 0x7f,
    0x70, 0x6f, 0x41, 0xf9, 0x0, 0x0, 0xcf, 0x26,
    0xf4, 0x1f, 0x90, 0x0, 0x2, 0xfb, 0x5f, 0x41,
    0xf9, 0x0, 0x0, 0x7, 0xfb, 0xf4, 0x1f, 0x90,
    0x0, 0x0, 0xc, 0xff, 0x41, 0xf9, 0x0, 0x0,
    0x0, 0x3f, 0xf4,

    /* U+004F "O" */
    0x0, 0x4, 0xad, 0xfe, 0xc8, 0x10, 0x0, 0x0,
    0x9f, 0xfc, 0x9a, 0xdf, 0xe4, 0x0, 0x8, 0xfc,
    0x10, 0x0, 0x4, 0xff, 0x20, 0x1f, 0xe1, 0x0,
    0x0, 0x0, 0x5f, 0xb0, 0x7f, 0x80, 0x0, 0x0,
    0x0, 0xd, 0xf1, 0xaf, 0x40, 0x0, 0x0, 0x0,
    0xa, 0xf4, 0xbf, 0x20, 0x0, 0x0, 0x0, 0x8,
    0xf5, 0xbf, 0x20, 0x0, 0x0, 0x0, 0x8, 0xf5,
    0xaf, 0x40, 0x0, 0x0, 0x0, 0xa, 0xf4, 0x6f,
    0x80, 0x0, 0x0, 0x0, 0xd, 0xf1, 0x1f, 0xe0,
    0x0, 0x0, 0x0, 0x5f, 0xb0, 0x8, 0xfc, 0x10,
    0x0, 0x4, 0xef, 0x20, 0x0, 0x9f, 0xfb, 0x9a,
    0xdf, 0xe4, 0x0, 0x0, 0x4, 0xad, 0xfe, 0xc8,
    0x10, 0x0,

    /* U+0050 "P" */
    0x1f, 0xff, 0xff, 0xd9, 0x20, 0x1, 0xfe, 0x88,
    0x9d, 0xff, 0x30, 0x1f, 0xb0, 0x0, 0x7, 0xfc,
    0x1, 0xfb, 0x0, 0x0, 0xe, 0xf0, 0x1f, 0xb0,
    0x0, 0x0, 0xdf, 0x1, 0xfb, 0x0, 0x0, 0x2f,
    0xd0, 0x1f, 0xb0, 0x1, 0x5d, 0xf5, 0x1, 0xff,
    0xff, 0xff, 0xf6, 0x0, 0x1f, 0xe9, 0x87, 0x50,
    0x0, 0x1, 0xfb, 0x0, 0x0, 0x0, 0x0, 0x1f,
    0xb0, 0x0, 0x0, 0x0, 0x1, 0xfb, 0x0, 0x0,
    0x0, 0x0, 0x1f, 0xb0, 0x0, 0x0, 0x0, 0x1,
    0xfb, 0x0, 0x0, 0x0, 0x0,

    /* U+0051 "Q" */
    0x0, 0x4, 0xad, 0xfe, 0xc8, 0x10, 0x0, 0x0,
    0x9f, 0xfc, 0x9a, 0xdf, 0xe4, 0x0, 0x8, 0xfc,
    0x10, 0x0, 0x4, 0xff, 0x20, 0x1f, 0xe1, 0x0,
    0x0, 0x0, 0x5f, 0xb0, 0x7f, 0x80, 0x0, 0x0,
    0x0, 0xd, 0xf1, 0xaf, 0x40, 0x0, 0x0, 0x0,
    0xa, 0xf4, 0xbf, 0x20, 0x0, 0x0, 0x0, 0x8,
    0xf5, 0xbf, 0x20, 0x0, 0x0, 0x0, 0x8, 0xf6,
    0xaf, 0x40, 0x0, 0x0, 0x0, 0xa, 0xf4, 0x6f,
    0x80, 0x0, 0x0, 0x0, 0xd, 0xf1, 0x1f, 0xe0,
    0x0, 0x0, 0x0, 0x5f, 0xb0, 0x8, 0xfc, 0x10,
    0x0, 0x4, 0xef, 0x20, 0x0, 0x9f, 0xfb, 0x9a,
    0xdf, 0xf4, 0x0, 0x0, 0x4, 0xad, 0xff, 0xfa,
    0x10, 0x0, 0x0, 0x0, 0x0, 0x4, 0xfe, 0x20,
    0x0, 0x0, 0x0, 0x0, 0x0, 0x5f, 0xe3, 0x0,
    0x0, 0x0, 0x0, 0x0, 0x6, 0xfe, 0x30,

    /* U+0052 "R" */
    0x1f, 0xff, 0xff, 0xda, 0x30, 0x0, 0x1f, 0xe9,
    0x9a, 0xcf, 0xf5, 0x0, 0x1f, 0xb0, 0x0, 0x4,
    0xfd, 0x0, 0x1f, 0xb0, 0x0, 0x0, 0xdf, 0x0,
    0x1f, 0xb0, 0x0, 0x0, 0xef, 0x0, 0x1f, 0xb0,
    0x0, 0x5, 0xfb, 0x0, 0x1f, 0xe8, 0x89, 0xcf,
    0xd1, 0x0, 0x1f, 0xff, 0xff, 0xf8, 0x0, 0x0,
    0x1f, 0xb0, 0x2, 0xfc, 0x0, 0x0, 0x1f, 0xb0,
    0x0, 0x8f, 0x60, 0x0, 0x1f, 0xb0, 0x0, 0xe,
    0xf1, 0x0, 0x1f, 0xb0, 0x0, 0x6, 0xfa, 0x0,
    0x1f, 0xb0, 0x0, 0x0, 0xcf, 0x30, 0x1f, 0xb0,
    0x0, 0x0, 0x3f, 0xd0,

    /* U+0053 "S" */
    0x1, 0x9d, 0xfe, 0xd9, 0x30, 0x2e, 0xfc, 0x9a,
    0xdf, 0x70, 0xaf, 0x60, 0x0, 0x1, 0x0, 0xcf,
    0x0, 0x0, 0x0, 0x0, 0x9f, 0x40, 0x0, 0x0,
    0x0, 0x2f, 0xe6, 0x0, 0x0, 0x0, 0x3, 0xdf,
    0xe9, 0x20, 0x0, 0x0, 0x4, 0xbf, 0xf9, 0x0,
    0x0, 0x0, 0x1, 0xbf, 0x90, 0x0, 0x0, 0x0,
    0xe, 0xf0, 0x0, 0x0, 0x0, 0xd, 0xf0, 0x30,
    0x0, 0x0, 0x4f, 0xc0, 0xfe, 0xba, 0xac, 0xff,
    0x30, 0x7c, 0xef, 0xed, 0x81, 0x0,

    /* U+0054 "T" */
    0xcf, 0xff, 0xff, 0xff, 0xff, 0xe7, 0x99, 0x9b,
    0xfc, 0x99, 0x98, 0x0, 0x0, 0x5f, 0x70, 0x0,
    0x0, 0x0, 0x5, 0xf7, 0x0, 0x0, 0x0, 0x0,
    0x5f, 0x70, 0x0, 0x0, 0x0, 0x5, 0xf7, 0x0,
    0x0, 0x0, 0x0, 0x5f, 0x70, 0x0, 0x0, 0x0,
    0x5, 0xf7, 0x0, 0x0, 0x0, 0x0, 0x5f, 0x70,
    0x0, 0x0, 0x0, 0x5, 0xf7, 0x0, 0x0, 0x0,
    0x0, 0x5f, 0x70, 0x0, 0x0, 0x0, 0x5, 0xf7,
    0x0, 0x0, 0x0, 0x0, 0x5f, 0x70, 0x0, 0x0,
    0x0, 0x5, 0xf7, 0x0, 0x0,

    /* U+0055 "U" */
    0x3f, 0x90, 0x0, 0x0, 0x0, 0xfc, 0x3f, 0x90,
    0x0, 0x0, 0x0, 0xfc, 0x3f, 0x90, 0x0, 0x0,
    0x0, 0xfc, 0x3f, 0x90, 0x0, 0x0, 0x0, 0xfc,
    0x3f, 0x90, 0x0, 0x0, 0x0, 0xfc, 0x3f, 0x90,
    0x0, 0x0, 0x0, 0xfc, 0x3f, 0x90, 0x0, 0x0,
    0x0, 0xfc, 0x3f, 0x90, 0x0, 0x0, 0x0, 0xfc,
    0x3f, 0x90, 0x0, 0x0, 0x0, 0xfc, 0x2f, 0xa0,
    0x0, 0x0, 0x1, 0xfb, 0xf, 0xe0, 0x0, 0x0,
    0x5, 0xf8, 0x9, 0xf9, 0x0, 0x0, 0x1d, 0xf2,
    0x0, 0xcf, 0xeb, 0x9b, 0xff, 0x60, 0x0, 0x7,
    0xcf, 0xfe, 0xa3, 0x0,

    /* U+0056 "V" */
    0xdf, 0x10, 0x0, 0x0, 0x1, 0xfd, 0x7f, 0x60,
    0x0, 0x0, 0x7, 0xf7, 0x1f, 0xc0, 0x0, 0x0,
    0xc, 0xf1, 0xb, 0xf2, 0x0, 0x0, 0x2f, 0xb0,
    0x5, 0xf7, 0x0, 0x0, 0x8f, 0x50, 0x0, 0xfd,
    0x0, 0x0, 0xdf, 0x0, 0x0, 0xaf, 0x30, 0x3,
    0xfa, 0x0, 0x0, 0x4f, 0x80, 0x9, 0xf4, 0x0,
    0x0, 0xe, 0xe0, 0xe, 0xe0, 0x0, 0x0, 0x8,
    0xf4, 0x4f, 0x80, 0x0, 0x0, 0x2, 0xf9, 0x9f,
    0x20, 0x0, 0x0, 0x0, 0xdd, 0xdd, 0x0, 0x0,
    0x0, 0x0, 0x7f, 0xf7, 0x0, 0x0, 0x0, 0x0,
    0x1f, 0xf1, 0x0, 0x0,

    /* U+0057 "W" */
    0xaf, 0x40, 0x0, 0x0, 0xdf, 0x40, 0x0, 0x0,
    0xaf, 0x35, 0xf8, 0x0, 0x0, 0x2f, 0xf9, 0x0,
    0x0, 0xe, 0xe0, 0x1f, 0xc0, 0x0, 0x7, 0xfd,
    0xe0, 0x0, 0x3, 0xfa, 0x0, 0xdf, 0x0, 0x0,
    0xbe, 0x7f, 0x30, 0x0, 0x7f, 0x60, 0x8, 0xf4,
    0x0, 0x1f, 0xa2, 0xf8, 0x0, 0xb, 0xf1, 0x0,
    0x4f, 0x80, 0x5, 0xf5, 0xd, 0xd0, 0x0, 0xfd,
    0x0, 0x0, 0xfc, 0x0, 0xaf, 0x10, 0x8f, 0x20,
    0x3f, 0x90, 0x0, 0xb, 0xf1, 0xe, 0xc0, 0x4,
    0xf7, 0x7, 0xf4, 0x0, 0x0, 0x7f, 0x53, 0xf7,
    0x0, 0xe, 0xc0, 0xbf, 0x0, 0x0, 0x3, 0xf9,
    0x8f, 0x20, 0x0, 0xaf, 0x1f, 0xc0, 0x0, 0x0,
    0xe, 0xcb, 0xe0, 0x0, 0x5, 0xf7, 0xf7, 0x0,
    0x0, 0x0, 0xaf, 0xe9, 0x0, 0x0, 0xf, 0xdf,
    0x30, 0x0, 0x0, 0x6, 0xff, 0x40, 0x0, 0x0,
    0xbf, 0xf0, 0x0, 0x0, 0x0, 0x1f, 0xf0, 0x0,
    0x0, 0x6, 0xfa, 0x0, 0x0,

    /* U+0058 "X" */
    0x4f, 0xb0, 0x0, 0x0, 0xd, 0xe1, 0xa, 0xf5,
    0x0, 0x0, 0x8f, 0x40, 0x1, 0xee, 0x10, 0x3,
    0xfa, 0x0, 0x0, 0x4f, 0x90, 0xd, 0xe1, 0x0,
    0x0, 0xa, 0xf3, 0x7f, 0x50, 0x0, 0x0, 0x1,
    0xee, 0xfa, 0x0, 0x0, 0x0, 0x0, 0x6f, 0xf1,
    0x0, 0x0, 0x0, 0x0, 0xbf, 0xf6, 0x0, 0x0,
    0x0, 0x5, 0xf7, 0xdf, 0x10, 0x0, 0x0, 0x1e,
    0xc0, 0x3f, 0xb0, 0x0, 0x0, 0xaf, 0x30, 0x9,
    0xf5, 0x0, 0x4, 0xf8, 0x0, 0x0, 0xee, 0x10,
    0xe, 0xe0, 0x0, 0x0, 0x5f, 0xa0, 0x9f, 0x40,
    0x0, 0x0, 0xb, 0xf5,

    /* U+0059 "Y" */
    0xbf, 0x30, 0x0, 0x0, 0xd, 0xf1, 0x2f, 0xb0,
    0x0, 0x0, 0x6f, 0x70, 0x9, 0xf4, 0x0, 0x0,
    0xee, 0x0, 0x1, 0xfc, 0x0, 0x7, 0xf5, 0x0,
    0x0, 0x8f, 0x40, 0x1e, 0xc0, 0x0, 0x0, 0xe,
    0xd0, 0x8f, 0x40, 0x0, 0x0, 0x6, 0xf7, 0xfb,
    0x0, 0x0, 0x0, 0x0, 0xdf, 0xf2, 0x0, 0x0,
    0x0, 0x0, 0x5f, 0xa0, 0x0, 0x0, 0x0, 0x0,
    0x3f, 0x90, 0x0, 0x0, 0x0, 0x0, 0x3f, 0x90,
    0x0, 0x0, 0x0, 0x0, 0x3f, 0x90, 0x0, 0x0,
    0x0, 0x0, 0x3f, 0x90, 0x0, 0x0, 0x0, 0x0,
    0x3f, 0x90, 0x0, 0x0,

    /* U+005A "Z" */
    0xf, 0xff, 0xff, 0xff, 0xff, 0x70, 0x99, 0x99,
    0x99, 0x9f, 0xf5, 0x0, 0x0, 0x0, 0x5, 0xfa,
    0x0, 0x0, 0x0, 0x1, 0xee, 0x10, 0x0, 0x0,
    0x0, 0xbf, 0x50, 0x0, 0x0, 0x0, 0x6f, 0xa0,
    0x0, 0x0, 0x0, 0x1f, 0xe1, 0x0, 0x0, 0x0,
    0xb, 0xf4, 0x0, 0x0, 0x0, 0x6, 0xf9, 0x0,
    0x0, 0x0, 0x2, 0xfd, 0x0, 0x0, 0x0, 0x0,
    0xcf, 0x30, 0x0, 0x0, 0x0, 0x7f, 0x80, 0x0,
    0x0, 0x0, 0x2f, 0xfa, 0x99, 0x99, 0x99, 0x63,
    0xff, 0xff, 0xff, 0xff, 0xfa,

    /* U+005B "[" */
    0x6f, 0xff, 0xf1, 0x6f, 0x97, 0x70, 0x6f, 0x50,
    0x0, 0x6f, 0x50, 0x0, 0x6f, 0x50, 0x0, 0x6f,
    0x50, 0x0, 0x6f, 0x50, 0x0, 0x6f, 0x50, 0x0,
    0x6f, 0x50, 0x0, 0x6f, 0x50, 0x0, 0x6f, 0x50,
    0x0, 0x6f, 0x50, 0x0, 0x6f, 0x50, 0x0, 0x6f,
    0x50, 0x0, 0x6f, 0x50, 0x0, 0x6f, 0x62, 0x20,
    0x6f, 0xff, 0xf1, 0x25, 0x55, 0x50,

    /* U+005C "\\" */
    0x9f, 0x10, 0x0, 0x0, 0x3f, 0x70, 0x0, 0x0,
    0xd, 0xd0, 0x0, 0x0, 0x7, 0xf4, 0x0, 0x0,
    0x1, 0xfa, 0x0, 0x0, 0x0, 0xbf, 0x0, 0x0,
    0x0, 0x5f, 0x60, 0x0, 0x0, 0xe, 0xc0, 0x0,
    0x0, 0x9, 0xf2, 0x0, 0x0, 0x3, 0xf8, 0x0,
    0x0, 0x0, 0xde, 0x0, 0x0, 0x0, 0x6f, 0x40,
    0x0, 0x0, 0x1f, 0xb0, 0x0, 0x0, 0xa, 0xf1,

    /* U+005D "]" */
    0x8f, 0xff, 0xf3, 0x77, 0xdf, 0x0, 0xb, 0xf0,
    0x0, 0xbf, 0x0, 0xb, 0xf0, 0x0, 0xbf, 0x0,
    0xb, 0xf0, 0x0, 0xbf, 0x0, 0xb, 0xf0, 0x0,
    0xbf, 0x0, 0xb, 0xf0, 0x0, 0xbf, 0x0, 0xb,
    0xf0, 0x0, 0xbf, 0x0, 0xb, 0xf1, 0x22, 0xcf,
    0x8f, 0xff, 0xf2, 0x55, 0x54,

    /* U+005E "^" */
    0x0, 0x0, 0x3f, 0x40, 0x0, 0x0, 0x0, 0xb,
    0xfc, 0x0, 0x0, 0x0, 0x2, 0xf6, 0xf4, 0x0,
    0x0, 0x0, 0xac, 0xa, 0xd0, 0x0, 0x0, 0x2f,
    0x50, 0x2f, 0x50, 0x0, 0x9, 0xd0, 0x0, 0xad,
    0x0, 0x1, 0xf6, 0x0, 0x2, 0xf6, 0x0, 0x8e,
    0x0, 0x0, 0xa, 0xe0, 0xf, 0x80, 0x0, 0x0,
    0x2f, 0x60,

    /* U+005F "_" */
    0x1, 0x11, 0x11, 0x11, 0x10, 0xf, 0xff, 0xff,
    0xff, 0xfe, 0x3, 0x33, 0x33, 0x33, 0x33,

    /* U+0060 "`" */
    0x1d, 0xf3, 0x0, 0x2e, 0xc0, 0x0, 0x2d, 0x90,

    /* U+0061 "a" */
    0x0, 0x39, 0xdf, 0xfb, 0x30, 0x0, 0xbe, 0x97,
    0x9f, 0xf2, 0x0, 0x20, 0x0, 0x7, 0xf7, 0x0,
    0x0, 0x0, 0x3, 0xf9, 0x0, 0x0, 0x0, 0x2,
    0xf9, 0x0, 0x5b, 0xef, 0xff, 0xf9, 0x8, 0xfc,
    0x53, 0x35, 0xf9, 0xf, 0xe0, 0x0, 0x3, 0xf9,
    0xf, 0xc0, 0x0, 0x9, 0xf9, 0xb, 0xf8, 0x45,
    0xad, 0xf9, 0x1, 0x9e, 0xfe, 0x90, 0xc9,

    /* U+0062 "b" */
    0x4f, 0x70, 0x0, 0x0, 0x0, 0x4, 0xf7, 0x0,
    0x0, 0x0, 0x0, 0x4f, 0x70, 0x0, 0x0, 0x0,
    0x4, 0xf7, 0x0, 0x0, 0x0, 0x0, 0x4f, 0x65,
    0xcf, 0xea, 0x20, 0x4, 0xfc, 0xf9, 0x8b, 0xfe,
    0x10, 0x4f, 0xf2, 0x0, 0x6, 0xfa, 0x4, 0xfa,
    0x0, 0x0, 0xe, 0xf0, 0x4f, 0x80, 0x0, 0x0,
    0xbf, 0x24, 0xf7, 0x0, 0x0, 0xa, 0xf3, 0x4f,
    0x80, 0x0, 0x0, 0xbf, 0x24, 0xfb, 0x0, 0x0,
    0xe, 0xf0, 0x4f, 0xf2, 0x0, 0x6, 0xfa, 0x4,
    0xfb, 0xf9, 0x7a, 0xfe, 0x10, 0x4f, 0x16, 0xdf,
    0xea, 0x20, 0x0,

    /* U+0063 "c" */
    0x0, 0x5c, 0xef, 0xd8, 0x9, 0xfe, 0xa9, 0xc9,
    0x4f, 0xc1, 0x0, 0x0, 0xaf, 0x40, 0x0, 0x0,
    0xcf, 0x0, 0x0, 0x0, 0xef, 0x0, 0x0, 0x0,
    0xdf, 0x0, 0x0, 0x0, 0xaf, 0x40, 0x0, 0x0,
    0x4f, 0xc0, 0x0, 0x0, 0xa, 0xfd, 0x99, 0xbb,
    0x0, 0x6c, 0xff, 0xd6,

    /* U+0064 "d" */
    0x0, 0x0, 0x0, 0x2, 0xf9, 0x0, 0x0, 0x0,
    0x2, 0xf9, 0x0, 0x0, 0x0, 0x2, 0xf9, 0x0,
    0x0, 0x0, 0x2, 0xf9, 0x0, 0x8d, 0xfe, 0x82,
    0xf9, 0xb, 0xfc, 0x88, 0xdc, 0xf9, 0x5f, 0xb0,
    0x0, 0xd, 0xf9, 0xaf, 0x40, 0x0, 0x6, 0xf9,
    0xdf, 0x0, 0x0, 0x3, 0xf9, 0xef, 0x0, 0x0,
    0x2, 0xf9, 0xdf, 0x0, 0x0, 0x3, 0xf9, 0xbf,
    0x30, 0x0, 0x5, 0xf9, 0x5f, 0xb0, 0x0, 0xc,
    0xf9, 0xb, 0xfc, 0x78, 0xdb, 0xf9, 0x0, 0x8e,
    0xfe, 0x80, 0xe9,

    /* U+0065 "e" */
    0x0, 0x5c, 0xfe, 0xb3, 0x0, 0x8, 0xfb, 0x88,
    0xef, 0x50, 0x3f, 0x80, 0x0, 0x1e, 0xe0, 0x9f,
    0x21, 0x11, 0x1b, 0xf2, 0xcf, 0xff, 0xff, 0xff,
    0xf4, 0xef, 0x44, 0x44, 0x44, 0x41, 0xdf, 0x10,
    0x0, 0x0, 0x0, 0xaf, 0x50, 0x0, 0x0, 0x0,
    0x3f, 0xe1, 0x0, 0x0, 0x20, 0x8, 0xff, 0x98,
    0xad, 0xc0, 0x0, 0x4b, 0xef, 0xeb, 0x50,

    /* U+0066 "f" */
    0x0, 0x6, 0xdf, 0xe7, 0x0, 0x6f, 0xd7, 0x84,
    0x0, 0xbf, 0x10, 0x0, 0x0, 0xcf, 0x0, 0x0,
    0x6d, 0xff, 0xff, 0xa0, 0x46, 0xef, 0x66, 0x30,
    0x0, 0xdf, 0x0, 0x0, 0x0, 0xdf, 0x0, 0x0,
    0x0, 0xdf, 0x0, 0x0, 0x0, 0xdf, 0x0, 0x0,
    0x0, 0xdf, 0x0, 0x0, 0x0, 0xdf, 0x0, 0x0,
    0x0, 0xdf, 0x0, 0x0, 0x0, 0xdf, 0x0, 0x0,
    0x0, 0xdf, 0x0, 0x0,

    /* U+0067 "g" */
    0x0, 0x8d, 0xfd, 0x80, 0xe9, 0xb, 0xfd, 0x8a,
    0xeb, 0xf9, 0x5f, 0xb0, 0x0, 0x1d, 0xf9, 0xaf,
    0x30, 0x0, 0x6, 0xf9, 0xdf, 0x0, 0x0, 0x3,
    0xf9, 0xef, 0x0, 0x0, 0x2, 0xf9, 0xdf, 0x0,
    0x0, 0x2, 0xf9, 0xaf, 0x30, 0x0, 0x4, 0xf9,
    0x5f, 0xa0, 0x0, 0xb, 0xf9, 0xb, 0xfc, 0x78,
    0xdc, 0xf9, 0x0, 0x8e, 0xfe, 0x82, 0xf9, 0x0,
    0x0, 0x0, 0x2, 0xf9, 0x0, 0x0, 0x0, 0x5,
    0xf7, 0x2, 0x0, 0x0, 0x1d, 0xf3, 0x1f, 0xc9,
    0x89, 0xef, 0xa0, 0x7, 0xce, 0xff, 0xc7, 0x0,

    /* U+0068 "h" */
    0x4f, 0x70, 0x0, 0x0, 0x0, 0x4f, 0x70, 0x0,
    0x0, 0x0, 0x4f, 0x70, 0x0, 0x0, 0x0, 0x4f,
    0x70, 0x0, 0x0, 0x0, 0x4f, 0x64, 0xcf, 0xeb,
    0x30, 0x4f, 0xbf, 0xa8, 0xaf, 0xf2, 0x4f, 0xf3,
    0x0, 0x6, 0xf8, 0x4f, 0xb0, 0x0, 0x1, 0xfb,
    0x4f, 0x80, 0x0, 0x0, 0xfb, 0x4f, 0x70, 0x0,
    0x0, 0xfb, 0x4f, 0x70, 0x0, 0x0, 0xfb, 0x4f,
    0x70, 0x0, 0x0, 0xfb, 0x4f, 0x70, 0x0, 0x0,
    0xfb, 0x4f, 0x70, 0x0, 0x0, 0xfb, 0x4f, 0x70,
    0x0, 0x0, 0xfb,

    /* U+0069 "i" */
    0x3f, 0x65, 0xf8, 0x3, 0x0, 0x0, 0x4f, 0x74,
    0xf7, 0x4f, 0x74, 0xf7, 0x4f, 0x74, 0xf7, 0x4f,
    0x74, 0xf7, 0x4f, 0x74, 0xf7, 0x4f, 0x70,

    /* U+006A "j" */
    0x0, 0x3, 0xf6, 0x0, 0x5, 0xf8, 0x0, 0x0,
    0x30, 0x0, 0x0, 0x0, 0x0, 0x4, 0xf7, 0x0,
    0x4, 0xf7, 0x0, 0x4, 0xf7, 0x0, 0x4, 0xf7,
    0x0, 0x4, 0xf7, 0x0, 0x4, 0xf7, 0x0, 0x4,
    0xf7, 0x0, 0x4, 0xf7, 0x0, 0x4, 0xf7, 0x0,
    0x4, 0xf7, 0x0, 0x4, 0xf7, 0x0, 0x4, 0xf7,
    0x0, 0x4, 0xf7, 0x0, 0x6, 0xf5, 0x8, 0x8e,
    0xf1, 0x1e, 0xfd, 0x40,

    /* U+006B "k" */
    0x4f, 0x70, 0x0, 0x0, 0x0, 0x4f, 0x70, 0x0,
    0x0, 0x0, 0x4f, 0x70, 0x0, 0x0, 0x0, 0x4f,
    0x70, 0x0, 0x0, 0x0, 0x4f, 0x70, 0x0, 0x5f,
    0xb0, 0x4f, 0x70, 0x4, 0xfc, 0x0, 0x4f, 0x70,
    0x3f, 0xd1, 0x0, 0x4f, 0x62, 0xed, 0x10, 0x0,
    0x4f, 0x7d, 0xf2, 0x0, 0x0, 0x4f, 0xef, 0xf7,
    0x0, 0x0, 0x4f, 0xd2, 0xdf, 0x30, 0x0, 0x4f,
    0x70, 0x3f, 0xd0, 0x0, 0x4f, 0x70, 0x7, 0xfa,
    0x0, 0x4f, 0x70, 0x0, 0xbf, 0x60, 0x4f, 0x70,
    0x0, 0x1e, 0xf2,

    /* U+006C "l" */
    0x4f, 0x74, 0xf7, 0x4f, 0x74, 0xf7, 0x4f, 0x74,
    0xf7, 0x4f, 0x74, 0xf7, 0x4f, 0x74, 0xf7, 0x4f,
    0x74, 0xf7, 0x4f, 0x74, 0xf7, 0x4f, 0x70,

    /* U+006D "m" */
    0x4f, 0x35, 0xcf, 0xe9, 0x0, 0x8d, 0xfd, 0x70,
    0x4, 0xfb, 0xfa, 0x8d, 0xfb, 0xbe, 0x99, 0xef,
    0x80, 0x4f, 0xf3, 0x0, 0xd, 0xfd, 0x10, 0x1,
    0xfe, 0x4, 0xfb, 0x0, 0x0, 0x8f, 0x70, 0x0,
    0xb, 0xf0, 0x4f, 0x80, 0x0, 0x7, 0xf5, 0x0,
    0x0, 0xaf, 0x14, 0xf7, 0x0, 0x0, 0x7f, 0x40,
    0x0, 0xa, 0xf1, 0x4f, 0x70, 0x0, 0x7, 0xf4,
    0x0, 0x0, 0xaf, 0x14, 0xf7, 0x0, 0x0, 0x7f,
    0x40, 0x0, 0xa, 0xf1, 0x4f, 0x70, 0x0, 0x7,
    0xf4, 0x0, 0x0, 0xaf, 0x14, 0xf7, 0x0, 0x0,
    0x7f, 0x40, 0x0, 0xa, 0xf1, 0x4f, 0x70, 0x0,
    0x7, 0xf4, 0x0, 0x0, 0xaf, 0x10,

    /* U+006E "n" */
    0x4f, 0x34, 0xcf, 0xeb, 0x30, 0x4f, 0xbf, 0xa8,
    0xaf, 0xf2, 0x4f, 0xf3, 0x0, 0x6, 0xf8, 0x4f,
    0xb0, 0x0, 0x1, 0xfb, 0x4f, 0x80, 0x0, 0x0,
    0xfb, 0x4f, 0x70, 0x0, 0x0, 0xfb, 0x4f, 0x70,
    0x0, 0x0, 0xfb, 0x4f, 0x70, 0x0, 0x0, 0xfb,
    0x4f, 0x70, 0x0, 0x0, 0xfb, 0x4f, 0x70, 0x0,
    0x0, 0xfb, 0x4f, 0x70, 0x0, 0x0, 0xfb,

    /* U+006F "o" */
    0x0, 0x5c, 0xff, 0xc6, 0x0, 0x0, 0x9f, 0xd8,
    0x8d, 0xfa, 0x0, 0x4f, 0xb0, 0x0, 0xa, 0xf5,
    0xa, 0xf4, 0x0, 0x0, 0x2f, 0xb0, 0xdf, 0x0,
    0x0, 0x0, 0xee, 0xe, 0xf0, 0x0, 0x0, 0xd,
    0xf0, 0xcf, 0x0, 0x0, 0x0, 0xef, 0x9, 0xf4,
    0x0, 0x0, 0x2f, 0xb0, 0x3f, 0xb0, 0x0, 0xa,
    0xf5, 0x0, 0x8f, 0xd8, 0x8c, 0xfa, 0x0, 0x0,
    0x5c, 0xff, 0xc6, 0x0, 0x0,

    /* U+0070 "p" */
    0x4f, 0x35, 0xcf, 0xea, 0x20, 0x4, 0xfb, 0xfa,
    0x8b, 0xfe, 0x10, 0x4f, 0xf3, 0x0, 0x7, 0xfa,
    0x4, 0xfb, 0x0, 0x0, 0xe, 0xf0, 0x4f, 0x80,
    0x0, 0x0, 0xbf, 0x24, 0xf7, 0x0, 0x0, 0xa,
    0xf2, 0x4f, 0x80, 0x0, 0x0, 0xbf, 0x24, 0xfb,
    0x0, 0x0, 0xe, 0xf0, 0x4f, 0xf2, 0x0, 0x7,
    0xfa, 0x4, 0xfc, 0xf9, 0x7a, 0xfe, 0x10, 0x4f,
    0x65, 0xcf, 0xea, 0x20, 0x4, 0xf7, 0x0, 0x0,
    0x0, 0x0, 0x4f, 0x70, 0x0, 0x0, 0x0, 0x4,
    0xf7, 0x0, 0x0, 0x0, 0x0, 0x4f, 0x70, 0x0,
    0x0, 0x0, 0x4, 0xf7, 0x0, 0x0, 0x0, 0x0,

    /* U+0071 "q" */
    0x0, 0x7d, 0xfe, 0x80, 0xe9, 0xb, 0xfc, 0x88,
    0xdb, 0xf9, 0x5f, 0xb0, 0x0, 0xd, 0xf9, 0xaf,
    0x30, 0x0, 0x6, 0xf9, 0xdf, 0x0, 0x0, 0x3,
    0xf9, 0xef, 0x0, 0x0, 0x2, 0xf9, 0xdf, 0x0,
    0x0, 0x3, 0xf9, 0xbf, 0x30, 0x0, 0x5, 0xf9,
    0x5f, 0xb0, 0x0, 0xc, 0xf9, 0xb, 0xfc, 0x89,
    0xdc, 0xf9, 0x0, 0x8e, 0xfd, 0x82, 0xf9, 0x0,
    0x0, 0x0, 0x2, 0xf9, 0x0, 0x0, 0x0, 0x2,
    0xf9, 0x0, 0x0, 0x0, 0x2, 0xf9, 0x0, 0x0,
    0x0, 0x2, 0xf9, 0x0, 0x0, 0x0, 0x2, 0xf9,

    /* U+0072 "r" */
    0x4f, 0x22, 0xbf, 0xd4, 0xf6, 0xed, 0xa8, 0x4f,
    0xf8, 0x0, 0x4, 0xfd, 0x0, 0x0, 0x4f, 0x80,
    0x0, 0x4, 0xf7, 0x0, 0x0, 0x4f, 0x70, 0x0,
    0x4, 0xf7, 0x0, 0x0, 0x4f, 0x70, 0x0, 0x4,
    0xf7, 0x0, 0x0, 0x4f, 0x70, 0x0, 0x0,

    /* U+0073 "s" */
    0x6, 0xce, 0xfd, 0x92, 0x9f, 0xb7, 0x8b, 0xf2,
    0xfc, 0x0, 0x0, 0x0, 0xde, 0x20, 0x0, 0x0,
    0x5f, 0xfa, 0x30, 0x0, 0x2, 0x9f, 0xfd, 0x40,
    0x0, 0x0, 0x7e, 0xf4, 0x0, 0x0, 0x3, 0xfa,
    0x10, 0x0, 0x2, 0xf9, 0xeb, 0x97, 0x8e, 0xf3,
    0x7c, 0xff, 0xea, 0x30,

    /* U+0074 "t" */
    0x0, 0x44, 0x0, 0x0, 0xb, 0x90, 0x0, 0x1,
    0xf9, 0x0, 0x6, 0xff, 0xff, 0xfb, 0x47, 0xfb,
    0x66, 0x40, 0x2f, 0x90, 0x0, 0x2, 0xf9, 0x0,
    0x0, 0x2f, 0x90, 0x0, 0x2, 0xf9, 0x0, 0x0,
    0x2f, 0x90, 0x0, 0x2, 0xf9, 0x0, 0x0, 0x1f,
    0xc0, 0x0, 0x0, 0xcf, 0xa7, 0x70, 0x1, 0xbf,
    0xf9,

    /* U+0075 "u" */
    0x6f, 0x50, 0x0, 0x1, 0xfa, 0x6f, 0x50, 0x0,
    0x1, 0xfa, 0x6f, 0x50, 0x0, 0x1, 0xfa, 0x6f,
    0x50, 0x0, 0x1, 0xfa, 0x6f, 0x50, 0x0, 0x1,
    0xfa, 0x6f, 0x50, 0x0, 0x1, 0xfa, 0x6f, 0x50,
    0x0, 0x2, 0xfa, 0x6f, 0x60, 0x0, 0x5, 0xfa,
    0x4f, 0xa0, 0x0, 0xb, 0xfa, 0xd, 0xf9, 0x45,
    0xbd, 0xfa, 0x1, 0x9d, 0xfe, 0x91, 0xea,

    /* U+0076 "v" */
    0xdf, 0x10, 0x0, 0x0, 0xef, 0x7, 0xf6, 0x0,
    0x0, 0x4f, 0x90, 0x1f, 0xc0, 0x0, 0x9, 0xf3,
    0x0, 0xbf, 0x10, 0x0, 0xed, 0x0, 0x5, 0xf7,
    0x0, 0x4f, 0x70, 0x0, 0xe, 0xc0, 0xa, 0xf1,
    0x0, 0x0, 0x9f, 0x20, 0xfb, 0x0, 0x0, 0x3,
    0xf7, 0x5f, 0x50, 0x0, 0x0, 0xd, 0xca, 0xf0,
    0x0, 0x0, 0x0, 0x7f, 0xfa, 0x0, 0x0, 0x0,
    0x2, 0xff, 0x40, 0x0, 0x0,

    /* U+0077 "w" */
    0xaf, 0x20, 0x0, 0x3f, 0xf0, 0x0, 0x6, 0xf5,
    0x6f, 0x60, 0x0, 0x8f, 0xf4, 0x0, 0xa, 0xf1,
    0x1f, 0xa0, 0x0, 0xdb, 0xf9, 0x0, 0xe, 0xd0,
    0xd, 0xe0, 0x2, 0xf7, 0xbe, 0x0, 0x3f, 0x80,
    0x9, 0xf2, 0x7, 0xf2, 0x7f, 0x20, 0x7f, 0x40,
    0x5, 0xf6, 0xc, 0xd0, 0x2f, 0x70, 0xbf, 0x0,
    0x0, 0xfa, 0x1f, 0x80, 0xd, 0xc0, 0xfb, 0x0,
    0x0, 0xce, 0x5f, 0x30, 0x9, 0xf4, 0xf7, 0x0,
    0x0, 0x8f, 0xae, 0x0, 0x4, 0xfa, 0xf3, 0x0,
    0x0, 0x3f, 0xf9, 0x0, 0x0, 0xff, 0xe0, 0x0,
    0x0, 0xf, 0xf4, 0x0, 0x0, 0xbf, 0xa0, 0x0,

    /* U+0078 "x" */
    0x2f, 0xd0, 0x0, 0x4, 0xfa, 0x0, 0x6f, 0x80,
    0x0, 0xee, 0x10, 0x0, 0xbf, 0x30, 0x9f, 0x40,
    0x0, 0x1, 0xfd, 0x4f, 0x90, 0x0, 0x0, 0x5,
    0xff, 0xd0, 0x0, 0x0, 0x0, 0xe, 0xf7, 0x0,
    0x0, 0x0, 0x8, 0xfe, 0xf2, 0x0, 0x0, 0x3,
    0xfb, 0x2f, 0xc0, 0x0, 0x0, 0xde, 0x10, 0x7f,
    0x70, 0x0, 0x9f, 0x50, 0x0, 0xcf, 0x30, 0x4f,
    0xa0, 0x0, 0x2, 0xfd, 0x0,

    /* U+0079 "y" */
    0xcf, 0x10, 0x0, 0x0, 0xdf, 0x6, 0xf7, 0x0,
    0x0, 0x3f, 0xa0, 0xf, 0xd0, 0x0, 0x9, 0xf4,
    0x0, 0xaf, 0x30, 0x0, 0xee, 0x0, 0x3, 0xf8,
    0x0, 0x4f, 0x80, 0x0, 0xd, 0xe0, 0x9, 0xf2,
    0x0, 0x0, 0x7f, 0x40, 0xed, 0x0, 0x0, 0x1,
    0xf9, 0x4f, 0x70, 0x0, 0x0, 0xa, 0xe9, 0xf1,
    0x0, 0x0, 0x0, 0x4f, 0xfb, 0x0, 0x0, 0x0,
    0x0, 0xef, 0x50, 0x0, 0x0, 0x0, 0xc, 0xf0,
    0x0, 0x0, 0x0, 0x3, 0xf9, 0x0, 0x0, 0x0,
    0x0, 0xbf, 0x20, 0x0, 0x0, 0x67, 0xbf, 0x80,
    0x0, 0x0, 0xb, 0xfd, 0x70, 0x0, 0x0, 0x0,

    /* U+007A "z" */
    0xe, 0xff, 0xff, 0xff, 0x70, 0x56, 0x66, 0x6c,
    0xf5, 0x0, 0x0, 0x3, 0xfa, 0x0, 0x0, 0x0,
    0xde, 0x10, 0x0, 0x0, 0x9f, 0x40, 0x0, 0x0,
    0x4f, 0x90, 0x0, 0x0, 0xe, 0xe0, 0x0, 0x0,
    0xa, 0xf4, 0x0, 0x0, 0x5, 0xf9, 0x0, 0x0,
    0x1, 0xef, 0x66, 0x66, 0x63, 0x3f, 0xff, 0xff,
    0xff, 0xa0,

    /* U+007B "{" */
    0x0, 0x0, 0x6c, 0xe0, 0x0, 0x8f, 0xd8, 0x0,
    0xe, 0xe0, 0x0, 0x0, 0xfb, 0x0, 0x0, 0xf,
    0xb0, 0x0, 0x0, 0xfb, 0x0, 0x0, 0x1f, 0xa0,
    0x1, 0x4b, 0xf5, 0x0, 0x7f, 0xe4, 0x0, 0x2,
    0x7d, 0xf3, 0x0, 0x0, 0x2f, 0xa0, 0x0, 0x0,
    0xfb, 0x0, 0x0, 0xf, 0xb0, 0x0, 0x0, 0xfb,
    0x0, 0x0, 0xf, 0xd0, 0x0, 0x0, 0xbf, 0x82,
    0x0, 0x1, 0xbf, 0xf0, 0x0, 0x0, 0x23,

    /* U+007C "|" */
    0x3f, 0x33, 0xf3, 0x3f, 0x33, 0xf3, 0x3f, 0x33,
    0xf3, 0x3f, 0x33, 0xf3, 0x3f, 0x33, 0xf3, 0x3f,
    0x33, 0xf3, 0x3f, 0x33, 0xf3, 0x3f, 0x33, 0xf3,
    0x3f, 0x33, 0xf3, 0x3f, 0x33, 0xf3,

    /* U+007D "}" */
    0x5e, 0xb3, 0x0, 0x0, 0x29, 0xff, 0x20, 0x0,
    0x0, 0x5f, 0x80, 0x0, 0x0, 0x2f, 0x90, 0x0,
    0x0, 0x2f, 0x90, 0x0, 0x0, 0x2f, 0x90, 0x0,
    0x0, 0x1f, 0xb0, 0x0, 0x0, 0xb, 0xf7, 0x30,
    0x0, 0x0, 0x8f, 0xf0, 0x0, 0x8, 0xfa, 0x60,
    0x0, 0xf, 0xb0, 0x0, 0x0, 0x2f, 0x90, 0x0,
    0x0, 0x2f, 0x90, 0x0, 0x0, 0x2f, 0x90, 0x0,
    0x0, 0x3f, 0x80, 0x0, 0x4, 0xcf, 0x40, 0x0,
    0x5f, 0xf7, 0x0, 0x0, 0x13, 0x0, 0x0, 0x0,

    /* U+007E "~" */
    0x0, 0x10, 0x0, 0x0, 0x0, 0x8f, 0xff, 0xc7,
    0x33, 0x86, 0xe7, 0x58, 0xcf, 0xff, 0xe3, 0x10,
    0x0, 0x1, 0x43, 0x0,

    /* U+00A0 " " */

    /* U+00A1 "¡" */
    0x4f, 0x98, 0xfe, 0x2a, 0x60, 0x0, 0x4, 0x10,
    0xf4, 0xf, 0x50, 0xf5, 0x1f, 0x62, 0xf7, 0x3f,
    0x84, 0xf9, 0x4f, 0x95, 0xfa, 0x6f, 0xb0,

    /* U+00A2 "¢" */
    0x0, 0x0, 0x4f, 0x10, 0x0, 0x1, 0x9e, 0xff,
    0xc5, 0x1, 0xef, 0xc9, 0x9d, 0x50, 0x9f, 0x70,
    0x0, 0x0, 0xe, 0xe0, 0x0, 0x0, 0x1, 0xfb,
    0x0, 0x0, 0x0, 0x2f, 0xa0, 0x0, 0x0, 0x1,
    0xfa, 0x0, 0x0, 0x0, 0xf, 0xe0, 0x0, 0x0,
    0x0, 0xaf, 0x70, 0x0, 0x0, 0x2, 0xef, 0xc9,
    0x9c, 0x80, 0x1, 0x9e, 0xff, 0xc4, 0x0, 0x0,
    0x4f, 0x0, 0x0, 0x0, 0x4, 0xf0, 0x0,

    /* U+00A3 "£" */
    0x0, 0x0, 0x8d, 0xfe, 0xc6, 0x0, 0x0, 0xcf,
    0xb8, 0x9c, 0xd0, 0x0, 0x4f, 0xa0, 0x0, 0x0,
    0x0, 0x5, 0xf6, 0x0, 0x0, 0x0, 0x0, 0x6f,
    0x60, 0x0, 0x0, 0x0, 0x16, 0xf6, 0x11, 0x10,
    0x0, 0x4f, 0xff, 0xff, 0xff, 0x70, 0x1, 0x48,
    0xf8, 0x44, 0x41, 0x0, 0x0, 0x6f, 0x60, 0x0,
    0x0, 0x0, 0x6, 0xf5, 0x0, 0x0, 0x0, 0x0,
    0x8f, 0x40, 0x0, 0x0, 0x0, 0x1e, 0xd0, 0x0,
    0x0, 0x0, 0x3e, 0xfb, 0x99, 0x99, 0x99, 0x65,
    0xff, 0xff, 0xff, 0xff, 0xfb,

    /* U+00A4 "¤" */
    0x14, 0x0, 0x0, 0x0, 0x40, 0x8f, 0x7c, 0xfd,
    0x8c, 0xe0, 0xc, 0xfa, 0x57, 0xef, 0x30, 0xd,
    0xa0, 0x0, 0x3f, 0x40, 0x1f, 0x30, 0x0, 0xc,
    0x80, 0x2f, 0x20, 0x0, 0xb, 0x90, 0xe, 0x70,
    0x0, 0x1f, 0x60, 0xa, 0xf7, 0x13, 0xdf, 0x10,
    0x6f, 0xbf, 0xff, 0xcf, 0xc0, 0x37, 0x0, 0x32,
    0x3, 0x80,

    /* U+00A5 "¥" */
    0x6f, 0x60, 0x0, 0x0, 0xe, 0xd0, 0xd, 0xe0,
    0x0, 0x0, 0x7f, 0x40, 0x4, 0xf6, 0x0, 0x0,
    0xea, 0x0, 0x0, 0xbe, 0x0, 0x8, 0xf2, 0x0,
    0x0, 0x2f, 0x60, 0x1f, 0x80, 0x0, 0x0, 0x9,
    0xe0, 0x8e, 0x0, 0x0, 0x0, 0x1, 0xf8, 0xf6,
    0x0, 0x0, 0x3, 0xff, 0xff, 0xff, 0xf9, 0x0,
    0x0, 0x33, 0x5f, 0xa3, 0x32, 0x0, 0x0, 0x0,
    0x3f, 0x90, 0x0, 0x0, 0x3, 0xff, 0xff, 0xff,
    0xf9, 0x0, 0x0, 0x33, 0x5f, 0xa3, 0x32, 0x0,
    0x0, 0x0, 0x2f, 0x90, 0x0, 0x0, 0x0, 0x0,
    0x2f, 0x90, 0x0, 0x0,

    /* U+00A6 "¦" */
    0x3f, 0x33, 0xf3, 0x3f, 0x33, 0xf3, 0x3f, 0x33,
    0xf3, 0x3f, 0x32, 0xa2, 0x0, 0x0, 0x0, 0x0,
    0x0, 0x0, 0x2a, 0x23, 0xf3, 0x3f, 0x33, 0xf3,
    0x3f, 0x33, 0xf3, 0x3f, 0x33, 0xf3,

    /* U+00A7 "§" */
    0x5, 0xbe, 0xfe, 0xb5, 0x5f, 0xb6, 0x67, 0xc6,
    0x9f, 0x10, 0x0, 0x0, 0x5f, 0xa2, 0x0, 0x0,
    0x8, 0xff, 0xb4, 0x0, 0x1e, 0xc7, 0xcf, 0xc1,
    0x8f, 0x0, 0x4, 0xfb, 0x9f, 0x0, 0x0, 0xae,
    0x4f, 0xc3, 0x0, 0xdb, 0x5, 0xdf, 0xcc, 0xe2,
    0x0, 0x4, 0xbf, 0xe3, 0x0, 0x0, 0x3, 0xfc,
    0x0, 0x0, 0x0, 0xdd, 0xca, 0x75, 0x6b, 0xf8,
    0x6c, 0xff, 0xec, 0x50,

    /* U+00A8 "¨" */
    0xc, 0xa0, 0x2e, 0x60, 0xca, 0x2, 0xe6,

    /* U+00A9 "©" */
    0x0, 0x0, 0x6, 0xbd, 0xed, 0x93, 0x0, 0x0,
    0x0, 0x3, 0xec, 0x63, 0x24, 0x8e, 0xa0, 0x0,
    0x0, 0x3f, 0x60, 0x0, 0x0, 0x1, 0xcb, 0x0,
    0x0, 0xe6, 0x0, 0x6d, 0xff, 0xb0, 0xd, 0x70,
    0x6, 0xc0, 0x6, 0xfa, 0x56, 0x80, 0x3, 0xf1,
    0xb, 0x60, 0xe, 0xb0, 0x0, 0x0, 0x0, 0xd5,
    0xe, 0x30, 0x3f, 0x50, 0x0, 0x0, 0x0, 0x98,
    0xf, 0x10, 0x4f, 0x40, 0x0, 0x0, 0x0, 0x8a,
    0xf, 0x20, 0x3f, 0x50, 0x0, 0x0, 0x0, 0x99,
    0xc, 0x60, 0xf, 0x90, 0x0, 0x0, 0x0, 0xc6,
    0x7, 0xb0, 0x9, 0xf6, 0x12, 0x50, 0x2, 0xf2,
    0x1, 0xf5, 0x0, 0xbf, 0xff, 0xb0, 0xb, 0xa0,
    0x0, 0x5f, 0x40, 0x1, 0x32, 0x0, 0x9e, 0x10,
    0x0, 0x6, 0xf9, 0x30, 0x1, 0x5d, 0xd2, 0x0,
    0x0, 0x0, 0x29, 0xef, 0xff, 0xc6, 0x0, 0x0,
    0x0, 0x0, 0x0, 0x0, 0x10, 0x0, 0x0, 0x0,

    /* U+00AA "ª" */
    0x8, 0xdf, 0xe6, 0x0, 0x21, 0x4, 0xf0, 0x7,
    0xdd, 0xdf, 0x23, 0xf2, 0x1, 0xf2, 0x4f, 0x10,
    0x8f, 0x20, 0xae, 0xd7, 0xe2,

    /* U+00AB "«" */
    0x0, 0x0, 0x40, 0x0, 0x40, 0x0, 0xa, 0xf2,
    0xa, 0xf2, 0x0, 0x7f, 0x60, 0x8f, 0x60, 0x5,
    0xf9, 0x5, 0xf8, 0x0, 0x1f, 0xd0, 0x1f, 0xc0,
    0x0, 0xa, 0xf4, 0xa, 0xf4, 0x0, 0x0, 0xcf,
    0x20, 0xce, 0x20, 0x0, 0x1e, 0xd0, 0x1e, 0xd0,
    0x0, 0x3, 0xa1, 0x3, 0xa1,

    /* U+00AC "¬" */
    0x22, 0x22, 0x22, 0x22, 0x20, 0xff, 0xff, 0xff,
    0xff, 0xf6, 0x44, 0x44, 0x44, 0x44, 0xf6, 0x0,
    0x0, 0x0, 0x0, 0xf6, 0x0, 0x0, 0x0, 0x0,
    0xf6, 0x0, 0x0, 0x0, 0x0, 0xf6, 0x0, 0x0,
    0x0, 0x0, 0x41,

    /* U+00AD "­" */
    0x19, 0x99, 0x95, 0x3f, 0xff, 0xfa,

    /* U+00AE "®" */
    0x0, 0x0, 0x6, 0xbd, 0xed, 0x93, 0x0, 0x0,
    0x0, 0x3, 0xec, 0x63, 0x24, 0x8e, 0xa0, 0x0,
    0x0, 0x3f, 0x60, 0x0, 0x0, 0x1, 0xcb, 0x0,
    0x0, 0xe6, 0x6, 0xff, 0xfd, 0x50, 0xd, 0x70,
    0x6, 0xc0, 0x6, 0xf4, 0x4b, 0xf1, 0x3, 0xf1,
    0xb, 0x60, 0x6, 0xf1, 0x4, 0xf4, 0x0, 0xd5,
    0xe, 0x30, 0x6, 0xf1, 0x1a, 0xf1, 0x0, 0x98,
    0xf, 0x10, 0x6, 0xff, 0xff, 0x40, 0x0, 0x8a,
    0xf, 0x20, 0x6, 0xf4, 0x9f, 0x20, 0x0, 0x99,
    0xc, 0x60, 0x6, 0xf1, 0xe, 0xa0, 0x0, 0xc6,
    0x7, 0xb0, 0x6, 0xf1, 0x7, 0xf3, 0x2, 0xf2,
    0x1, 0xf5, 0x6, 0xf1, 0x0, 0xdc, 0xb, 0xa0,
    0x0, 0x5f, 0x40, 0x0, 0x0, 0x0, 0x9e, 0x10,
    0x0, 0x6, 0xf9, 0x30, 0x1, 0x5d, 0xd2, 0x0,
    0x0, 0x0, 0x29, 0xef, 0xff, 0xc6, 0x0, 0x0,
    0x0, 0x0, 0x0, 0x0, 0x10, 0x0, 0x0, 0x0,

    /* U+00AF "¯" */
    0x1, 0x11, 0x11, 0x11, 0x11, 0x10, 0x1f, 0xff,
    0xff, 0xff, 0xff, 0xf1, 0x4, 0x44, 0x44, 0x44,
    0x44, 0x40,

    /* U+00B0 "°" */
    0x7, 0xde, 0xb2, 0x7, 0xe5, 0x39, 0xe1, 0xc8,
    0x0, 0xf, 0x5d, 0x70, 0x0, 0xe6, 0x8d, 0x20,
    0x6f, 0x20, 0xaf, 0xfe, 0x50, 0x0, 0x12, 0x0,
    0x0,

    /* U+00B1 "±" */
    0x0, 0x0, 0xf6, 0x0, 0x0, 0x0, 0x0, 0xf6,
    0x0, 0x0, 0x0, 0x0, 0xf6, 0x0, 0x0, 0x11,
    0x11, 0xf7, 0x11, 0x10, 0xff, 0xff, 0xff, 0xff,
    0xf6, 0x44, 0x44, 0xf9, 0x44, 0x41, 0x0, 0x0,
    0xf6, 0x0, 0x0, 0x0, 0x0, 0xf6, 0x0, 0x0,
    0x0, 0x0, 0xf6, 0x0, 0x0, 0x0, 0x0, 0xc5,
    0x0, 0x0, 0x77, 0x77, 0x77, 0x77, 0x72, 0xff,
    0xff, 0xff, 0xff, 0xf6,

    /* U+00B2 "²" */
    0x7, 0xde, 0xc3, 0x2, 0xd5, 0x3b, 0xe0, 0x0,
    0x0, 0x5f, 0x10, 0x0, 0x8, 0xe0, 0x0, 0x3,
    0xf5, 0x0, 0x2, 0xe8, 0x0, 0x2, 0xe8, 0x0,
    0x2, 0xeb, 0x33, 0x30, 0x8f, 0xff, 0xff, 0x20,

    /* U+00B3 "³" */
    0x19, 0xde, 0xc3, 0x4, 0xb5, 0x3b, 0xe0, 0x0,
    0x0, 0x5f, 0x10, 0x0, 0xa, 0xd0, 0x5, 0xff,
    0xf3, 0x0, 0x2, 0x39, 0xf2, 0x0, 0x0, 0x1f,
    0x56, 0x52, 0x29, 0xf2, 0x5d, 0xff, 0xc4, 0x0,

    /* U+00B4 "´" */
    0x0, 0x9f, 0x80, 0x4f, 0xa0, 0x1e, 0x80, 0x0,

    /* U+00B5 "µ" */
    0x4f, 0x70, 0x0, 0x0, 0xfc, 0x4f, 0x70, 0x0,
    0x0, 0xfc, 0x4f, 0x70, 0x0, 0x0, 0xfc, 0x4f,
    0x70, 0x0, 0x0, 0xfc, 0x4f, 0x70, 0x0, 0x0,
    0xfc, 0x4f, 0x70, 0x0, 0x0, 0xfc, 0x4f, 0x70,
    0x0, 0x1, 0xfc, 0x4f, 0x80, 0x0, 0x3, 0xfc,
    0x4f, 0xb0, 0x0, 0xa, 0xfc, 0x4f, 0xfa, 0x55,
    0xae, 0xfc, 0x4f, 0xac, 0xfe, 0xa2, 0xcc, 0x4f,
    0x60, 0x0, 0x0, 0x0, 0x4f, 0x70, 0x0, 0x0,
    0x0, 0x4f, 0x70, 0x0, 0x0, 0x0, 0x4f, 0x70,
    0x0, 0x0, 0x0, 0x4f, 0x70, 0x0, 0x0, 0x0,

    /* U+00B6 "¶" */
    0x1, 0x9e, 0xff, 0xff, 0xff, 0x1e, 0xff, 0xff,
    0xc2, 0x4f, 0x8f, 0xff, 0xff, 0xc0, 0x3f, 0xcf,
    0xff, 0xff, 0xc0, 0x3f, 0xdf, 0xff, 0xff, 0xc0,
    0x3f, 0xdf, 0xff, 0xff, 0xc0, 0x3f, 0xcf, 0xff,
    0xff, 0xc0, 0x3f, 0x8f, 0xff, 0xff, 0xc0, 0x3f,
    0x1e, 0xff, 0xff, 0xc0, 0x3f, 0x1, 0x9c, 0xdd,
    0xc0, 0x3f, 0x0, 0x0, 0x6, 0xc0, 0x3f, 0x0,
    0x0, 0x6, 0xc0, 0x3f, 0x0, 0x0, 0x6, 0xc0,
    0x3f, 0x0, 0x0, 0x6, 0xc0, 0x3f, 0x0, 0x0,
    0x6, 0xc0, 0x3f, 0x0, 0x0, 0x6, 0xc0, 0x3f,
    0x0, 0x0, 0x6, 0xc0, 0x3f, 0x0, 0x0, 0x3,
    0x70, 0x19,

    /* U+00B7 "·" */
    0x2a, 0x58, 0xfe, 0x4f, 0x90,

    /* U+00B8 "¸" */
    0x4, 0xb0, 0x0, 0xcd, 0x30, 0x1, 0x9f, 0x10,
    0x5, 0xf2, 0xbf, 0xf7, 0x1, 0x10, 0x0,

    /* U+00B9 "¹" */
    0x0, 0x4, 0x40, 0x2c, 0xfc, 0x1e, 0xaa, 0xc0,
    0x20, 0x9c, 0x0, 0xa, 0xc0, 0x0, 0xac, 0x0,
    0xa, 0xc0, 0x0, 0xac, 0x0, 0xa, 0xc0,

    /* U+00BA "º" */
    0x2, 0xbf, 0xd7, 0x0, 0xd9, 0x13, 0xe6, 0x3f,
    0x0, 0x8, 0xc5, 0xe0, 0x0, 0x6d, 0x3f, 0x0,
    0x7, 0xc0, 0xd7, 0x1, 0xd6, 0x3, 0xdf, 0xf8,
    0x0, 0x0, 0x0, 0x0,

    /* U+00BB "»" */
    0x3, 0x10, 0x3, 0x10, 0x0, 0xe, 0xc0, 0x1e,
    0xc0, 0x0, 0x3, 0xfa, 0x4, 0xfa, 0x0, 0x0,
    0x6f, 0x80, 0x6f, 0x70, 0x0, 0xa, 0xf4, 0xa,
    0xf3, 0x0, 0x2e, 0xc0, 0x2f, 0xc0, 0x0, 0xde,
    0x11, 0xde, 0x10, 0xb, 0xf3, 0xb, 0xf2, 0x0,
    0x9, 0x50, 0x9, 0x40, 0x0,

    /* U+00BC "¼" */
    0x0, 0x19, 0x70, 0x0, 0x0, 0x9, 0x50, 0x0,
    0x4e, 0xfb, 0x0, 0x0, 0x6, 0xf1, 0x0, 0x1f,
    0x7a, 0xb0, 0x0, 0x1, 0xe7, 0x0, 0x0, 0x10,
    0xab, 0x0, 0x0, 0x9d, 0x0, 0x0, 0x0, 0xb,
    0xb0, 0x0, 0x3f, 0x40, 0x0, 0x0, 0x0, 0xbb,
    0x0, 0xc, 0xa0, 0x0, 0x0, 0x0, 0xb, 0xb0,
    0x6, 0xf2, 0x2, 0xa5, 0x0, 0x0, 0xbb, 0x1,
    0xe7, 0x0, 0xbf, 0x80, 0x0, 0xb, 0xb0, 0x9d,
    0x0, 0x6a, 0xf8, 0x0, 0x0, 0x0, 0x3f, 0x40,
    0x2e, 0x1f, 0x80, 0x0, 0x0, 0xc, 0xb0, 0xc,
    0x70, 0xf8, 0x0, 0x0, 0x6, 0xf2, 0x7, 0xc0,
    0xf, 0x80, 0x0, 0x1, 0xe8, 0x0, 0xef, 0xff,
    0xff, 0xb0, 0x0, 0x9d, 0x0, 0x2, 0x33, 0x3f,
    0x92, 0x0, 0x3f, 0x50, 0x0, 0x0, 0x0, 0xf8,
    0x0,

    /* U+00BD "½" */
    0x1, 0xaf, 0x80, 0x0, 0x0, 0xad, 0x0, 0x3,
    0xea, 0xe8, 0x0, 0x0, 0x4f, 0x30, 0x0, 0x4,
    0xe, 0x80, 0x0, 0xd, 0x90, 0x0, 0x0, 0x0,
    0xe8, 0x0, 0x8, 0xe1, 0x0, 0x0, 0x0, 0xe,
    0x80, 0x2, 0xf6, 0x0, 0x0, 0x0, 0x0, 0xe8,
    0x0, 0xbc, 0x3b, 0xfe, 0x70, 0x0, 0xe, 0x80,
    0x5f, 0x2c, 0xa3, 0x6f, 0x50, 0x0, 0xe8, 0xe,
    0x80, 0x10, 0x0, 0xe8, 0x0, 0x8, 0x49, 0xe0,
    0x0, 0x0, 0x1f, 0x50, 0x0, 0x3, 0xf5, 0x0,
    0x0, 0xa, 0xd0, 0x0, 0x0, 0xcb, 0x0, 0x0,
    0x9, 0xe2, 0x0, 0x0, 0x6f, 0x20, 0x0, 0x8,
    0xe2, 0x0, 0x0, 0x1e, 0x70, 0x0, 0x7, 0xe3,
    0x0, 0x0, 0xa, 0xd0, 0x0, 0x1, 0xff, 0xff,
    0xf8, 0x0, 0x31, 0x0, 0x0, 0x3, 0x33, 0x33,
    0x10,

    /* U+00BE "¾" */
    0x19, 0xde, 0xc3, 0x0, 0x0, 0x2, 0xf5, 0x0,
    0x4b, 0x53, 0xbe, 0x0, 0x0, 0xb, 0xc0, 0x0,
    0x0, 0x0, 0x5f, 0x10, 0x0, 0x5f, 0x30, 0x0,
    0x0, 0x1, 0xbc, 0x0, 0x0, 0xd9, 0x0, 0x0,
    0x6, 0xff, 0xe3, 0x0, 0x7, 0xf1, 0x0, 0x0,
    0x0, 0x23, 0xae, 0x10, 0x1f, 0x70, 0x0, 0x0,
    0x0, 0x0, 0x1f, 0x50, 0xad, 0x0, 0x5b, 0x20,
    0x53, 0x0, 0x8f, 0x23, 0xf4, 0x1, 0xef, 0x30,
    0x8f, 0xff, 0xe6, 0xc, 0xb0, 0xb, 0x9f, 0x30,
    0x0, 0x21, 0x0, 0x6f, 0x20, 0x6c, 0x4f, 0x30,
    0x0, 0x0, 0x0, 0xe8, 0x1, 0xe2, 0x4f, 0x30,
    0x0, 0x0, 0x8, 0xe0, 0xb, 0x80, 0x4f, 0x30,
    0x0, 0x0, 0x2f, 0x50, 0x2f, 0xff, 0xff, 0xf7,
    0x0, 0x0, 0xbc, 0x0, 0x3, 0x33, 0x6f, 0x51,
    0x0, 0x4, 0xf3, 0x0, 0x0, 0x0, 0x4f, 0x30,

    /* U+00BF "¿" */
    0x0, 0x0, 0xce, 0x10, 0x0, 0x0, 0x1f, 0xf4,
    0x0, 0x0, 0x0, 0x89, 0x0, 0x0, 0x0, 0x0,
    0x0, 0x0, 0x0, 0x0, 0x68, 0x0, 0x0, 0x0,
    0xa, 0xc0, 0x0, 0x0, 0x2, 0xf8, 0x0, 0x0,
    0x3, 0xee, 0x10, 0x0, 0x3, 0xfd, 0x20, 0x0,
    0x1, 0xee, 0x10, 0x0, 0x0, 0x6f, 0x50, 0x0,
    0x0, 0x7, 0xf3, 0x0, 0x0, 0x0, 0x5f, 0x80,
    0x0, 0x3, 0x0, 0xdf, 0xc9, 0xae, 0xf2, 0x1,
    0x9d, 0xfe, 0xb5, 0x0,

    /* U+00C0 "À" */
    0x0, 0x1, 0xef, 0x20, 0x0, 0x0, 0x0, 0x0,
    0x2, 0xec, 0x0, 0x0, 0x0, 0x0, 0x0, 0x2,
    0xd8, 0x0, 0x0, 0x0, 0x0, 0x0, 0x0, 0x0,
    0x0, 0x0, 0x0, 0x0, 0x0, 0x0, 0x0, 0x0,
    0x0, 0x0, 0x0, 0xaf, 0x60, 0x0, 0x0, 0x0,
    0x0, 0xf, 0xfc, 0x0, 0x0, 0x0, 0x0, 0x6,
    0xf9, 0xf3, 0x0, 0x0, 0x0, 0x0, 0xdd, 0x1f,
    0x90, 0x0, 0x0, 0x0, 0x3f, 0x70, 0xbf, 0x0,
    0x0, 0x0, 0x9, 0xf1, 0x5, 0xf6, 0x0, 0x0,
    0x0, 0xfb, 0x0, 0xe, 0xc0, 0x0, 0x0, 0x6f,
    0x50, 0x0, 0x8f, 0x20, 0x0, 0xc, 0xff, 0xff,
    0xff, 0xf9, 0x0, 0x3, 0xfc, 0x99, 0x99, 0x9e,
    0xf0, 0x0, 0x9f, 0x20, 0x0, 0x0, 0x7f, 0x50,
    0xf, 0xc0, 0x0, 0x0, 0x1, 0xfc, 0x6, 0xf6,
    0x0, 0x0, 0x0, 0xa, 0xf2, 0xcf, 0x0, 0x0,
    0x0, 0x0, 0x4f, 0x90,

    /* U+00C1 "Á" */
    0x0, 0x0, 0x0, 0x2f, 0xe1, 0x0, 0x0, 0x0,
    0x0, 0xc, 0xe3, 0x0, 0x0, 0x0, 0x0, 0x7,
    0xe2, 0x0, 0x0, 0x0, 0x0, 0x0, 0x0, 0x0,
    0x0, 0x0, 0x0, 0x0, 0x0, 0x0, 0x0, 0x0,
    0x0, 0x0, 0x0, 0xaf, 0x60, 0x0, 0x0, 0x0,
    0x0, 0xf, 0xfc, 0x0, 0x0, 0x0, 0x0, 0x6,
    0xf9, 0xf3, 0x0, 0x0, 0x0, 0x0, 0xdd, 0x1f,
    0x90, 0x0, 0x0, 0x0, 0x3f, 0x70, 0xbf, 0x0,
    0x0, 0x0, 0x9, 0xf1, 0x5, 0xf6, 0x0, 0x0,
    0x0, 0xfb, 0x0, 0xe, 0xc0, 0x0, 0x0, 0x6f,
    0x50, 0x0, 0x8f, 0x20, 0x0, 0xc, 0xff, 0xff,
    0xff, 0xf9, 0x0, 0x3, 0xfc, 0x99, 0x99, 0x9e,
    0xf0, 0x0, 0x9f, 0x20, 0x0, 0x0, 0x7f, 0x50,
    0xf, 0xc0, 0x0, 0x0, 0x1, 0xfc, 0x6, 0xf6,
    0x0, 0x0, 0x0, 0xa, 0xf2, 0xcf, 0x0, 0x0,
    0x0, 0x0, 0x4f, 0x90,

    /* U+00C2 "Â" */
    0x0, 0x0, 0x1e, 0xf9, 0x0, 0x0, 0x0, 0x0,
    0xc, 0xe8, 0xf7, 0x0, 0x0, 0x0, 0xb, 0xc1,
    0x4, 0xe6, 0x0, 0x0, 0x0, 0x0, 0x0, 0x0,
    0x0, 0x0, 0x0, 0x0, 0x0, 0x0, 0x0, 0x0,
    0x0, 0x0, 0x0, 0xaf, 0x60, 0x0, 0x0, 0x0,
    0x0, 0xf, 0xfc, 0x0, 0x0, 0x0, 0x0, 0x6,
    0xf9, 0xf3, 0x0, 0x0, 0x0, 0x0, 0xdd, 0x1f,
    0x90, 0x0, 0x0, 0x0, 0x3f, 0x70, 0xbf, 0x0,
    0x0, 0x0, 0x9, 0xf1, 0x5, 0xf6, 0x0, 0x0,
    0x0, 0xfb, 0x0, 0xe, 0xc0, 0x0, 0x0, 0x6f,
    0x50, 0x0, 0x8f, 0x20, 0x0, 0xc, 0xff, 0xff,
    0xff, 0xf9, 0x0, 0x3, 0xfc, 0x99, 0x99, 0x9e,
    0xf0, 0x0, 0x9f, 0x20, 0x0, 0x0, 0x7f, 0x50,
    0xf, 0xc0, 0x0, 0x0, 0x1, 0xfc, 0x6, 0xf6,
    0x0, 0x0, 0x0, 0xa, 0xf2, 0xcf, 0x0, 0x0,
    0x0, 0x0, 0x4f, 0x90,

    /* U+00C3 "Ã" */
    0x0, 0x0, 0x0, 0x0, 0x1, 0x0, 0x0, 0x0,
    0x7f, 0xf9, 0x36, 0xe0, 0x0, 0x0, 0x1f, 0x67,
    0xef, 0xf6, 0x0, 0x0, 0x1, 0x30, 0x0, 0x32,
    0x0, 0x0, 0x0, 0x0, 0x0, 0x0, 0x0, 0x0,
    0x0, 0x0, 0x0, 0xaf, 0x60, 0x0, 0x0, 0x0,
    0x0, 0xf, 0xfc, 0x0, 0x0, 0x0, 0x0, 0x6,
    0xf9, 0xf3, 0x0, 0x0, 0x0, 0x0, 0xdd, 0x1f,
    0x90, 0x0, 0x0, 0x0, 0x3f, 0x70, 0xbf, 0x0,
    0x0, 0x0, 0x9, 0xf1, 0x5, 0xf6, 0x0, 0x0,
    0x0, 0xfb, 0x0, 0xe, 0xc0, 0x0, 0x0, 0x6f,
    0x50, 0x0, 0x8f, 0x20, 0x0, 0xc, 0xff, 0xff,
    0xff, 0xf9, 0x0, 0x3, 0xfc, 0x99, 0x99, 0x9e,
    0xf0, 0x0, 0x9f, 0x20, 0x0, 0x0, 0x7f, 0x50,
    0xf, 0xc0, 0x0, 0x0, 0x1, 0xfc, 0x6, 0xf6,
    0x0, 0x0, 0x0, 0xa, 0xf2, 0xcf, 0x0, 0x0,
    0x0, 0x0, 0x4f, 0x90,

    /* U+00C4 "Ä" */
    0x0, 0x4, 0xe4, 0x7, 0xe1, 0x0, 0x0, 0x0,
    0x4e, 0x40, 0x7e, 0x10, 0x0, 0x0, 0x0, 0x0,
    0x0, 0x0, 0x0, 0x0, 0x0, 0x0, 0x0, 0x0,
    0x0, 0x0, 0x0, 0x0, 0xa, 0xf6, 0x0, 0x0,
    0x0, 0x0, 0x0, 0xff, 0xc0, 0x0, 0x0, 0x0,
    0x0, 0x6f, 0x9f, 0x30, 0x0, 0x0, 0x0, 0xd,
    0xd1, 0xf9, 0x0, 0x0, 0x0, 0x3, 0xf7, 0xb,
    0xf0, 0x0, 0x0, 0x0, 0x9f, 0x10, 0x5f, 0x60,
    0x0, 0x0, 0xf, 0xb0, 0x0, 0xec, 0x0, 0x0,
    0x6, 0xf5, 0x0, 0x8, 0xf2, 0x0, 0x0, 0xcf,
    0xff, 0xff, 0xff, 0x90, 0x0, 0x3f, 0xc9, 0x99,
    0x99, 0xef, 0x0, 0x9, 0xf2, 0x0, 0x0, 0x7,
    0xf5, 0x0, 0xfc, 0x0, 0x0, 0x0, 0x1f, 0xc0,
    0x6f, 0x60, 0x0, 0x0, 0x0, 0xaf, 0x2c, 0xf0,
    0x0, 0x0, 0x0, 0x4, 0xf9,

    /* U+00C5 "Å" */
    0x0, 0x0, 0x2c, 0xe9, 0x0, 0x0, 0x0, 0x0,
    0xa, 0x81, 0xd5, 0x0, 0x0, 0x0, 0x0, 0xc3,
    0x9, 0x80, 0x0, 0x0, 0x0, 0xa, 0x81, 0xd5,
    0x0, 0x0, 0x0, 0x0, 0x2f, 0xff, 0x0, 0x0,
    0x0, 0x0, 0x0, 0xff, 0xc0, 0x0, 0x0, 0x0,
    0x0, 0x6f, 0x9f, 0x30, 0x0, 0x0, 0x0, 0xd,
    0xd1, 0xf9, 0x0, 0x0, 0x0, 0x3, 0xf7, 0xb,
    0xf0, 0x0, 0x0, 0x0, 0x9f, 0x10, 0x5f, 0x60,
    0x0, 0x0, 0xf, 0xb0, 0x0, 0xec, 0x0, 0x0,
    0x6, 0xf5, 0x0, 0x8, 0xf2, 0x0, 0x0, 0xcf,
    0xff, 0xff, 0xff, 0x90, 0x0, 0x3f, 0xc9, 0x99,
    0x99, 0xef, 0x0, 0x9, 0xf2, 0x0, 0x0, 0x7,
    0xf5, 0x0, 0xfc, 0x0, 0x0, 0x0, 0x1f, 0xc0,
    0x6f, 0x60, 0x0, 0x0, 0x0, 0xaf, 0x2c, 0xf0,
    0x0, 0x0, 0x0, 0x4, 0xf9,

    /* U+00C6 "Æ" */
    0x0, 0x0, 0x0, 0x7, 0xff, 0xff, 0xff, 0xff,
    0xf6, 0x0, 0x0, 0x0, 0xe, 0xe9, 0xfe, 0x99,
    0x99, 0x93, 0x0, 0x0, 0x0, 0x7f, 0x50, 0xfc,
    0x0, 0x0, 0x0, 0x0, 0x0, 0x0, 0xed, 0x0,
    0xfc, 0x0, 0x0, 0x0, 0x0, 0x0, 0x6, 0xf6,
    0x0, 0xfc, 0x0, 0x0, 0x0, 0x0, 0x0, 0xe,
    0xe0, 0x0, 0xfe, 0x99, 0x99, 0x90, 0x0, 0x0,
    0x6f, 0x60, 0x0, 0xff, 0xff, 0xff, 0xf0, 0x0,
    0x0, 0xde, 0x0, 0x0, 0xfc, 0x0, 0x0, 0x0,
    0x0, 0x5, 0xff, 0xff, 0xff, 0xfc, 0x0, 0x0,
    0x0, 0x0, 0xd, 0xf9, 0x99, 0x99, 0xfc, 0x0,
    0x0, 0x0, 0x0, 0x5f, 0x80, 0x0, 0x0, 0xfc,
    0x0, 0x0, 0x0, 0x0, 0xcf, 0x10, 0x0, 0x0,
    0xfc, 0x0, 0x0, 0x0, 0x4, 0xf9, 0x0, 0x0,
    0x0, 0xfe, 0x99, 0x99, 0x94, 0xc, 0xf1, 0x0,
    0x0, 0x0, 0xff, 0xff, 0xff, 0xf6,

    /* U+00C7 "Ç" */
    0x0, 0x2, 0x9d, 0xef, 0xda, 0x50, 0x0, 0x7f,
    0xfc, 0xaa, 0xcf, 0xb0, 0x6, 0xfe, 0x30, 0x0,
    0x1, 0x10, 0x1f, 0xf2, 0x0, 0x0, 0x0, 0x0,
    0x6f, 0x90, 0x0, 0x0, 0x0, 0x0, 0xaf, 0x40,
    0x0, 0x0, 0x0, 0x0, 0xbf, 0x20, 0x0, 0x0,
    0x0, 0x0, 0xbf, 0x20, 0x0, 0x0, 0x0, 0x0,
    0xaf, 0x40, 0x0, 0x0, 0x0, 0x0, 0x6f, 0x80,
    0x0, 0x0, 0x0, 0x0, 0x1f, 0xf1, 0x0, 0x0,
    0x0, 0x0, 0x8, 0xfd, 0x20, 0x0, 0x0, 0x0,
    0x0, 0x9f, 0xfc, 0xaa, 0xbe, 0x70, 0x0, 0x4,
    0xad, 0xff, 0xea, 0x30, 0x0, 0x0, 0x3, 0xe0,
    0x0, 0x0, 0x0, 0x0, 0x8, 0xfa, 0x0, 0x0,
    0x0, 0x0, 0x0, 0x2f, 0x60, 0x0, 0x0, 0x0,
    0x11, 0x4f, 0x40, 0x0, 0x0, 0x0, 0x7f, 0xe8,
    0x0, 0x0,

    /* U+00C8 "È" */
    0x0, 0x3f, 0xd0, 0x0, 0x0, 0x0, 0x5f, 0x80,
    0x0, 0x0, 0x0, 0x4f, 0x40, 0x0, 0x0, 0x0,
    0x0, 0x0, 0x0, 0x0, 0x0, 0x0, 0x1, 0xff,
    0xff, 0xff, 0xfe, 0x1f, 0xe9, 0x99, 0x99, 0x81,
    0xfb, 0x0, 0x0, 0x0, 0x1f, 0xb0, 0x0, 0x0,
    0x1, 0xfb, 0x0, 0x0, 0x0, 0x1f, 0xe9, 0x99,
    0x99, 0x51, 0xff, 0xff, 0xff, 0xf9, 0x1f, 0xb0,
    0x0, 0x0, 0x1, 0xfb, 0x0, 0x0, 0x0, 0x1f,
    0xb0, 0x0, 0x0, 0x1, 0xfb, 0x0, 0x0, 0x0,
    0x1f, 0xb0, 0x0, 0x0, 0x1, 0xfe, 0x99, 0x99,
    0x98, 0x1f, 0xff, 0xff, 0xff, 0xe0,

    /* U+00C9 "É" */
    0x0, 0x0, 0x5, 0xfc, 0x0, 0x0, 0x1, 0xec,
    0x10, 0x0, 0x0, 0xbb, 0x10, 0x0, 0x0, 0x0,
    0x0, 0x0, 0x0, 0x0, 0x0, 0x0, 0x1, 0xff,
    0xff, 0xff, 0xfe, 0x1f, 0xe9, 0x99, 0x99, 0x81,
    0xfb, 0x0, 0x0, 0x0, 0x1f, 0xb0, 0x0, 0x0,
    0x1, 0xfb, 0x0, 0x0, 0x0, 0x1f, 0xe9, 0x99,
    0x99, 0x51, 0xff, 0xff, 0xff, 0xf9, 0x1f, 0xb0,
    0x0, 0x0, 0x1, 0xfb, 0x0, 0x0, 0x0, 0x1f,
    0xb0, 0x0, 0x0, 0x1, 0xfb, 0x0, 0x0, 0x0,
    0x1f, 0xb0, 0x0, 0x0, 0x1, 0xfe, 0x99, 0x99,
    0x98, 0x1f, 0xff, 0xff, 0xff, 0xe0,

    /* U+00CA "Ê" */
    0x0, 0x3, 0xff, 0x50, 0x0, 0x2, 0xec, 0xbf,
    0x30, 0x1, 0xd9, 0x0, 0x7e, 0x30, 0x0, 0x0,
    0x0, 0x0, 0x0, 0x0, 0x0, 0x0, 0x1, 0xff,
    0xff, 0xff, 0xfe, 0x1f, 0xe9, 0x99, 0x99, 0x81,
    0xfb, 0x0, 0x0, 0x0, 0x1f, 0xb0, 0x0, 0x0,
    0x1, 0xfb, 0x0, 0x0, 0x0, 0x1f, 0xe9, 0x99,
    0x99, 0x51, 0xff, 0xff, 0xff, 0xf9, 0x1f, 0xb0,
    0x0, 0x0, 0x1, 0xfb, 0x0, 0x0, 0x0, 0x1f,
    0xb0, 0x0, 0x0, 0x1, 0xfb, 0x0, 0x0, 0x0,
    0x1f, 0xb0, 0x0, 0x0, 0x1, 0xfe, 0x99, 0x99,
    0x98, 0x1f, 0xff, 0xff, 0xff, 0xe0,

    /* U+00CB "Ë" */
    0x0, 0x7e, 0x10, 0xbb, 0x0, 0x7, 0xe1, 0xb,
    0xb0, 0x0, 0x0, 0x0, 0x0, 0x0, 0x0, 0x0,
    0x0, 0x0, 0x1f, 0xff, 0xff, 0xff, 0xe1, 0xfe,
    0x99, 0x99, 0x98, 0x1f, 0xb0, 0x0, 0x0, 0x1,
    0xfb, 0x0, 0x0, 0x0, 0x1f, 0xb0, 0x0, 0x0,
    0x1, 0xfe, 0x99, 0x99, 0x95, 0x1f, 0xff, 0xff,
    0xff, 0x91, 0xfb, 0x0, 0x0, 0x0, 0x1f, 0xb0,
    0x0, 0x0, 0x1, 0xfb, 0x0, 0x0, 0x0, 0x1f,
    0xb0, 0x0, 0x0, 0x1, 0xfb, 0x0, 0x0, 0x0,
    0x1f, 0xe9, 0x99, 0x99, 0x81, 0xff, 0xff, 0xff,
    0xfe,

    /* U+00CC "Ì" */
    0x1d, 0xf3, 0x0, 0x2, 0xed, 0x0, 0x0, 0x2d,
    0x90, 0x0, 0x0, 0x0, 0x0, 0x0, 0x0, 0x3f,
    0xff, 0xff, 0x2, 0xaf, 0x81, 0x0, 0x8f, 0x40,
    0x0, 0x8f, 0x40, 0x0, 0x8f, 0x40, 0x0, 0x8f,
    0x40, 0x0, 0x8f, 0x40, 0x0, 0x8f, 0x40, 0x0,
    0x8f, 0x40, 0x0, 0x8f, 0x40, 0x0, 0x8f, 0x40,
    0x0, 0x8f, 0x40, 0x2, 0xaf, 0x81, 0x3f, 0xff,
    0xff,

    /* U+00CD "Í" */
    0x0, 0x1, 0xff, 0x20, 0x0, 0xbf, 0x30, 0x0,
    0x6e, 0x30, 0x0, 0x0, 0x0, 0x0, 0x0, 0x0,
    0x0, 0x3, 0xff, 0xff, 0xf0, 0x2, 0xaf, 0x81,
    0x0, 0x8, 0xf4, 0x0, 0x0, 0x8f, 0x40, 0x0,
    0x8, 0xf4, 0x0, 0x0, 0x8f, 0x40, 0x0, 0x8,
    0xf4, 0x0, 0x0, 0x8f, 0x40, 0x0, 0x8, 0xf4,
    0x0, 0x0, 0x8f, 0x40, 0x0, 0x8, 0xf4, 0x0,
    0x0, 0x8f, 0x40, 0x0, 0x2a, 0xf8, 0x10, 0x3f,
    0xff, 0xff, 0x0,

    /* U+00CE "Î" */
    0x0, 0xdf, 0xa0, 0x0, 0xbe, 0x8f, 0x70, 0xac,
    0x20, 0x4e, 0x70, 0x0, 0x0, 0x0, 0x0, 0x0,
    0x0, 0x3, 0xff, 0xff, 0xf0, 0x2, 0xaf, 0x81,
    0x0, 0x8, 0xf4, 0x0, 0x0, 0x8f, 0x40, 0x0,
    0x8, 0xf4, 0x0, 0x0, 0x8f, 0x40, 0x0, 0x8,
    0xf4, 0x0, 0x0, 0x8f, 0x40, 0x0, 0x8, 0xf4,
    0x0, 0x0, 0x8f, 0x40, 0x0, 0x8, 0xf4, 0x0,
    0x0, 0x8f, 0x40, 0x0, 0x2a, 0xf8, 0x10, 0x3f,
    0xff, 0xff, 0x0,

    /* U+00CF "Ï" */
    0x3e, 0x40, 0x7e, 0x13, 0xe4, 0x7, 0xe1, 0x0,
    0x0, 0x0, 0x0, 0x0, 0x0, 0x0, 0x3f, 0xff,
    0xff, 0x0, 0x2a, 0xf8, 0x10, 0x0, 0x8f, 0x40,
    0x0, 0x8, 0xf4, 0x0, 0x0, 0x8f, 0x40, 0x0,
    0x8, 0xf4, 0x0, 0x0, 0x8f, 0x40, 0x0, 0x8,
    0xf4, 0x0, 0x0, 0x8f, 0x40, 0x0, 0x8, 0xf4,
    0x0, 0x0, 0x8f, 0x40, 0x0, 0x8, 0xf4, 0x0,
    0x2, 0xaf, 0x81, 0x3, 0xff, 0xff, 0xf0,

    /* U+00D0 "Ð" */
    0x0, 0xef, 0xff, 0xfe, 0xb6, 0x0, 0x0, 0x0,
    0xef, 0x88, 0x9a, 0xef, 0xd3, 0x0, 0x0, 0xee,
    0x0, 0x0, 0x7, 0xfe, 0x10, 0x0, 0xee, 0x0,
    0x0, 0x0, 0x6f, 0xa0, 0x0, 0xee, 0x0, 0x0,
    0x0, 0xe, 0xf1, 0x0, 0xee, 0x0, 0x0, 0x0,
    0xa, 0xf3, 0x6f, 0xff, 0xff, 0xf7, 0x0, 0x8,
    0xf5, 0x39, 0xff, 0x99, 0x93, 0x0, 0x8, 0xf5,
    0x0, 0xee, 0x0, 0x0, 0x0, 0xa, 0xf3, 0x0,
    0xee, 0x0, 0x0, 0x0, 0xe, 0xf0, 0x0, 0xee,
    0x0, 0x0, 0x0, 0x8f, 0x90, 0x0, 0xee, 0x0,
    0x0, 0x8, 0xfe, 0x10, 0x0, 0xef, 0x88, 0x9b,
    0xff, 0xd2, 0x0, 0x0, 0xef, 0xff, 0xfe, 0xa5,
    0x0, 0x0,

    /* U+00D1 "Ñ" */
    0x0, 0x0, 0x0, 0x0, 0x1, 0x0, 0x0, 0x0,
    0x4f, 0xfb, 0x43, 0xf2, 0x0, 0x0, 0xd, 0x96,
    0xcf, 0xfa, 0x0, 0x0, 0x0, 0x40, 0x0, 0x23,
    0x0, 0x0, 0x0, 0x0, 0x0, 0x0, 0x0, 0x0,
    0x1, 0xff, 0x50, 0x0, 0x0, 0x6, 0xf4, 0x1f,
    0xfe, 0x10, 0x0, 0x0, 0x6f, 0x41, 0xfd, 0xf9,
    0x0, 0x0, 0x6, 0xf4, 0x1f, 0x8b, 0xf4, 0x0,
    0x0, 0x6f, 0x41, 0xf8, 0x2f, 0xd0, 0x0, 0x6,
    0xf4, 0x1f, 0x90, 0x6f, 0x80, 0x0, 0x6f, 0x41,
    0xf9, 0x0, 0xcf, 0x30, 0x6, 0xf4, 0x1f, 0x90,
    0x2, 0xfc, 0x0, 0x6f, 0x41, 0xf9, 0x0, 0x7,
    0xf7, 0x6, 0xf4, 0x1f, 0x90, 0x0, 0xc, 0xf2,
    0x6f, 0x41, 0xf9, 0x0, 0x0, 0x2f, 0xb5, 0xf4,
    0x1f, 0x90, 0x0, 0x0, 0x7f, 0xbf, 0x41, 0xf9,
    0x0, 0x0, 0x0, 0xcf, 0xf4, 0x1f, 0x90, 0x0,
    0x0, 0x3, 0xff, 0x40,

    /* U+00D2 "Ò" */
    0x0, 0x0, 0x8f, 0x90, 0x0, 0x0, 0x0, 0x0,
    0x0, 0x9, 0xf4, 0x0, 0x0, 0x0, 0x0, 0x0,
    0x0, 0x8e, 0x10, 0x0, 0x0, 0x0, 0x0, 0x0,
    0x0, 0x0, 0x0, 0x0, 0x0, 0x0, 0x0, 0x0,
    0x0, 0x0, 0x0, 0x0, 0x4, 0xad, 0xfe, 0xc8,
    0x10, 0x0, 0x0, 0x9f, 0xfc, 0x9a, 0xdf, 0xe4,
    0x0, 0x8, 0xfc, 0x10, 0x0, 0x4, 0xff, 0x20,
    0x1f, 0xe1, 0x0, 0x0, 0x0, 0x5f, 0xb0, 0x7f,
    0x80, 0x0, 0x0, 0x0, 0xd, 0xf1, 0xaf, 0x40,
    0x0, 0x0, 0x0, 0xa, 0xf4, 0xbf, 0x20, 0x0,
    0x0, 0x0, 0x8, 0xf5, 0xbf, 0x20, 0x0, 0x0,
    0x0, 0x8, 0xf5, 0xaf, 0x40, 0x0, 0x0, 0x0,
    0xa, 0xf4, 0x6f, 0x80, 0x0, 0x0, 0x0, 0xd,
    0xf1, 0x1f, 0xe0, 0x0, 0x0, 0x0, 0x5f, 0xb0,
    0x8, 0xfc, 0x10, 0x0, 0x4, 0xef, 0x20, 0x0,
    0x9f, 0xfb, 0x9a, 0xdf, 0xe4, 0x0, 0x0, 0x4,
    0xad, 0xfe, 0xc8, 0x10, 0x0,

    /* U+00D3 "Ó" */
    0x0, 0x0, 0x0, 0xa, 0xf8, 0x0, 0x0, 0x0,
    0x0, 0x0, 0x4f, 0x90, 0x0, 0x0, 0x0, 0x0,
    0x1, 0xe8, 0x0, 0x0, 0x0, 0x0, 0x0, 0x0,
    0x0, 0x0, 0x0, 0x0, 0x0, 0x0, 0x0, 0x0,
    0x0, 0x0, 0x0, 0x0, 0x4, 0xad, 0xfe, 0xc8,
    0x10, 0x0, 0x0, 0x9f, 0xfc, 0x9a, 0xdf, 0xe4,
    0x0, 0x8, 0xfc, 0x10, 0x0, 0x4, 0xff, 0x20,
    0x1f, 0xe1, 0x0, 0x0, 0x0, 0x5f, 0xb0, 0x7f,
    0x80, 0x0, 0x0, 0x0, 0xd, 0xf1, 0xaf, 0x40,
    0x0, 0x0, 0x0, 0xa, 0xf4, 0xbf, 0x20, 0x0,
    0x0, 0x0, 0x8, 0xf5, 0xbf, 0x20, 0x0, 0x0,
    0x0, 0x8, 0xf5, 0xaf, 0x40, 0x0, 0x0, 0x0,
    0xa, 0xf4, 0x6f, 0x80, 0x0, 0x0, 0x0, 0xd,
    0xf1, 0x1f, 0xe0, 0x0, 0x0, 0x0, 0x5f, 0xb0,
    0x8, 0xfc, 0x10, 0x0, 0x4, 0xef, 0x20, 0x0,
    0x9f, 0xfb, 0x9a, 0xdf, 0xe4, 0x0, 0x0, 0x4,
    0xad, 0xfe, 0xc8, 0x10, 0x0,

    /* U+00D4 "Ô" */
    0x0, 0x0, 0x7, 0xff, 0x20, 0x0, 0x0, 0x0,
    0x0, 0x5f, 0x9d, 0xd1, 0x0, 0x0, 0x0, 0x4,
    0xe6, 0x1, 0xbc, 0x0, 0x0, 0x0, 0x0, 0x0,
    0x0, 0x0, 0x0, 0x0, 0x0, 0x0, 0x0, 0x0,
    0x0, 0x0, 0x0, 0x0, 0x4, 0xad, 0xfe, 0xc8,
    0x10, 0x0, 0x0, 0x9f, 0xfc, 0x9a, 0xdf, 0xe4,
    0x0, 0x8, 0xfc, 0x10, 0x0, 0x4, 0xff, 0x20,
    0x1f, 0xe1, 0x0, 0x0, 0x0, 0x5f, 0xb0, 0x7f,
    0x80, 0x0, 0x0, 0x0, 0xd, 0xf1, 0xaf, 0x40,
    0x0, 0x0, 0x0, 0xa, 0xf4, 0xbf, 0x20, 0x0,
    0x0, 0x0, 0x8, 0xf5, 0xbf, 0x20, 0x0, 0x0,
    0x0, 0x8, 0xf5, 0xaf, 0x40, 0x0, 0x0, 0x0,
    0xa, 0xf4, 0x6f, 0x80, 0x0, 0x0, 0x0, 0xd,
    0xf1, 0x1f, 0xe0, 0x0, 0x0, 0x0, 0x5f, 0xb0,
    0x8, 0xfc, 0x10, 0x0, 0x4, 0xef, 0x20, 0x0,
    0x9f, 0xfb, 0x9a, 0xdf, 0xe4, 0x0, 0x0, 0x4,
    0xad, 0xfe, 0xc8, 0x10, 0x0,

    /* U+00D5 "Õ" */
    0x0, 0x0, 0x1, 0x0, 0x0, 0x0, 0x0, 0x0,
    0x2, 0xdf, 0xd5, 0x3d, 0x50, 0x0, 0x0, 0xa,
    0xb6, 0xbf, 0xfd, 0x0, 0x0, 0x0, 0x3, 0x10,
    0x1, 0x30, 0x0, 0x0, 0x0, 0x0, 0x0, 0x0,
    0x0, 0x0, 0x0, 0x0, 0x4, 0xad, 0xfe, 0xc8,
    0x10, 0x0, 0x0, 0x9f, 0xfc, 0x9a, 0xdf, 0xe4,
    0x0, 0x8, 0xfc, 0x10, 0x0, 0x4, 0xff, 0x20,
    0x1f, 0xe1, 0x0, 0x0, 0x0, 0x5f, 0xb0, 0x7f,
    0x80, 0x0, 0x0, 0x0, 0xd, 0xf1, 0xaf, 0x40,
    0x0, 0x0, 0x0, 0xa, 0xf4, 0xbf, 0x20, 0x0,
    0x0, 0x0, 0x8, 0xf5, 0xbf, 0x20, 0x0, 0x0,
    0x0, 0x8, 0xf5, 0xaf, 0x40, 0x0, 0x0, 0x0,
    0xa, 0xf4, 0x6f, 0x80, 0x0, 0x0, 0x0, 0xd,
    0xf1, 0x1f, 0xe0, 0x0, 0x0, 0x0, 0x5f, 0xb0,
    0x8, 0xfc, 0x10, 0x0, 0x4, 0xef, 0x20, 0x0,
    0x9f, 0xfb, 0x9a, 0xdf, 0xe4, 0x0, 0x0, 0x4,
    0xad, 0xfe, 0xc8, 0x10, 0x0,

    /* U+00D6 "Ö" */
    0x0, 0x0, 0xcb, 0x1, 0xe7, 0x0, 0x0, 0x0,
    0x0, 0xca, 0x1, 0xe6, 0x0, 0x0, 0x0, 0x0,
    0x0, 0x0, 0x0, 0x0, 0x0, 0x0, 0x0, 0x0,
    0x0, 0x0, 0x0, 0x0, 0x0, 0x0, 0x0, 0x0,
    0x0, 0x0, 0x0, 0x0, 0x4, 0xad, 0xfe, 0xc8,
    0x10, 0x0, 0x0, 0x9f, 0xfc, 0x9a, 0xdf, 0xe4,
    0x0, 0x8, 0xfc, 0x10, 0x0, 0x4, 0xff, 0x20,
    0x1f, 0xe1, 0x0, 0x0, 0x0, 0x5f, 0xb0, 0x7f,
    0x80, 0x0, 0x0, 0x0, 0xd, 0xf1, 0xaf, 0x40,
    0x0, 0x0, 0x0, 0xa, 0xf4, 0xbf, 0x20, 0x0,
    0x0, 0x0, 0x8, 0xf5, 0xbf, 0x20, 0x0, 0x0,
    0x0, 0x8, 0xf5, 0xaf, 0x40, 0x0, 0x0, 0x0,
    0xa, 0xf4, 0x6f, 0x80, 0x0, 0x0, 0x0, 0xd,
    0xf1, 0x1f, 0xe0, 0x0, 0x0, 0x0, 0x5f, 0xb0,
    0x8, 0xfc, 0x10, 0x0, 0x4, 0xef, 0x20, 0x0,
    0x9f, 0xfb, 0x9a, 0xdf, 0xe4, 0x0, 0x0, 0x4,
    0xad, 0xfe, 0xc8, 0x10, 0x0,

    /* U+00D7 "×" */
    0x4, 0x0, 0x0, 0x1, 0x30, 0x7f, 0x50, 0x0,
    0x1d, 0xd0, 0xa, 0xf5, 0x1, 0xde, 0x20, 0x0,
    0xaf, 0x6d, 0xe2, 0x0, 0x0, 0xb, 0xfe, 0x20,
    0x0, 0x0, 0x1d, 0xff, 0x50, 0x0, 0x1, 0xde,
    0x3b, 0xf5, 0x0, 0x1d, 0xf3, 0x0, 0xbf, 0x40,
    0x6f, 0x30, 0x0, 0xb, 0xc0, 0x1, 0x0, 0x0,
    0x0, 0x10,

    /* U+00D8 "Ø" */
    0x0, 0x0, 0x0, 0x0, 0x0, 0x3, 0x0, 0x0,
    0x4, 0xad, 0xfe, 0xc7, 0x6f, 0x40, 0x0, 0x9f,
    0xfc, 0x9a, 0xdf, 0xfc, 0x0, 0x8, 0xfc, 0x10,
    0x0, 0xd, 0xfe, 0x20, 0x2f, 0xe1, 0x0, 0x0,
    0x8f, 0x9f, 0xa0, 0x7f, 0x80, 0x0, 0x4, 0xf8,
    0xd, 0xf0, 0xaf, 0x40, 0x0, 0x1e, 0xb0, 0xa,
    0xf4, 0xbf, 0x20, 0x0, 0xce, 0x10, 0x8, 0xf5,
    0xbf, 0x20, 0x8, 0xf4, 0x0, 0x8, 0xf5, 0xaf,
    0x40, 0x4f, 0x70, 0x0, 0xa, 0xf4, 0x6f, 0x81,
    0xeb, 0x0, 0x0, 0xd, 0xf1, 0x1f, 0xec, 0xe1,
    0x0, 0x0, 0x5f, 0xb0, 0x8, 0xff, 0x50, 0x0,
    0x4, 0xef, 0x20, 0x4, 0xff, 0xfb, 0x9a, 0xdf,
    0xe4, 0x0, 0xd, 0xc3, 0xad, 0xfe, 0xc8, 0x10,
    0x0, 0x1, 0x10, 0x0, 0x0, 0x0, 0x0, 0x0,

    /* U+00D9 "Ù" */
    0x0, 0x1, 0xef, 0x20, 0x0, 0x0, 0x0, 0x0,
    0x3e, 0xc0, 0x0, 0x0, 0x0, 0x0, 0x2, 0xd7,
    0x0, 0x0, 0x0, 0x0, 0x0, 0x0, 0x0, 0x0,
    0x0, 0x0, 0x0, 0x0, 0x0, 0x0, 0x3f, 0x90,
    0x0, 0x0, 0x0, 0xfc, 0x3f, 0x90, 0x0, 0x0,
    0x0, 0xfc, 0x3f, 0x90, 0x0, 0x0, 0x0, 0xfc,
    0x3f, 0x90, 0x0, 0x0, 0x0, 0xfc, 0x3f, 0x90,
    0x0, 0x0, 0x0, 0xfc, 0x3f, 0x90, 0x0, 0x0,
    0x0, 0xfc, 0x3f, 0x90, 0x0, 0x0, 0x0, 0xfc,
    0x3f, 0x90, 0x0, 0x0, 0x0, 0xfc, 0x3f, 0x90,
    0x0, 0x0, 0x0, 0xfc, 0x2f, 0xa0, 0x0, 0x0,
    0x1, 0xfb, 0xf, 0xe0, 0x0, 0x0, 0x5, 0xf8,
    0x9, 0xf9, 0x0, 0x0, 0x1d, 0xf2, 0x0, 0xcf,
    0xeb, 0x9b, 0xff, 0x60, 0x0, 0x7, 0xcf, 0xfe,
    0xa3, 0x0,

    /* U+00DA "Ú" */
    0x0, 0x0, 0x0, 0x2f, 0xe1, 0x0, 0x0, 0x0,
    0x0, 0xce, 0x20, 0x0, 0x0, 0x0, 0x8, 0xd2,
    0x0, 0x0, 0x0, 0x0, 0x0, 0x0, 0x0, 0x0,
    0x0, 0x0, 0x0, 0x0, 0x0, 0x0, 0x3f, 0x90,
    0x0, 0x0, 0x0, 0xfc, 0x3f, 0x90, 0x0, 0x0,
    0x0, 0xfc, 0x3f, 0x90, 0x0, 0x0, 0x0, 0xfc,
    0x3f, 0x90, 0x0, 0x0, 0x0, 0xfc, 0x3f, 0x90,
    0x0, 0x0, 0x0, 0xfc, 0x3f, 0x90, 0x0, 0x0,
    0x0, 0xfc, 0x3f, 0x90, 0x0, 0x0, 0x0, 0xfc,
    0x3f, 0x90, 0x0, 0x0, 0x0, 0xfc, 0x3f, 0x90,
    0x0, 0x0, 0x0, 0xfc, 0x2f, 0xa0, 0x0, 0x0,
    0x1, 0xfb, 0xf, 0xe0, 0x0, 0x0, 0x5, 0xf8,
    0x9, 0xf9, 0x0, 0x0, 0x1d, 0xf2, 0x0, 0xcf,
    0xeb, 0x9b, 0xff, 0x60, 0x0, 0x7, 0xcf, 0xfe,
    0xa3, 0x0,

    /* U+00DB "Û" */
    0x0, 0x0, 0x1e, 0xf9, 0x0, 0x0, 0x0, 0x0,
    0xce, 0x9f, 0x60, 0x0, 0x0, 0xb, 0xb1, 0x5,
    0xe6, 0x0, 0x0, 0x0, 0x0, 0x0, 0x0, 0x0,
    0x0, 0x0, 0x0, 0x0, 0x0, 0x0, 0x3f, 0x90,
    0x0, 0x0, 0x0, 0xfc, 0x3f, 0x90, 0x0, 0x0,
    0x0, 0xfc, 0x3f, 0x90, 0x0, 0x0, 0x0, 0xfc,
    0x3f, 0x90, 0x0, 0x0, 0x0, 0xfc, 0x3f, 0x90,
    0x0, 0x0, 0x0, 0xfc, 0x3f, 0x90, 0x0, 0x0,
    0x0, 0xfc, 0x3f, 0x90, 0x0, 0x0, 0x0, 0xfc,
    0x3f, 0x90, 0x0, 0x0, 0x0, 0xfc, 0x3f, 0x90,
    0x0, 0x0, 0x0, 0xfc, 0x2f, 0xa0, 0x0, 0x0,
    0x1, 0xfb, 0xf, 0xe0, 0x0, 0x0, 0x5, 0xf8,
    0x9, 0xf9, 0x0, 0x0, 0x1d, 0xf2, 0x0, 0xcf,
    0xeb, 0x9b, 0xff, 0x60, 0x0, 0x7, 0xcf, 0xfe,
    0xa3, 0x0,

    /* U+00DC "Ü" */
    0x0, 0x4, 0xe3, 0x8, 0xd0, 0x0, 0x0, 0x4,
    0xe3, 0x8, 0xd0, 0x0, 0x0, 0x0, 0x0, 0x0,
    0x0, 0x0, 0x0, 0x0, 0x0, 0x0, 0x0, 0x0,
    0x0, 0x0, 0x0, 0x0, 0x0, 0x0, 0x3f, 0x90,
    0x0, 0x0, 0x0, 0xfc, 0x3f, 0x90, 0x0, 0x0,
    0x0, 0xfc, 0x3f, 0x90, 0x0, 0x0, 0x0, 0xfc,
    0x3f, 0x90, 0x0, 0x0, 0x0, 0xfc, 0x3f, 0x90,
    0x0, 0x0, 0x0, 0xfc, 0x3f, 0x90, 0x0, 0x0,
    0x0, 0xfc, 0x3f, 0x90, 0x0, 0x0, 0x0, 0xfc,
    0x3f, 0x90, 0x0, 0x0, 0x0, 0xfc, 0x3f, 0x90,
    0x0, 0x0, 0x0, 0xfc, 0x2f, 0xa0, 0x0, 0x0,
    0x1, 0xfb, 0xf, 0xe0, 0x0, 0x0, 0x5, 0xf8,
    0x9, 0xf9, 0x0, 0x0, 0x1d, 0xf2, 0x0, 0xcf,
    0xeb, 0x9b, 0xff, 0x60, 0x0, 0x7, 0xcf, 0xfe,
    0xa3, 0x0,

    /* U+00DD "Ý" */
    0x0, 0x0, 0x0, 0xcf, 0x50, 0x0, 0x0, 0x0,
    0x7, 0xf7, 0x0, 0x0, 0x0, 0x0, 0x3f, 0x60,
    0x0, 0x0, 0x0, 0x0, 0x0, 0x0, 0x0, 0x0,
    0x0, 0x0, 0x0, 0x0, 0x0, 0x0, 0xbf, 0x30,
    0x0, 0x0, 0xd, 0xf1, 0x2f, 0xb0, 0x0, 0x0,
    0x6f, 0x70, 0x9, 0xf4, 0x0, 0x0, 0xee, 0x0,
    0x1, 0xfc, 0x0, 0x7, 0xf5, 0x0, 0x0, 0x8f,
    0x40, 0x1e, 0xc0, 0x0, 0x0, 0xe, 0xd0, 0x8f,
    0x40, 0x0, 0x0, 0x6, 0xf7, 0xfb, 0x0, 0x0,
    0x0, 0x0, 0xdf, 0xf2, 0x0, 0x0, 0x0, 0x0,
    0x5f, 0xa0, 0x0, 0x0, 0x0, 0x0, 0x3f, 0x90,
    0x0, 0x0, 0x0, 0x0, 0x3f, 0x90, 0x0, 0x0,
    0x0, 0x0, 0x3f, 0x90, 0x0, 0x0, 0x0, 0x0,
    0x3f, 0x90, 0x0, 0x0, 0x0, 0x0, 0x3f, 0x90,
    0x0, 0x0,

    /* U+00DE "Þ" */
    0x1f, 0xb0, 0x0, 0x0, 0x0, 0x1, 0xfb, 0x0,
    0x0, 0x0, 0x0, 0x1f, 0xff, 0xff, 0xd9, 0x10,
    0x1, 0xfe, 0x99, 0xad, 0xff, 0x20, 0x1f, 0xb0,
    0x0, 0x8, 0xfb, 0x1, 0xfb, 0x0, 0x0, 0xf,
    0xf0, 0x1f, 0xb0, 0x0, 0x0, 0xdf, 0x1, 0xfb,
    0x0, 0x0, 0xf, 0xe0, 0x1f, 0xb0, 0x0, 0x9,
    0xf9, 0x1, 0xfe, 0x88, 0xad, 0xfc, 0x0, 0x1f,
    0xff, 0xfe, 0xc6, 0x0, 0x1, 0xfb, 0x0, 0x0,
    0x0, 0x0, 0x1f, 0xb0, 0x0, 0x0, 0x0, 0x1,
    0xfb, 0x0, 0x0, 0x0, 0x0,

    /* U+00DF "ß" */
    0x0, 0x7c, 0xff, 0xd9, 0x20, 0x0, 0xaf, 0xc8,
    0x8b, 0xfe, 0x10, 0x2f, 0xb0, 0x0, 0x8, 0xf6,
    0x4, 0xf7, 0x0, 0x0, 0x7f, 0x50, 0x4f, 0x70,
    0x0, 0x4f, 0xb0, 0x4, 0xf7, 0x0, 0x6f, 0xa0,
    0x0, 0x4f, 0x70, 0xf, 0xc0, 0x0, 0x4, 0xf7,
    0x0, 0xfe, 0x20, 0x0, 0x4f, 0x70, 0x5, 0xff,
    0x50, 0x4, 0xf7, 0x0, 0x3, 0xdf, 0x90, 0x4f,
    0x70, 0x0, 0x0, 0xaf, 0x64, 0xf7, 0x0, 0x0,
    0x1, 0xfa, 0x4f, 0x70, 0x10, 0x0, 0x2f, 0xa4,
    0xf7, 0xe, 0xa8, 0x8d, 0xf4, 0x4f, 0x70, 0x7d,
    0xff, 0xc5, 0x0,

    /* U+00E0 "à" */
    0x0, 0xb, 0xf6, 0x0, 0x0, 0x0, 0x0, 0xbf,
    0x20, 0x0, 0x0, 0x0, 0x9, 0xb0, 0x0, 0x0,
    0x0, 0x0, 0x0, 0x0, 0x0, 0x39, 0xdf, 0xfb,
    0x30, 0x0, 0xbe, 0x97, 0x9f, 0xf2, 0x0, 0x20,
    0x0, 0x7, 0xf7, 0x0, 0x0, 0x0, 0x3, 0xf9,
    0x0, 0x0, 0x0, 0x2, 0xf9, 0x0, 0x5b, 0xef,
    0xff, 0xf9, 0x8, 0xfc, 0x53, 0x35, 0xf9, 0xf,
    0xe0, 0x0, 0x3, 0xf9, 0xf, 0xc0, 0x0, 0x9,
    0xf9, 0xb, 0xf8, 0x45, 0xad, 0xf9, 0x1, 0x9e,
    0xfe, 0x90, 0xc9,

    /* U+00E1 "á" */
    0x0, 0x0, 0x0, 0xdf, 0x50, 0x0, 0x0, 0x8,
    0xf6, 0x0, 0x0, 0x0, 0x3d, 0x40, 0x0, 0x0,
    0x0, 0x0, 0x0, 0x0, 0x0, 0x39, 0xdf, 0xfb,
    0x30, 0x0, 0xbe, 0x97, 0x9f, 0xf2, 0x0, 0x20,
    0x0, 0x7, 0xf7, 0x0, 0x0, 0x0, 0x3, 0xf9,
    0x0, 0x0, 0x0, 0x2, 0xf9, 0x0, 0x5b, 0xef,
    0xff, 0xf9, 0x8, 0xfc, 0x53, 0x35, 0xf9, 0xf,
    0xe0, 0x0, 0x3, 0xf9, 0xf, 0xc0, 0x0, 0x9,
    0xf9, 0xb, 0xf8, 0x45, 0xad, 0xf9, 0x1, 0x9e,
    0xfe, 0x90, 0xc9,

    /* U+00E2 "â" */
    0x0, 0x0, 0xbf, 0xd0, 0x0, 0x0, 0x8, 0xf7,
    0xeb, 0x0, 0x0, 0x7c, 0x30, 0x1b, 0xa0, 0x0,
    0x0, 0x0, 0x0, 0x0, 0x0, 0x39, 0xdf, 0xfb,
    0x30, 0x0, 0xbe, 0x97, 0x9f, 0xf2, 0x0, 0x20,
    0x0, 0x7, 0xf7, 0x0, 0x0, 0x0, 0x3, 0xf9,
    0x0, 0x0, 0x0, 0x2, 0xf9, 0x0, 0x5b, 0xef,
    0xff, 0xf9, 0x8, 0xfc, 0x53, 0x35, 0xf9, 0xf,
    0xe0, 0x0, 0x3, 0xf9, 0xf, 0xc0, 0x0, 0x9,
    0xf9, 0xb, 0xf8, 0x45, 0xad, 0xf9, 0x1, 0x9e,
    0xfe, 0x90, 0xc9,

    /* U+00E3 "ã" */
    0x0, 0x0, 0x0, 0x11, 0x0, 0x0, 0x7e, 0xff,
    0xff, 0xe1, 0x0, 0x46, 0x65, 0x54, 0x0, 0x0,
    0x0, 0x0, 0x0, 0x0, 0x0, 0x39, 0xdf, 0xfb,
    0x30, 0x0, 0xbe, 0x97, 0x9f, 0xf2, 0x0, 0x20,
    0x0, 0x7, 0xf7, 0x0, 0x0, 0x0, 0x3, 0xf9,
    0x0, 0x0, 0x0, 0x2, 0xf9, 0x0, 0x5b, 0xef,
    0xff, 0xf9, 0x8, 0xfc, 0x53, 0x35, 0xf9, 0xf,
    0xe0, 0x0, 0x3, 0xf9, 0xf, 0xc0, 0x0, 0x9,
    0xf9, 0xb, 0xf8, 0x45, 0xad, 0xf9, 0x1, 0x9e,
    0xfe, 0x90, 0xc9,

    /* U+00E4 "ä" */
    0x0, 0x1e, 0x80, 0x4e, 0x40, 0x0, 0x1e, 0x70,
    0x4e, 0x40, 0x0, 0x0, 0x0, 0x0, 0x0, 0x0,
    0x39, 0xdf, 0xfb, 0x30, 0x0, 0xbe, 0x97, 0x9f,
    0xf2, 0x0, 0x20, 0x0, 0x7, 0xf7, 0x0, 0x0,
    0x0, 0x3, 0xf9, 0x0, 0x0, 0x0, 0x2, 0xf9,
    0x0, 0x5b, 0xef, 0xff, 0xf9, 0x8, 0xfc, 0x53,
    0x35, 0xf9, 0xf, 0xe0, 0x0, 0x3, 0xf9, 0xf,
    0xc0, 0x0, 0x9, 0xf9, 0xb, 0xf8, 0x45, 0xad,
    0xf9, 0x1, 0x9e, 0xfe, 0x90, 0xc9,

    /* U+00E5 "å" */
    0x0, 0x1, 0xbf, 0xc2, 0x0, 0x0, 0x7, 0xb0,
    0x8b, 0x0, 0x0, 0x7, 0xa0, 0x7b, 0x0, 0x0,
    0x1, 0xdf, 0xe3, 0x0, 0x0, 0x0, 0x0, 0x0,
    0x0, 0x0, 0x39, 0xdf, 0xfb, 0x30, 0x0, 0xbe,
    0x97, 0x9f, 0xf2, 0x0, 0x20, 0x0, 0x7, 0xf7,
    0x0, 0x0, 0x0, 0x3, 0xf9, 0x0, 0x0, 0x0,
    0x2, 0xf9, 0x0, 0x5b, 0xef, 0xff, 0xf9, 0x8,
    0xfc, 0x53, 0x35, 0xf9, 0xf, 0xe0, 0x0, 0x3,
    0xf9, 0xf, 0xc0, 0x0, 0x9, 0xf9, 0xb, 0xf8,
    0x45, 0xad, 0xf9, 0x1, 0x9e, 0xfe, 0x90, 0xc9,

    /* U+00E6 "æ" */
    0x0, 0x5b, 0xef, 0xe9, 0x2, 0xae, 0xfc, 0x40,
    0x0, 0xe, 0xc9, 0x7a, 0xfb, 0xee, 0x88, 0xdf,
    0x50, 0x0, 0x0, 0x0, 0x9, 0xfe, 0x0, 0x1,
    0xee, 0x0, 0x0, 0x0, 0x1, 0x7f, 0x91, 0x11,
    0x1b, 0xf2, 0x0, 0x5c, 0xff, 0xff, 0xff, 0xff,
    0xff, 0xff, 0x40, 0x7f, 0xd6, 0x44, 0x9f, 0x94,
    0x44, 0x44, 0x41, 0xe, 0xf1, 0x0, 0x7, 0xf8,
    0x0, 0x0, 0x0, 0x0, 0xfc, 0x0, 0x0, 0xaf,
    0xb0, 0x0, 0x0, 0x0, 0xe, 0xe0, 0x0, 0x3f,
    0xef, 0x40, 0x0, 0x2, 0x0, 0x8f, 0xd8, 0xaf,
    0xa1, 0xef, 0xa8, 0xad, 0xc0, 0x0, 0x8e, 0xfd,
    0x70, 0x1, 0x9e, 0xfe, 0xb5, 0x0,

    /* U+00E7 "ç" */
    0x0, 0x5c, 0xef, 0xd8, 0x9, 0xfe, 0xa9, 0xc9,
    0x4f, 0xc1, 0x0, 0x0, 0xaf, 0x40, 0x0, 0x0,
    0xcf, 0x0, 0x0, 0x0, 0xef, 0x0, 0x0, 0x0,
    0xdf, 0x0, 0x0, 0x0, 0xaf, 0x40, 0x0, 0x0,
    0x4f, 0xc0, 0x0, 0x0, 0xa, 0xfd, 0x99, 0xbb,
    0x0, 0x6c, 0xff, 0xd6, 0x0, 0x1, 0xf1, 0x0,
    0x0, 0x5, 0xfb, 0x10, 0x0, 0x0, 0x1e, 0x90,
    0x0, 0x2, 0x3e, 0x70, 0x0, 0x4f, 0xe9, 0x0,

    /* U+00E8 "è" */
    0x0, 0xaf, 0x80, 0x0, 0x0, 0x0, 0xa, 0xf3,
    0x0, 0x0, 0x0, 0x0, 0x8c, 0x0, 0x0, 0x0,
    0x0, 0x0, 0x0, 0x0, 0x0, 0x5c, 0xfe, 0xb3,
    0x0, 0x8, 0xfb, 0x88, 0xef, 0x50, 0x3f, 0x80,
    0x0, 0x1e, 0xe0, 0x9f, 0x21, 0x11, 0x1b, 0xf2,
    0xcf, 0xff, 0xff, 0xff, 0xf4, 0xef, 0x44, 0x44,
    0x44, 0x41, 0xdf, 0x10, 0x0, 0x0, 0x0, 0xaf,
    0x50, 0x0, 0x0, 0x0, 0x3f, 0xe1, 0x0, 0x0,
    0x20, 0x8, 0xff, 0x98, 0xad, 0xc0, 0x0, 0x4b,
    0xef, 0xeb, 0x50,

    /* U+00E9 "é" */
    0x0, 0x0, 0xc, 0xf6, 0x0, 0x0, 0x0, 0x7f,
    0x70, 0x0, 0x0, 0x2, 0xd5, 0x0, 0x0, 0x0,
    0x0, 0x0, 0x0, 0x0, 0x0, 0x5c, 0xfe, 0xb3,
    0x0, 0x8, 0xfb, 0x88, 0xef, 0x50, 0x3f, 0x80,
    0x0, 0x1e, 0xe0, 0x9f, 0x21, 0x11, 0x1b, 0xf2,
    0xcf, 0xff, 0xff, 0xff, 0xf4, 0xef, 0x44, 0x44,
    0x44, 0x41, 0xdf, 0x10, 0x0, 0x0, 0x0, 0xaf,
    0x50, 0x0, 0x0, 0x0, 0x3f, 0xe1, 0x0, 0x0,
    0x20, 0x8, 0xff, 0x98, 0xad, 0xc0, 0x0, 0x4b,
    0xef, 0xeb, 0x50,

    /* U+00EA "ê" */
    0x0, 0x9, 0xfe, 0x10, 0x0, 0x0, 0x7f, 0x8e,
    0xc0, 0x0, 0x5, 0xd3, 0x1, 0xab, 0x0, 0x0,
    0x0, 0x0, 0x0, 0x0, 0x0, 0x5c, 0xfe, 0xb3,
    0x0, 0x8, 0xfb, 0x88, 0xef, 0x50, 0x3f, 0x80,
    0x0, 0x1e, 0xe0, 0x9f, 0x21, 0x11, 0x1b, 0xf2,
    0xcf, 0xff, 0xff, 0xff, 0xf4, 0xef, 0x44, 0x44,
    0x44, 0x41, 0xdf, 0x10, 0x0, 0x0, 0x0, 0xaf,
    0x50, 0x0, 0x0, 0x0, 0x3f, 0xe1, 0x0, 0x0,
    0x20, 0x8, 0xff, 0x98, 0xad, 0xc0, 0x0, 0x4b,
    0xef, 0xeb, 0x50,

    /* U+00EB "ë" */
    0x0, 0xd9, 0x3, 0xe5, 0x0, 0x0, 0xd8, 0x3,
    0xe5, 0x0, 0x0, 0x0, 0x0, 0x0, 0x0, 0x0,
    0x5c, 0xfe, 0xb3, 0x0, 0x8, 0xfb, 0x88, 0xef,
    0x50, 0x3f, 0x80, 0x0, 0x1e, 0xe0, 0x9f, 0x21,
    0x11, 0x1b, 0xf2, 0xcf, 0xff, 0xff, 0xff, 0xf4,
    0xef, 0x44, 0x44, 0x44, 0x41, 0xdf, 0x10, 0x0,
    0x0, 0x0, 0xaf, 0x50, 0x0, 0x0, 0x0, 0x3f,
    0xe1, 0x0, 0x0, 0x20, 0x8, 0xff, 0x98, 0xad,
    0xc0, 0x0, 0x4b, 0xef, 0xeb, 0x50,

    /* U+00EC "ì" */
    0xb, 0xf6, 0x0, 0xb, 0xf2, 0x0, 0x8, 0xa0,
    0x0, 0x0, 0x0, 0x4f, 0x70, 0x4, 0xf7, 0x0,
    0x4f, 0x70, 0x4, 0xf7, 0x0, 0x4f, 0x70, 0x4,
    0xf7, 0x0, 0x4f, 0x70, 0x4, 0xf7, 0x0, 0x4f,
    0x70, 0x4, 0xf7, 0x0, 0x4f, 0x70,

    /* U+00ED "í" */
    0x0, 0xdf, 0x40, 0x9f, 0x40, 0x3b, 0x30, 0x0,
    0x0, 0x0, 0x4f, 0x70, 0x4, 0xf7, 0x0, 0x4f,
    0x70, 0x4, 0xf7, 0x0, 0x4f, 0x70, 0x4, 0xf7,
    0x0, 0x4f, 0x70, 0x4, 0xf7, 0x0, 0x4f, 0x70,
    0x4, 0xf7, 0x0, 0x4f, 0x70, 0x0,

    /* U+00EE "î" */
    0x0, 0xbf, 0xc0, 0x0, 0xae, 0x6e, 0xb0, 0x6a,
    0x10, 0x19, 0x80, 0x0, 0x0, 0x0, 0x0, 0x4f,
    0x70, 0x0, 0x4, 0xf7, 0x0, 0x0, 0x4f, 0x70,
    0x0, 0x4, 0xf7, 0x0, 0x0, 0x4f, 0x70, 0x0,
    0x4, 0xf7, 0x0, 0x0, 0x4f, 0x70, 0x0, 0x4,
    0xf7, 0x0, 0x0, 0x4f, 0x70, 0x0, 0x4, 0xf7,
    0x0, 0x0, 0x4f, 0x70, 0x0,

    /* U+00EF "ï" */
    0x1e, 0x70, 0x4e, 0x31, 0xe7, 0x4, 0xe3, 0x0,
    0x0, 0x0, 0x0, 0x4, 0xf7, 0x0, 0x0, 0x4f,
    0x70, 0x0, 0x4, 0xf7, 0x0, 0x0, 0x4f, 0x70,
    0x0, 0x4, 0xf7, 0x0, 0x0, 0x4f, 0x70, 0x0,
    0x4, 0xf7, 0x0, 0x0, 0x4f, 0x70, 0x0, 0x4,
    0xf7, 0x0, 0x0, 0x4f, 0x70, 0x0, 0x4, 0xf7,
    0x0,

    /* U+00F0 "ð" */
    0x0, 0x1c, 0x50, 0x8, 0x60, 0x0, 0x1, 0xbf,
    0xce, 0xe6, 0x0, 0x0, 0x3, 0xef, 0xf3, 0x0,
    0x0, 0x8, 0xfb, 0x5f, 0xd0, 0x0, 0x0, 0x35,
    0x0, 0x5f, 0x80, 0x0, 0x0, 0x1, 0x10, 0xaf,
    0x10, 0x0, 0x9f, 0xff, 0xd8, 0xf6, 0x0, 0xcf,
    0xa6, 0x6a, 0xff, 0xb0, 0x7f, 0x80, 0x0, 0x7,
    0xfd, 0xc, 0xf1, 0x0, 0x0, 0xe, 0xf0, 0xee,
    0x0, 0x0, 0x0, 0xcf, 0xd, 0xf0, 0x0, 0x0,
    0xe, 0xe0, 0xaf, 0x20, 0x0, 0x1, 0xfb, 0x4,
    0xfa, 0x0, 0x0, 0x9f, 0x50, 0x9, 0xfd, 0x87,
    0xcf, 0xa0, 0x0, 0x5, 0xcf, 0xfc, 0x60, 0x0,

    /* U+00F1 "ñ" */
    0x0, 0x0, 0x0, 0x10, 0x0, 0x1, 0xbf, 0xff,
    0xff, 0x90, 0x1, 0x56, 0x65, 0x42, 0x0, 0x0,
    0x0, 0x0, 0x0, 0x0, 0x4f, 0x34, 0xcf, 0xeb,
    0x30, 0x4f, 0xbf, 0xa8, 0xaf, 0xf2, 0x4f, 0xf3,
    0x0, 0x6, 0xf8, 0x4f, 0xb0, 0x0, 0x1, 0xfb,
    0x4f, 0x80, 0x0, 0x0, 0xfb, 0x4f, 0x70, 0x0,
    0x0, 0xfb, 0x4f, 0x70, 0x0, 0x0, 0xfb, 0x4f,
    0x70, 0x0, 0x0, 0xfb, 0x4f, 0x70, 0x0, 0x0,
    0xfb, 0x4f, 0x70, 0x0, 0x0, 0xfb, 0x4f, 0x70,
    0x0, 0x0, 0xfb,

    /* U+00F2 "ò" */
    0x0, 0x4f, 0xd0, 0x0, 0x0, 0x0, 0x0, 0x5f,
    0x80, 0x0, 0x0, 0x0, 0x0, 0x4d, 0x30, 0x0,
    0x0, 0x0, 0x0, 0x0, 0x0, 0x0, 0x0, 0x5c,
    0xff, 0xc6, 0x0, 0x0, 0x9f, 0xd8, 0x8d, 0xfa,
    0x0, 0x4f, 0xb0, 0x0, 0xa, 0xf5, 0xa, 0xf4,
    0x0, 0x0, 0x2f, 0xb0, 0xdf, 0x0, 0x0, 0x0,
    0xee, 0xe, 0xf0, 0x0, 0x0, 0xd, 0xf0, 0xcf,
    0x0, 0x0, 0x0, 0xef, 0x9, 0xf4, 0x0, 0x0,
    0x2f, 0xb0, 0x3f, 0xb0, 0x0, 0xa, 0xf5, 0x0,
    0x8f, 0xd8, 0x8c, 0xfa, 0x0, 0x0, 0x5c, 0xff,
    0xc6, 0x0, 0x0,

    /* U+00F3 "ó" */
    0x0, 0x0, 0x6, 0xfb, 0x0, 0x0, 0x0, 0x2,
    0xfb, 0x0, 0x0, 0x0, 0x0, 0xb9, 0x0, 0x0,
    0x0, 0x0, 0x0, 0x0, 0x0, 0x0, 0x0, 0x5c,
    0xff, 0xc6, 0x0, 0x0, 0x9f, 0xd8, 0x8d, 0xfa,
    0x0, 0x4f, 0xb0, 0x0, 0xa, 0xf5, 0xa, 0xf4,
    0x0, 0x0, 0x2f, 0xb0, 0xdf, 0x0, 0x0, 0x0,
    0xee, 0xe, 0xf0, 0x0, 0x0, 0xd, 0xf0, 0xcf,
    0x0, 0x0, 0x0, 0xef, 0x9, 0xf4, 0x0, 0x0,
    0x2f, 0xb0, 0x3f, 0xb0, 0x0, 0xa, 0xf5, 0x0,
    0x8f, 0xd8, 0x8c, 0xfa, 0x0, 0x0, 0x5c, 0xff,
    0xc6, 0x0, 0x0,

    /* U+00F4 "ô" */
    0x0, 0x4, 0xff, 0x50, 0x0, 0x0, 0x2, 0xfb,
    0xaf, 0x30, 0x0, 0x1, 0xd7, 0x0, 0x7d, 0x20,
    0x0, 0x0, 0x0, 0x0, 0x0, 0x0, 0x0, 0x5c,
    0xff, 0xc6, 0x0, 0x0, 0x9f, 0xd8, 0x8d, 0xfa,
    0x0, 0x4f, 0xb0, 0x0, 0xa, 0xf5, 0xa, 0xf4,
    0x0, 0x0, 0x2f, 0xb0, 0xdf, 0x0, 0x0, 0x0,
    0xee, 0xe, 0xf0, 0x0, 0x0, 0xd, 0xf0, 0xcf,
    0x0, 0x0, 0x0, 0xef, 0x9, 0xf4, 0x0, 0x0,
    0x2f, 0xb0, 0x3f, 0xb0, 0x0, 0xa, 0xf5, 0x0,
    0x8f, 0xd8, 0x8c, 0xfa, 0x0, 0x0, 0x5c, 0xff,
    0xc6, 0x0, 0x0,

    /* U+00F5 "õ" */
    0x0, 0x0, 0x1, 0x10, 0x0, 0x0, 0x2c, 0xff,
    0xff, 0xf7, 0x0, 0x2, 0x56, 0x55, 0x42, 0x0,
    0x0, 0x0, 0x0, 0x0, 0x0, 0x0, 0x0, 0x5c,
    0xff, 0xc6, 0x0, 0x0, 0x9f, 0xd8, 0x8d, 0xfa,
    0x0, 0x4f, 0xb0, 0x0, 0xa, 0xf5, 0xa, 0xf4,
    0x0, 0x0, 0x2f, 0xb0, 0xdf, 0x0, 0x0, 0x0,
    0xee, 0xe, 0xf0, 0x0, 0x0, 0xd, 0xf0, 0xcf,
    0x0, 0x0, 0x0, 0xef, 0x9, 0xf4, 0x0, 0x0,
    0x2f, 0xb0, 0x3f, 0xb0, 0x0, 0xa, 0xf5, 0x0,
    0x8f, 0xd8, 0x8c, 0xfa, 0x0, 0x0, 0x5c, 0xff,
    0xc6, 0x0, 0x0,

    /* U+00F6 "ö" */
    0x0, 0x8d, 0x0, 0xca, 0x0, 0x0, 0x8, 0xd0,
    0xc, 0xa0, 0x0, 0x0, 0x0, 0x0, 0x0, 0x0,
    0x0, 0x5, 0xcf, 0xfc, 0x60, 0x0, 0x9, 0xfd,
    0x88, 0xdf, 0xa0, 0x4, 0xfb, 0x0, 0x0, 0xaf,
    0x50, 0xaf, 0x40, 0x0, 0x2, 0xfb, 0xd, 0xf0,
    0x0, 0x0, 0xe, 0xe0, 0xef, 0x0, 0x0, 0x0,
    0xdf, 0xc, 0xf0, 0x0, 0x0, 0xe, 0xf0, 0x9f,
    0x40, 0x0, 0x2, 0xfb, 0x3, 0xfb, 0x0, 0x0,
    0xaf, 0x50, 0x8, 0xfd, 0x88, 0xcf, 0xa0, 0x0,
    0x5, 0xcf, 0xfc, 0x60, 0x0,

    /* U+00F7 "÷" */
    0x0, 0x0, 0x62, 0x0, 0x0, 0x0, 0x5, 0xfb,
    0x0, 0x0, 0x0, 0x3, 0xf8, 0x0, 0x0, 0x0,
    0x0, 0x0, 0x0, 0x0, 0x11, 0x11, 0x11, 0x11,
    0x10, 0xff, 0xff, 0xff, 0xff, 0xf6, 0x44, 0x44,
    0x44, 0x44, 0x42, 0x0, 0x0, 0x62, 0x0, 0x0,
    0x0, 0x5, 0xfb, 0x0, 0x0, 0x0, 0x3, 0xf8,
    0x0, 0x0,

    /* U+00F8 "ø" */
    0x0, 0x0, 0x0, 0x0, 0x20, 0x0, 0x5, 0xcf,
    0xfc, 0x7f, 0x60, 0x9, 0xfd, 0x88, 0xdf, 0xe0,
    0x4, 0xfb, 0x0, 0x9, 0xff, 0x40, 0xaf, 0x40,
    0x4, 0xf8, 0xfb, 0xd, 0xf0, 0x1, 0xeb, 0xe,
    0xe0, 0xef, 0x0, 0xce, 0x10, 0xdf, 0xd, 0xf0,
    0x8f, 0x30, 0xe, 0xf0, 0xaf, 0x7f, 0x70, 0x2,
    0xfb, 0x3, 0xff, 0xc0, 0x0, 0xaf, 0x50, 0xc,
    0xfd, 0x88, 0xcf, 0xa0, 0x4, 0xf8, 0xcf, 0xfc,
    0x60, 0x0, 0x3, 0x0, 0x0, 0x0, 0x0, 0x0,

    /* U+00F9 "ù" */
    0x0, 0x2f, 0xe1, 0x0, 0x0, 0x0, 0x3, 0xeb,
    0x0, 0x0, 0x0, 0x0, 0x2b, 0x50, 0x0, 0x0,
    0x0, 0x0, 0x0, 0x0, 0x6f, 0x50, 0x0, 0x1,
    0xfa, 0x6f, 0x50, 0x0, 0x1, 0xfa, 0x6f, 0x50,
    0x0, 0x1, 0xfa, 0x6f, 0x50, 0x0, 0x1, 0xfa,
    0x6f, 0x50, 0x0, 0x1, 0xfa, 0x6f, 0x50, 0x0,
    0x1, 0xfa, 0x6f, 0x50, 0x0, 0x2, 0xfa, 0x6f,
    0x60, 0x0, 0x5, 0xfa, 0x4f, 0xa0, 0x0, 0xb,
    0xfa, 0xd, 0xf9, 0x45, 0xbd, 0xfa, 0x1, 0x9d,
    0xfe, 0x91, 0xea,

    /* U+00FA "ú" */
    0x0, 0x0, 0x4, 0xfc, 0x0, 0x0, 0x0, 0x1e,
    0xc1, 0x0, 0x0, 0x0, 0x89, 0x0, 0x0, 0x0,
    0x0, 0x0, 0x0, 0x0, 0x6f, 0x50, 0x0, 0x1,
    0xfa, 0x6f, 0x50, 0x0, 0x1, 0xfa, 0x6f, 0x50,
    0x0, 0x1, 0xfa, 0x6f, 0x50, 0x0, 0x1, 0xfa,
    0x6f, 0x50, 0x0, 0x1, 0xfa, 0x6f, 0x50, 0x0,
    0x1, 0xfa, 0x6f, 0x50, 0x0, 0x2, 0xfa, 0x6f,
    0x60, 0x0, 0x5, 0xfa, 0x4f, 0xa0, 0x0, 0xb,
    0xfa, 0xd, 0xf9, 0x45, 0xbd, 0xfa, 0x1, 0x9d,
    0xfe, 0x91, 0xea,

    /* U+00FB "û" */
    0x0, 0x2, 0xff, 0x70, 0x0, 0x0, 0x2e, 0xb8,
    0xf6, 0x0, 0x0, 0xb7, 0x0, 0x4b, 0x30, 0x0,
    0x0, 0x0, 0x0, 0x0, 0x6f, 0x50, 0x0, 0x1,
    0xfa, 0x6f, 0x50, 0x0, 0x1, 0xfa, 0x6f, 0x50,
    0x0, 0x1, 0xfa, 0x6f, 0x50, 0x0, 0x1, 0xfa,
    0x6f, 0x50, 0x0, 0x1, 0xfa, 0x6f, 0x50, 0x0,
    0x1, 0xfa, 0x6f, 0x50, 0x0, 0x2, 0xfa, 0x6f,
    0x60, 0x0, 0x5, 0xfa, 0x4f, 0xa0, 0x0, 0xb,
    0xfa, 0xd, 0xf9, 0x45, 0xbd, 0xfa, 0x1, 0x9d,
    0xfe, 0x91, 0xea,

    /* U+00FC "ü" */
    0x0, 0x6e, 0x20, 0xac, 0x0, 0x0, 0x6e, 0x20,
    0xac, 0x0, 0x0, 0x0, 0x0, 0x0, 0x0, 0x6f,
    0x50, 0x0, 0x1, 0xfa, 0x6f, 0x50, 0x0, 0x1,
    0xfa, 0x6f, 0x50, 0x0, 0x1, 0xfa, 0x6f, 0x50,
    0x0, 0x1, 0xfa, 0x6f, 0x50, 0x0, 0x1, 0xfa,
    0x6f, 0x50, 0x0, 0x1, 0xfa, 0x6f, 0x50, 0x0,
    0x2, 0xfa, 0x6f, 0x60, 0x0, 0x5, 0xfa, 0x4f,
    0xa0, 0x0, 0xb, 0xfa, 0xd, 0xf9, 0x45, 0xbd,
    0xfa, 0x1, 0x9d, 0xfe, 0x91, 0xea,

    /* U+00FD "ý" */
    0x0, 0x0, 0x6, 0xfb, 0x0, 0x0, 0x0, 0x2,
    0xfb, 0x0, 0x0, 0x0, 0x0, 0x98, 0x0, 0x0,
    0x0, 0x0, 0x0, 0x0, 0x0, 0x0, 0xcf, 0x10,
    0x0, 0x0, 0xdf, 0x6, 0xf7, 0x0, 0x0, 0x3f,
    0xa0, 0xf, 0xd0, 0x0, 0x9, 0xf4, 0x0, 0xaf,
    0x30, 0x0, 0xee, 0x0, 0x3, 0xf8, 0x0, 0x4f,
    0x80, 0x0, 0xd, 0xe0, 0x9, 0xf2, 0x0, 0x0,
    0x7f, 0x40, 0xed, 0x0, 0x0, 0x1, 0xf9, 0x4f,
    0x70, 0x0, 0x0, 0xa, 0xe9, 0xf1, 0x0, 0x0,
    0x0, 0x4f, 0xfb, 0x0, 0x0, 0x0, 0x0, 0xef,
    0x50, 0x0, 0x0, 0x0, 0xc, 0xf0, 0x0, 0x0,
    0x0, 0x3, 0xf9, 0x0, 0x0, 0x0, 0x0, 0xbf,
    0x20, 0x0, 0x0, 0x67, 0xbf, 0x80, 0x0, 0x0,
    0xb, 0xfd, 0x70, 0x0, 0x0, 0x0,

    /* U+00FE "þ" */
    0x4f, 0x70, 0x0, 0x0, 0x0, 0x4, 0xf7, 0x0,
    0x0, 0x0, 0x0, 0x4f, 0x70, 0x0, 0x0, 0x0,
    0x4, 0xf7, 0x0, 0x0, 0x0, 0x0, 0x4f, 0x75,
    0xcf, 0xea, 0x20, 0x4, 0xfc, 0xfa, 0x8b, 0xfe,
    0x10, 0x4f, 0xf3, 0x0, 0x6, 0xfa, 0x4, 0xfb,
    0x0, 0x0, 0xe, 0xf0, 0x4f, 0x80, 0x0, 0x0,
    0xbf, 0x24, 0xf7, 0x0, 0x0, 0xa, 0xf2, 0x4f,
    0x80, 0x0, 0x0, 0xbf, 0x24, 0xfb, 0x0, 0x0,
    0xe, 0xf0, 0x4f, 0xf2, 0x0, 0x6, 0xfa, 0x4,
    0xfc, 0xf9, 0x7a, 0xfe, 0x10, 0x4f, 0x65, 0xdf,
    0xea, 0x20, 0x4, 0xf7, 0x0, 0x0, 0x0, 0x0,
    0x4f, 0x70, 0x0, 0x0, 0x0, 0x4, 0xf7, 0x0,
    0x0, 0x0, 0x0, 0x4f, 0x70, 0x0, 0x0, 0x0,
    0x4, 0xf7, 0x0, 0x0, 0x0, 0x0,

    /* U+00FF "ÿ" */
    0x0, 0x8e, 0x10, 0xbb, 0x0, 0x0, 0x7, 0xe1,
    0xb, 0xb0, 0x0, 0x0, 0x0, 0x0, 0x0, 0x0,
    0xc, 0xf1, 0x0, 0x0, 0xd, 0xf0, 0x6f, 0x70,
    0x0, 0x3, 0xfa, 0x0, 0xfd, 0x0, 0x0, 0x9f,
    0x40, 0xa, 0xf3, 0x0, 0xe, 0xe0, 0x0, 0x3f,
    0x80, 0x4, 0xf8, 0x0, 0x0, 0xde, 0x0, 0x9f,
    0x20, 0x0, 0x7, 0xf4, 0xe, 0xd0, 0x0, 0x0,
    0x1f, 0x94, 0xf7, 0x0, 0x0, 0x0, 0xae, 0x9f,
    0x10, 0x0, 0x0, 0x4, 0xff, 0xb0, 0x0, 0x0,
    0x0, 0xe, 0xf5, 0x0, 0x0, 0x0, 0x0, 0xcf,
    0x0, 0x0, 0x0, 0x0, 0x3f, 0x90, 0x0, 0x0,
    0x0, 0xb, 0xf2, 0x0, 0x0, 0x6, 0x7b, 0xf8,
    0x0, 0x0, 0x0, 0xbf, 0xd7, 0x0, 0x0, 0x0,
    0x0
};


/*---------------------
 *  GLYPH DESCRIPTION
 *--------------------*/

static const lv_font_fmt_txt_glyph_dsc_t glyph_dsc[] = {
    {.bitmap_index = 0, .adv_w = 0, .box_w = 0, .box_h = 0, .ofs_x = 0, .ofs_y = 0} /* id = 0 reserved */,
    {.bitmap_index = 0, .adv_w = 83, .box_w = 0, .box_h = 0, .ofs_x = 0, .ofs_y = 0},
    {.bitmap_index = 0, .adv_w = 86, .box_w = 3, .box_h = 14, .ofs_x = 1, .ofs_y = 0},
    {.bitmap_index = 21, .adv_w = 131, .box_w = 6, .box_h = 6, .ofs_x = 1, .ofs_y = 8},
    {.bitmap_index = 39, .adv_w = 207, .box_w = 13, .box_h = 14, .ofs_x = 0, .ofs_y = 0},
    {.bitmap_index = 130, .adv_w = 183, .box_w = 10, .box_h = 17, .ofs_x = 1, .ofs_y = -2},
    {.bitmap_index = 215, .adv_w = 266, .box_w = 16, .box_h = 14, .ofs_x = 0, .ofs_y = 0},
    {.bitmap_index = 327, .adv_w = 234, .box_w = 14, .box_h = 14, .ofs_x = 1, .ofs_y = 0},
    {.bitmap_index = 425, .adv_w = 72, .box_w = 3, .box_h = 6, .ofs_x = 1, .ofs_y = 8},
    {.bitmap_index = 434, .adv_w = 96, .box_w = 6, .box_h = 18, .ofs_x = 0, .ofs_y = -4},
    {.bitmap_index = 488, .adv_w = 96, .box_w = 6, .box_h = 18, .ofs_x = 0, .ofs_y = -4},
    {.bitmap_index = 542, .adv_w = 176, .box_w = 11, .box_h = 10, .ofs_x = 0, .ofs_y = 5},
    {.bitmap_index = 597, .adv_w = 183, .box_w = 10, .box_h = 10, .ofs_x = 1, .ofs_y = 2},
    {.bitmap_index = 647, .adv_w = 86, .box_w = 4, .box_h = 5, .ofs_x = 0, .ofs_y = -3},
    {.bitmap_index = 657, .adv_w = 103, .box_w = 6, .box_h = 2, .ofs_x = 0, .ofs_y = 5},
    {.bitmap_index = 663, .adv_w = 86, .box_w = 3, .box_h = 3, .ofs_x = 1, .ofs_y = 0},
    {.bitmap_index = 668, .adv_w = 119, .box_w = 8, .box_h = 14, .ofs_x = 0, .ofs_y = 0},
    {.bitmap_index = 724, .adv_w = 183, .box_w = 11, .box_h = 14, .ofs_x = 0, .ofs_y = 0},
    {.bitmap_index = 801, .adv_w = 183, .box_w = 7, .box_h = 14, .ofs_x = 1, .ofs_y = 0},
    {.bitmap_index = 850, .adv_w = 183, .box_w = 11, .box_h = 14, .ofs_x = 0, .ofs_y = 0},
    {.bitmap_index = 927, .adv_w = 183, .box_w = 11, .box_h = 14, .ofs_x = 0, .ofs_y = 0},
    {.bitmap_index = 1004, .adv_w = 183, .box_w = 12, .box_h = 14, .ofs_x = 0, .ofs_y = 0},
    {.bitmap_index = 1088, .adv_w = 183, .box_w = 10, .box_h = 14, .ofs_x = 1, .ofs_y = 0},
    {.bitmap_index = 1158, .adv_w = 183, .box_w = 10, .box_h = 14, .ofs_x = 1, .ofs_y = 0},
    {.bitmap_index = 1228, .adv_w = 183, .box_w = 11, .box_h = 14, .ofs_x = 0, .ofs_y = 0},
    {.bitmap_index = 1305, .adv_w = 183, .box_w = 11, .box_h = 14, .ofs_x = 0, .ofs_y = 0},
    {.bitmap_index = 1382, .adv_w = 183, .box_w = 10, .box_h = 14, .ofs_x = 1, .ofs_y = 0},
    {.bitmap_index = 1452, .adv_w = 86, .box_w = 3, .box_h = 11, .ofs_x = 1, .ofs_y = 0},
    {.bitmap_index = 1469, .adv_w = 86, .box_w = 4, .box_h = 14, .ofs_x = 0, .ofs_y = -3},
    {.bitmap_index = 1497, .adv_w = 183, .box_w = 10, .box_h = 11, .ofs_x = 1, .ofs_y = 2},
    {.bitmap_index = 1552, .adv_w = 183, .box_w = 10, .box_h = 7, .ofs_x = 1, .ofs_y = 4},
    {.bitmap_index = 1587, .adv_w = 183, .box_w = 10, .box_h = 11, .ofs_x = 1, .ofs_y = 2},
    {.bitmap_index = 1642, .adv_w = 139, .box_w = 9, .box_h = 14, .ofs_x = 0, .ofs_y = 0},
    {.bitmap_index = 1705, .adv_w = 288, .box_w = 16, .box_h = 16, .ofs_x = 1, .ofs_y = -2},
    {.bitmap_index = 1833, .adv_w = 204, .box_w = 13, .box_h = 14, .ofs_x = 0, .ofs_y = 0},
    {.bitmap_index = 1924, .adv_w = 208, .box_w = 11, .box_h = 14, .ofs_x = 1, .ofs_y = 0},
    {.bitmap_index = 2001, .adv_w = 202, .box_w = 12, .box_h = 14, .ofs_x = 1, .ofs_y = 0},
    {.bitmap_index = 2085, .adv_w = 234, .box_w = 13, .box_h = 14, .ofs_x = 1, .ofs_y = 0},
    {.bitmap_index = 2176, .adv_w = 178, .box_w = 9, .box_h = 14, .ofs_x = 1, .ofs_y = 0},
    {.bitmap_index = 2239, .adv_w = 166, .box_w = 9, .box_h = 14, .ofs_x = 1, .ofs_y = 0},
    {.bitmap_index = 2302, .adv_w = 233, .box_w = 13, .box_h = 14, .ofs_x = 1, .ofs_y = 0},
    {.bitmap_index = 2393, .adv_w = 237, .box_w = 12, .box_h = 14, .ofs_x = 1, .ofs_y = 0},
    {.bitmap_index = 2477, .adv_w = 108, .box_w = 6, .box_h = 14, .ofs_x = 0, .ofs_y = 0},
    {.bitmap_index = 2519, .adv_w = 87, .box_w = 6, .box_h = 18, .ofs_x = -2, .ofs_y = -4},
    {.bitmap_index = 2573, .adv_w = 198, .box_w = 12, .box_h = 14, .ofs_x = 1, .ofs_y = 0},
    {.bitmap_index = 2657, .adv_w = 168, .box_w = 9, .box_h = 14, .ofs_x = 1, .ofs_y = 0},
    {.bitmap_index = 2720, .adv_w = 290, .box_w = 16, .box_h = 14, .ofs_x = 1, .ofs_y = 0},
    {.bitmap_index = 2832, .adv_w = 243, .box_w = 13, .box_h = 14, .ofs_x = 1, .ofs_y = 0},
    {.bitmap_index = 2923, .adv_w = 250, .box_w = 14, .box_h = 14, .ofs_x = 1, .ofs_y = 0},
    {.bitmap_index = 3021, .adv_w = 194, .box_w = 11, .box_h = 14, .ofs_x = 1, .ofs_y = 0},
    {.bitmap_index = 3098, .adv_w = 250, .box_w = 14, .box_h = 17, .ofs_x = 1, .ofs_y = -3},
    {.bitmap_index = 3217, .adv_w = 199, .box_w = 12, .box_h = 14, .ofs_x = 1, .ofs_y = 0},
    {.bitmap_index = 3301, .adv_w = 176, .box_w = 10, .box_h = 14, .ofs_x = 1, .ofs_y = 0},
    {.bitmap_index = 3371, .adv_w = 178, .box_w = 11, .box_h = 14, .ofs_x = 0, .ofs_y = 0},
    {.bitmap_index = 3448, .adv_w = 234, .box_w = 12, .box_h = 14, .ofs_x = 1, .ofs_y = 0},
    {.bitmap_index = 3532, .adv_w = 192, .box_w = 12, .box_h = 14, .ofs_x = 0, .ofs_y = 0},
    {.bitmap_index = 3616, .adv_w = 298, .box_w = 19, .box_h = 14, .ofs_x = 0, .ofs_y = 0},
    {.bitmap_index = 3749, .adv_w = 188, .box_w = 12, .box_h = 14, .ofs_x = 0, .ofs_y = 0},
    {.bitmap_index = 3833, .adv_w = 181, .box_w = 12, .box_h = 14, .ofs_x = 0, .ofs_y = 0},
    {.bitmap_index = 3917, .adv_w = 183, .box_w = 11, .box_h = 14, .ofs_x = 0, .ofs_y = 0},
    {.bitmap_index = 3994, .adv_w = 105, .box_w = 6, .box_h = 18, .ofs_x = 1, .ofs_y = -4},
    {.bitmap_index = 4048, .adv_w = 119, .box_w = 8, .box_h = 14, .ofs_x = 0, .ofs_y = 0},
    {.bitmap_index = 4104, .adv_w = 105, .box_w = 5, .box_h = 18, .ofs_x = 0, .ofs_y = -4},
    {.bitmap_index = 4149, .adv_w = 183, .box_w = 11, .box_h = 9, .ofs_x = 0, .ofs_y = 5},
    {.bitmap_index = 4199, .adv_w = 142, .box_w = 10, .box_h = 3, .ofs_x = -1, .ofs_y = -4},
    {.bitmap_index = 4214, .adv_w = 90, .box_w = 5, .box_h = 3, .ofs_x = 0, .ofs_y = 12},
    {.bitmap_index = 4222, .adv_w = 180, .box_w = 10, .box_h = 11, .ofs_x = 0, .ofs_y = 0},
    {.bitmap_index = 4277, .adv_w = 197, .box_w = 11, .box_h = 15, .ofs_x = 1, .ofs_y = 0},
    {.bitmap_index = 4360, .adv_w = 154, .box_w = 8, .box_h = 11, .ofs_x = 1, .ofs_y = 0},
    {.bitmap_index = 4404, .adv_w = 197, .box_w = 10, .box_h = 15, .ofs_x = 1, .ofs_y = 0},
    {.bitmap_index = 4479, .adv_w = 180, .box_w = 10, .box_h = 11, .ofs_x = 1, .ofs_y = 0},
    {.bitmap_index = 4534, .adv_w = 110, .box_w = 8, .box_h = 15, .ofs_x = 0, .ofs_y = 0},
    {.bitmap_index = 4594, .adv_w = 197, .box_w = 10, .box_h = 16, .ofs_x = 1, .ofs_y = -5},
    {.bitmap_index = 4674, .adv_w = 198, .box_w = 10, .box_h = 15, .ofs_x = 1, .ofs_y = 0},
    {.bitmap_index = 4749, .adv_w = 83, .box_w = 3, .box_h = 15, .ofs_x = 1, .ofs_y = 0},
    {.bitmap_index = 4772, .adv_w = 83, .box_w = 6, .box_h = 20, .ofs_x = -2, .ofs_y = -5},
    {.bitmap_index = 4832, .adv_w = 171, .box_w = 10, .box_h = 15, .ofs_x = 1, .ofs_y = 0},
    {.bitmap_index = 4907, .adv_w = 83, .box_w = 3, .box_h = 15, .ofs_x = 1, .ofs_y = 0},
    {.bitmap_index = 4930, .adv_w = 299, .box_w = 17, .box_h = 11, .ofs_x = 1, .ofs_y = 0},
    {.bitmap_index = 5024, .adv_w = 198, .box_w = 10, .box_h = 11, .ofs_x = 1, .ofs_y = 0},
    {.bitmap_index = 5079, .adv_w = 194, .box_w = 11, .box_h = 11, .ofs_x = 1, .ofs_y = 0},
    {.bitmap_index = 5140, .adv_w = 197, .box_w = 11, .box_h = 16, .ofs_x = 1, .ofs_y = -5},
    {.bitmap_index = 5228, .adv_w = 197, .box_w = 10, .box_h = 16, .ofs_x = 1, .ofs_y = -5},
    {.bitmap_index = 5308, .adv_w = 132, .box_w = 7, .box_h = 11, .ofs_x = 1, .ofs_y = 0},
    {.bitmap_index = 5347, .adv_w = 153, .box_w = 8, .box_h = 11, .ofs_x = 1, .ofs_y = 0},
    {.bitmap_index = 5391, .adv_w = 116, .box_w = 7, .box_h = 14, .ofs_x = 0, .ofs_y = 0},
    {.bitmap_index = 5440, .adv_w = 198, .box_w = 10, .box_h = 11, .ofs_x = 1, .ofs_y = 0},
    {.bitmap_index = 5495, .adv_w = 163, .box_w = 11, .box_h = 11, .ofs_x = 0, .ofs_y = 0},
    {.bitmap_index = 5556, .adv_w = 252, .box_w = 16, .box_h = 11, .ofs_x = 0, .ofs_y = 0},
    {.bitmap_index = 5644, .adv_w = 169, .box_w = 11, .box_h = 11, .ofs_x = 0, .ofs_y = 0},
    {.bitmap_index = 5705, .adv_w = 163, .box_w = 11, .box_h = 16, .ofs_x = 0, .ofs_y = -5},
    {.bitmap_index = 5793, .adv_w = 150, .box_w = 9, .box_h = 11, .ofs_x = 0, .ofs_y = 0},
    {.bitmap_index = 5843, .adv_w = 122, .box_w = 7, .box_h = 18, .ofs_x = 0, .ofs_y = -4},
    {.bitmap_index = 5906, .adv_w = 176, .box_w = 3, .box_h = 20, .ofs_x = 4, .ofs_y = -5},
    {.bitmap_index = 5936, .adv_w = 122, .box_w = 8, .box_h = 18, .ofs_x = 0, .ofs_y = -4},
    {.bitmap_index = 6008, .adv_w = 183, .box_w = 10, .box_h = 4, .ofs_x = 1, .ofs_y = 5},
    {.bitmap_index = 6028, .adv_w = 83, .box_w = 0, .box_h = 0, .ofs_x = 0, .ofs_y = 0},
    {.bitmap_index = 6028, .adv_w = 86, .box_w = 3, .box_h = 15, .ofs_x = 1, .ofs_y = -4},
    {.bitmap_index = 6051, .adv_w = 183, .box_w = 9, .box_h = 14, .ofs_x = 1, .ofs_y = 0},
    {.bitmap_index = 6114, .adv_w = 183, .box_w = 11, .box_h = 14, .ofs_x = 0, .ofs_y = 0},
    {.bitmap_index = 6191, .adv_w = 183, .box_w = 10, .box_h = 10, .ofs_x = 1, .ofs_y = 2},
    {.bitmap_index = 6241, .adv_w = 183, .box_w = 12, .box_h = 14, .ofs_x = 0, .ofs_y = 0},
    {.bitmap_index = 6325, .adv_w = 176, .box_w = 3, .box_h = 20, .ofs_x = 4, .ofs_y = -5},
    {.bitmap_index = 6355, .adv_w = 164, .box_w = 8, .box_h = 15, .ofs_x = 1, .ofs_y = 0},
    {.bitmap_index = 6415, .adv_w = 186, .box_w = 7, .box_h = 2, .ofs_x = 2, .ofs_y = 13},
    {.bitmap_index = 6422, .adv_w = 266, .box_w = 16, .box_h = 16, .ofs_x = 0, .ofs_y = -1},
    {.bitmap_index = 6550, .adv_w = 114, .box_w = 7, .box_h = 6, .ofs_x = 0, .ofs_y = 8},
    {.bitmap_index = 6571, .adv_w = 163, .box_w = 10, .box_h = 9, .ofs_x = 0, .ofs_y = 1},
    {.bitmap_index = 6616, .adv_w = 183, .box_w = 10, .box_h = 7, .ofs_x = 1, .ofs_y = 2},
    {.bitmap_index = 6651, .adv_w = 103, .box_w = 6, .box_h = 2, .ofs_x = 0, .ofs_y = 5},
    {.bitmap_index = 6657, .adv_w = 266, .box_w = 16, .box_h = 16, .ofs_x = 0, .ofs_y = -1},
    {.bitmap_index = 6785, .adv_w = 160, .box_w = 12, .box_h = 3, .ofs_x = -1, .ofs_y = 15},
    {.bitmap_index = 6803, .adv_w = 137, .box_w = 7, .box_h = 7, .ofs_x = 1, .ofs_y = 8},
    {.bitmap_index = 6828, .adv_w = 183, .box_w = 10, .box_h = 12, .ofs_x = 1, .ofs_y = 0},
    {.bitmap_index = 6888, .adv_w = 112, .box_w = 7, .box_h = 9, .ofs_x = 0, .ofs_y = 8},
    {.bitmap_index = 6920, .adv_w = 112, .box_w = 7, .box_h = 9, .ofs_x = 0, .ofs_y = 8},
    {.bitmap_index = 6952, .adv_w = 90, .box_w = 5, .box_h = 3, .ofs_x = 0, .ofs_y = 12},
    {.bitmap_index = 6960, .adv_w = 199, .box_w = 10, .box_h = 16, .ofs_x = 1, .ofs_y = -5},
    {.bitmap_index = 7040, .adv_w = 210, .box_w = 10, .box_h = 18, .ofs_x = 1, .ofs_y = -3},
    {.bitmap_index = 7130, .adv_w = 86, .box_w = 3, .box_h = 3, .ofs_x = 1, .ofs_y = 6},
    {.bitmap_index = 7135, .adv_w = 72, .box_w = 5, .box_h = 6, .ofs_x = 0, .ofs_y = -6},
    {.bitmap_index = 7150, .adv_w = 112, .box_w = 5, .box_h = 9, .ofs_x = 0, .ofs_y = 8},
    {.bitmap_index = 7173, .adv_w = 120, .box_w = 7, .box_h = 8, .ofs_x = 0, .ofs_y = 6},
    {.bitmap_index = 7201, .adv_w = 163, .box_w = 10, .box_h = 9, .ofs_x = 0, .ofs_y = 1},
    {.bitmap_index = 7246, .adv_w = 238, .box_w = 15, .box_h = 15, .ofs_x = 0, .ofs_y = 0},
    {.bitmap_index = 7359, .adv_w = 247, .box_w = 15, .box_h = 15, .ofs_x = 0, .ofs_y = -1},
    {.bitmap_index = 7472, .adv_w = 250, .box_w = 16, .box_h = 15, .ofs_x = 0, .ofs_y = 0},
    {.bitmap_index = 7592, .adv_w = 139, .box_w = 9, .box_h = 15, .ofs_x = 0, .ofs_y = -4},
    {.bitmap_index = 7660, .adv_w = 204, .box_w = 13, .box_h = 19, .ofs_x = 0, .ofs_y = 0},
    {.bitmap_index = 7784, .adv_w = 204, .box_w = 13, .box_h = 19, .ofs_x = 0, .ofs_y = 0},
    {.bitmap_index = 7908, .adv_w = 204, .box_w = 13, .box_h = 19, .ofs_x = 0, .ofs_y = 0},
    {.bitmap_index = 8032, .adv_w = 204, .box_w = 13, .box_h = 19, .ofs_x = 0, .ofs_y = 0},
    {.bitmap_index = 8156, .adv_w = 204, .box_w = 13, .box_h = 18, .ofs_x = 0, .ofs_y = 0},
    {.bitmap_index = 8273, .adv_w = 204, .box_w = 13, .box_h = 18, .ofs_x = 0, .ofs_y = 0},
    {.bitmap_index = 8390, .adv_w = 282, .box_w = 18, .box_h = 14, .ofs_x = -1, .ofs_y = 0},
    {.bitmap_index = 8516, .adv_w = 202, .box_w = 12, .box_h = 19, .ofs_x = 1, .ofs_y = -5},
    {.bitmap_index = 8630, .adv_w = 178, .box_w = 9, .box_h = 19, .ofs_x = 1, .ofs_y = 0},
    {.bitmap_index = 8716, .adv_w = 178, .box_w = 9, .box_h = 19, .ofs_x = 1, .ofs_y = 0},
    {.bitmap_index = 8802, .adv_w = 178, .box_w = 9, .box_h = 19, .ofs_x = 1, .ofs_y = 0},
    {.bitmap_index = 8888, .adv_w = 178, .box_w = 9, .box_h = 18, .ofs_x = 1, .ofs_y = 0},
    {.bitmap_index = 8969, .adv_w = 108, .box_w = 6, .box_h = 19, .ofs_x = 0, .ofs_y = 0},
    {.bitmap_index = 9026, .adv_w = 108, .box_w = 7, .box_h = 19, .ofs_x = 0, .ofs_y = 0},
    {.bitmap_index = 9093, .adv_w = 108, .box_w = 7, .box_h = 19, .ofs_x = 0, .ofs_y = 0},
    {.bitmap_index = 9160, .adv_w = 108, .box_w = 7, .box_h = 18, .ofs_x = 0, .ofs_y = 0},
    {.bitmap_index = 9223, .adv_w = 234, .box_w = 14, .box_h = 14, .ofs_x = 0, .ofs_y = 0},
    {.bitmap_index = 9321, .adv_w = 243, .box_w = 13, .box_h = 19, .ofs_x = 1, .ofs_y = 0},
    {.bitmap_index = 9445, .adv_w = 250, .box_w = 14, .box_h = 19, .ofs_x = 1, .ofs_y = 0},
    {.bitmap_index = 9578, .adv_w = 250, .box_w = 14, .box_h = 19, .ofs_x = 1, .ofs_y = 0},
    {.bitmap_index = 9711, .adv_w = 250, .box_w = 14, .box_h = 19, .ofs_x = 1, .ofs_y = 0},
    {.bitmap_index = 9844, .adv_w = 250, .box_w = 14, .box_h = 19, .ofs_x = 1, .ofs_y = 0},
    {.bitmap_index = 9977, .adv_w = 250, .box_w = 14, .box_h = 19, .ofs_x = 1, .ofs_y = 0},
    {.bitmap_index = 10110, .adv_w = 183, .box_w = 10, .box_h = 10, .ofs_x = 1, .ofs_y = 2},
    {.bitmap_index = 10160, .adv_w = 250, .box_w = 14, .box_h = 16, .ofs_x = 1, .ofs_y = -1},
    {.bitmap_index = 10272, .adv_w = 234, .box_w = 12, .box_h = 19, .ofs_x = 1, .ofs_y = 0},
    {.bitmap_index = 10386, .adv_w = 234, .box_w = 12, .box_h = 19, .ofs_x = 1, .ofs_y = 0},
    {.bitmap_index = 10500, .adv_w = 234, .box_w = 12, .box_h = 19, .ofs_x = 1, .ofs_y = 0},
    {.bitmap_index = 10614, .adv_w = 234, .box_w = 12, .box_h = 19, .ofs_x = 1, .ofs_y = 0},
    {.bitmap_index = 10728, .adv_w = 181, .box_w = 12, .box_h = 19, .ofs_x = 0, .ofs_y = 0},
    {.bitmap_index = 10842, .adv_w = 194, .box_w = 11, .box_h = 14, .ofs_x = 1, .ofs_y = 0},
    {.bitmap_index = 10919, .adv_w = 202, .box_w = 11, .box_h = 15, .ofs_x = 1, .ofs_y = 0},
    {.bitmap_index = 11002, .adv_w = 180, .box_w = 10, .box_h = 15, .ofs_x = 0, .ofs_y = 0},
    {.bitmap_index = 11077, .adv_w = 180, .box_w = 10, .box_h = 15, .ofs_x = 0, .ofs_y = 0},
    {.bitmap_index = 11152, .adv_w = 180, .box_w = 10, .box_h = 15, .ofs_x = 0, .ofs_y = 0},
    {.bitmap_index = 11227, .adv_w = 180, .box_w = 10, .box_h = 15, .ofs_x = 0, .ofs_y = 0},
    {.bitmap_index = 11302, .adv_w = 180, .box_w = 10, .box_h = 14, .ofs_x = 0, .ofs_y = 0},
    {.bitmap_index = 11372, .adv_w = 180, .box_w = 10, .box_h = 16, .ofs_x = 0, .ofs_y = 0},
    {.bitmap_index = 11452, .adv_w = 276, .box_w = 17, .box_h = 11, .ofs_x = 0, .ofs_y = 0},
    {.bitmap_index = 11546, .adv_w = 154, .box_w = 8, .box_h = 16, .ofs_x = 1, .ofs_y = -5},
    {.bitmap_index = 11610, .adv_w = 180, .box_w = 10, .box_h = 15, .ofs_x = 1, .ofs_y = 0},
    {.bitmap_index = 11685, .adv_w = 180, .box_w = 10, .box_h = 15, .ofs_x = 1, .ofs_y = 0},
    {.bitmap_index = 11760, .adv_w = 180, .box_w = 10, .box_h = 15, .ofs_x = 1, .ofs_y = 0},
    {.bitmap_index = 11835, .adv_w = 180, .box_w = 10, .box_h = 14, .ofs_x = 1, .ofs_y = 0},
    {.bitmap_index = 11905, .adv_w = 83, .box_w = 5, .box_h = 15, .ofs_x = -1, .ofs_y = 0},
    {.bitmap_index = 11943, .adv_w = 83, .box_w = 5, .box_h = 15, .ofs_x = 1, .ofs_y = 0},
    {.bitmap_index = 11981, .adv_w = 83, .box_w = 7, .box_h = 15, .ofs_x = -1, .ofs_y = 0},
    {.bitmap_index = 12034, .adv_w = 83, .box_w = 7, .box_h = 14, .ofs_x = -1, .ofs_y = 0},
    {.bitmap_index = 12083, .adv_w = 194, .box_w = 11, .box_h = 16, .ofs_x = 1, .ofs_y = 0},
    {.bitmap_index = 12171, .adv_w = 198, .box_w = 10, .box_h = 15, .ofs_x = 1, .ofs_y = 0},
    {.bitmap_index = 12246, .adv_w = 194, .box_w = 11, .box_h = 15, .ofs_x = 1, .ofs_y = 0},
    {.bitmap_index = 12329, .adv_w = 194, .box_w = 11, .box_h = 15, .ofs_x = 1, .ofs_y = 0},
    {.bitmap_index = 12412, .adv_w = 194, .box_w = 11, .box_h = 15, .ofs_x = 1, .ofs_y = 0},
    {.bitmap_index = 12495, .adv_w = 194, .box_w = 11, .box_h = 15, .ofs_x = 1, .ofs_y = 0},
    {.bitmap_index = 12578, .adv_w = 194, .box_w = 11, .box_h = 14, .ofs_x = 1, .ofs_y = 0},
    {.bitmap_index = 12655, .adv_w = 183, .box_w = 10, .box_h = 10, .ofs_x = 1, .ofs_y = 2},
    {.bitmap_index = 12705, .adv_w = 194, .box_w = 11, .box_h = 13, .ofs_x = 1, .ofs_y = -1},
    {.bitmap_index = 12777, .adv_w = 198, .box_w = 10, .box_h = 15, .ofs_x = 1, .ofs_y = 0},
    {.bitmap_index = 12852, .adv_w = 198, .box_w = 10, .box_h = 15, .ofs_x = 1, .ofs_y = 0},
    {.bitmap_index = 12927, .adv_w = 198, .box_w = 10, .box_h = 15, .ofs_x = 1, .ofs_y = 0},
    {.bitmap_index = 13002, .adv_w = 198, .box_w = 10, .box_h = 14, .ofs_x = 1, .ofs_y = 0},
    {.bitmap_index = 13072, .adv_w = 163, .box_w = 11, .box_h = 20, .ofs_x = 0, .ofs_y = -5},
    {.bitmap_index = 13182, .adv_w = 197, .box_w = 11, .box_h = 20, .ofs_x = 1, .ofs_y = -5},
    {.bitmap_index = 13292, .adv_w = 163, .box_w = 11, .box_h = 19, .ofs_x = 0, .ofs_y = -5}
};

/*---------------------
 *  CHARACTER MAPPING
 *--------------------*/



/*Collect the unicode lists and glyph_id offsets*/
static const lv_font_fmt_txt_cmap_t cmaps[] =
{
    {
        .range_start = 32, .range_length = 95, .glyph_id_start = 1,
        .unicode_list = NULL, .glyph_id_ofs_list = NULL, .list_length = 0, .type = LV_FONT_FMT_TXT_CMAP_FORMAT0_TINY
    },
    {
        .range_start = 160, .range_length = 96, .glyph_id_start = 96,
        .unicode_list = NULL, .glyph_id_ofs_list = NULL, .list_length = 0, .type = LV_FONT_FMT_TXT_CMAP_FORMAT0_TINY
    }
};

/*-----------------
 *    KERNING
 *----------------*/


/*Map glyph_ids to kern left classes*/
static const uint8_t kern_left_class_mapping[] =
{
    0, 0, 0, 1, 0, 0, 0, 2,
    1, 3, 0, 0, 0, 4, 5, 4,
    0, 0, 0, 0, 0, 0, 0, 0,
    0, 0, 0, 0, 0, 0, 0, 0,
    0, 0, 6, 7, 8, 9, 10, 11,
    0, 0, 0, 0, 8, 12, 0, 0,
    9, 13, 9, 14, 0, 15, 16, 17,
    17, 8, 18, 19, 3, 0, 0, 0,
    20, 0, 21, 22, 23, 0, 22, 24,
    0, 21, 0, 0, 0, 0, 21, 21,
    22, 22, 0, 25, 0, 23, 0, 26,
    26, 27, 26, 0, 3, 0, 0, 0,
    0, 28, 0, 0, 0, 0, 0, 0,
    0, 0, 0, 29, 0, 0, 0, 0,
    0, 0, 0, 0, 0, 0, 0, 0,
    0, 0, 0, 30, 0, 0, 0, 31,
    6, 6, 6, 6, 6, 6, 10, 8,
    10, 10, 10, 10, 0, 0, 0, 0,
    9, 0, 9, 9, 9, 9, 9, 0,
    9, 16, 16, 16, 16, 18, 13, 0,
    21, 21, 21, 21, 21, 21, 22, 0,
    22, 22, 22, 22, 0, 0, 32, 32,
    22, 0, 22, 22, 22, 22, 22, 0,
    22, 0, 0, 0, 0, 26, 22, 26
};

/*Map glyph_ids to kern right classes*/
static const uint8_t kern_right_class_mapping[] =
{
    0, 0, 0, 1, 0, 0, 0, 2,
    1, 0, 3, 0, 0, 4, 5, 4,
    0, 0, 0, 0, 0, 0, 0, 0,
    0, 0, 0, 0, 0, 0, 0, 0,
    6, 0, 7, 0, 8, 0, 0, 0,
    8, 0, 0, 9, 0, 0, 0, 0,
    8, 0, 8, 0, 0, 10, 11, 12,
    12, 13, 14, 15, 0, 0, 3, 0,
    0, 0, 16, 0, 17, 17, 17, 0,
    18, 0, 0, 19, 0, 0, 20, 20,
    17, 20, 17, 20, 21, 0, 20, 22,
    22, 22, 22, 23, 0, 0, 3, 0,
    0, 0, 0, 0, 0, 0, 0, 0,
    0, 0, 0, 24, 0, 0, 0, 0,
    0, 0, 0, 0, 0, 0, 0, 0,
    0, 0, 0, 25, 0, 0, 0, 0,
    7, 7, 7, 7, 7, 7, 26, 8,
    0, 0, 0, 0, 0, 0, 0, 0,
    0, 0, 8, 8, 8, 8, 8, 0,
    8, 11, 11, 11, 11, 14, 0, 0,
    17, 16, 16, 16, 16, 16, 16, 17,
    17, 17, 17, 17, 0, 0, 0, 0,
    0, 0, 17, 17, 17, 17, 17, 0,
    17, 20, 20, 20, 20, 22, 0, 22
};

/*Kern values between classes*/
static const int8_t kern_class_values[] =
{
    0, 0, 0, 0, 0, 0, -22, 0,
    0, 6, 0, 6, 0, 3, 0, -13,
    -19, -10, 0, -10, -10, 0, 0, 0,
    0, -26, 0, 0, 0, 0, 0, 0,
    0, 0, 0, -19, 0, -6, 0, -10,
    0, 0, 0, 0, 0, 0, 0, 0,
    0, 0, 0, 0, 0, 0, 0, 0,
    0, 0, 0, 0, 29, 0, 0, 0,
    0, 0, 0, 0, 0, 0, 13, 0,
    0, 0, 0, 0, 0, 0, 0, 0,
    0, 0, 0, 0, 0, -16, 0, -22,
    -6, -19, 0, -19, 0, 0, 0, 0,
    0, 0, 0, 0, 0, 0, 0, 0,
    0, 0, 0, 0, 0, 0, 0, 0,
    0, -13, 0, 0, 0, 0, 0, 0,
    0, 0, 0, 0, 0, 0, 0, 0,
    0, 0, -22, 0, 0, 0, 0, 0,
    0, -6, 16, -22, 0, -13, 0, -19,
    0, 0, 0, 0, 0, 0, 0, 0,
    0, 0, 0, 0, 0, 0, 0, -3,
    0, 0, 0, 0, 0, 0, 0, 0,
    0, 0, 0, 0, 0, 0, 0, 0,
    0, 0, 0, 0, 0, 0, 0, 0,
    0, 0, 0, 0, 0, -6, 0, 0,
    0, 0, 0, 0, 0, 0, 0, 0,
    0, 0, 0, 0, 0, -6, 0, 0,
    0, 0, 0, -13, 0, 0, -6, 0,
    0, -10, 0, -3, -6, -3, -3, 0,
    0, 0, 0, 0, 0, 0, 0, 0,
    0, 0, 0, 0, 0, 0, 0, 0,
    0, 0, 19, 0, 0, 0, 0, 0,
    0, 0, 0, 0, 0, 0, 0, 0,
    0, 0, 0, 0, 0, 0, 6, -19,
    0, 6, -6, 0, 0, 0, 0, 0,
    0, 0, 0, 0, 0, 0, 0, 0,
    0, 0, 0, 0, 0, 0, -26, 0,
    0, 0, 0, 0, 0, -6, 0, -6,
    -3, -6, 0, -10, 0, 0, 0, 0,
    0, 0, 0, 0, 0, 0, 0, 0,
    0, -3, 0, -42, 0, 0, -16, 0,
    0, 0, 0, 0, -6, 0, -3, 0,
    0, 0, 0, 0, 0, 0, 0, -6,
    0, -10, 0, 0, 0, 0, 0, 0,
    0, 0, 0, 0, 0, 0, 0, 0,
    0, 0, 0, 0, 0, 0, 0, 0,
    0, -3, 0, 0, 0, -6, 0, -19,
    -13, 6, -22, -6, 0, 6, 0, 0,
    0, 0, 0, -26, -22, -22, 0, -16,
    -19, -6, -13, -19, -10, 0, 0, 0,
    0, -6, 0, 0, -3, 0, 0, 0,
    0, 0, 0, 0, 0, 0, 0, 0,
    0, 0, 0, 0, 0, 0, 0, 0,
    0, 0, 0, -16, 0, 6, -13, -3,
    0, 0, 0, 0, 0, 0, 0, -6,
    -6, -3, 0, -3, -3, 0, 0, -10,
    -3, 0, 0, -10, 0, -19, 0, 6,
    -19, -6, 0, 0, 0, 0, 0, 0,
    0, -16, -16, -16, 0, -10, -13, 0,
    -6, -26, -10, 0, 0, 0, 0, 0,
    0, 0, 0, -3, 0, 0, 0, 0,
    0, 0, 0, 0, 0, 0, 0, 0,
    0, 0, 0, -6, 0, 0, 0, 0,
    0, 0, 0, 0, 0, 0, 30, 0,
    0, 0, 0, 0, 0, 0, 0, 0,
    0, 0, 0, 0, 0, 0, 0, 0,
    -3, 0, 0, 0, 0, 0, 0, 0,
    0, 0, 0, 0, 0, 0, 0, 0,
    0, 0, 0, 0, 0, 0, 0, 0,
    0, 0, -3, 0, 0, 0, 0, 0,
    0, 0, 0, 0, 0, 0, 0, 0,
    0, 0, 0, 0, 0, 0, 0, -6,
    -3, 0, 0, 0, 6, 0, 0, 0,
    0, 0, 0, 0, 0, 0, 0, 0,
    0, 0, 0, 0, 0, 0, 0, 0,
    0, 0, 0, 0, 0, 0, 19, 0,
    13, -6, 0, 0, 0, 0, 0, 0,
    0, 0, 0, 0, 0, 0, 0, 0,
    0, 0, 0, 0, 0, 0, 0, 0,
    13, 0, 0, -51, 0, 0, 0, 0,
    0, 0, 0, 0, 0, 0, 0, -6,
    -6, -3, 0, 0, 0, 0, 0, 0,
    0, 0, 13, 0, 0, -13, 0, 6,
    0, 0, 0, 0, 0, 0, 0, 0,
    0, 0, 0, 0, 0, 0, 0, 0,
    0, 0, 0, 0, 0, 0, 0, 0,
    0, 0, 0, 0, 0, 0, 0, 0,
    0, 0, 0, 0, -6, 0, 0, 0,
    0, 0, 0, 0, 0, 0, 0, 0,
    0, 0, 0, 0, 0, 0, 16, -6,
    0, -3, 0, -10, 0, 0, 0, 0,
    0, 0, 0, 0, 0, 0, 0, 0,
    0, 0, 0, 0, 0, 0, 0, 0,
    0, -10, 0, -3, 0, -10, 0, 0,
    0, 0, 0, 0, 0, 0, 0, 0,
    0, 0, 0, 0, 0, 0, 0, 0,
    0, 0, 0, -19, 0, -10, -6, -26,
    0, 0, 0, 0, 0, 0, 0, 0,
    0, 0, 0, 0, 0, 0, 0, 0,
    0, 0, 0, 0, 32, -13, 0, -10,
    0, -13, 0, 0, 0, 0, 0, 0,
    0, 0, 0, 0, 0, 0, 0, 0,
    16, 0, 0, 0, 0, 0, 0, 0,
    0, 0, 0, 0, 0, 0, 0, 0,
    0, 0, 0, 0, 0, 0, 0, 0
};


/*Collect the kern class' data in one place*/
static const lv_font_fmt_txt_kern_classes_t kern_classes =
{
    .class_pair_values   = kern_class_values,
    .left_class_mapping  = kern_left_class_mapping,
    .right_class_mapping = kern_right_class_mapping,
    .left_class_cnt      = 32,
    .right_class_cnt     = 26,
};

/*--------------------
 *  ALL CUSTOM DATA
 *--------------------*/

#if LVGL_VERSION_MAJOR == 8
/*Store all the custom data of the font*/
static  lv_font_fmt_txt_glyph_cache_t cache;
#endif

#if LVGL_VERSION_MAJOR >= 8
static const lv_font_fmt_txt_dsc_t font_dsc = {
#else
static lv_font_fmt_txt_dsc_t font_dsc = {
#endif
    .glyph_bitmap = glyph_bitmap,
    .glyph_dsc = glyph_dsc,
    .cmaps = cmaps,
    .kern_dsc = &kern_classes,
    .kern_scale = 16,
    .cmap_num = 2,
    .bpp = 4,
    .kern_classes = 1,
    .bitmap_format = 0,
#if LVGL_VERSION_MAJOR == 8
    .cache = &cache
#endif
};


/*-----------------
 *  PUBLIC FONT
 *----------------*/

/*Initialize a public general font descriptor*/
#if LVGL_VERSION_MAJOR >= 8
const lv_font_t font_stackchan_basic_20_4 = {
#else
lv_font_t font_stackchan_basic_20_4 = {
#endif
    .get_glyph_dsc = lv_font_get_glyph_dsc_fmt_txt,    /*Function pointer to get glyph's data*/
    .get_glyph_bitmap = lv_font_get_bitmap_fmt_txt,    /*Function pointer to get glyph's bitmap*/
    .line_height = 25,          /*The maximum line height required by the font*/
    .base_line = 6,             /*Baseline measured from the bottom of the line*/
#if !(LVGL_VERSION_MAJOR == 6 && LVGL_VERSION_MINOR == 0)
    .subpx = LV_FONT_SUBPX_NONE,
#endif
#if LV_VERSION_CHECK(7, 4, 0) || LVGL_VERSION_MAJOR >= 8
    .underline_position = -2,
    .underline_thickness = 1,
#endif
    .dsc = &font_dsc,          /*The custom font data. Will be accessed by `get_glyph_bitmap/dsc` */
    .fallback = NULL,
    .user_data = NULL
};



#endif /*#if FONT_STACKCHAN_BASIC_20_4*/
