/* SPDX-License-Identifier: Apache-2.0 AND MIT
 * Generated for StackChan: subset, rasterized and (icons only) remapped.
 * Input versions, rights holders and notices: firmware/release-fonts/README.md.
 * Reproduce with firmware/tools/generate_release_fonts.py.
 */
#ifdef LV_LVGL_H_INCLUDE_SIMPLE
#include "lvgl.h"
#else
#include "lvgl.h"
#endif

#ifndef FONT_AWESOME_30_4
#define FONT_AWESOME_30_4 1
#endif

#if FONT_AWESOME_30_4

/*-----------------
 *    BITMAPS
 *----------------*/

/*Store the image of the glyphs*/
static LV_ATTRIBUTE_LARGE_CONST const uint8_t glyph_bitmap[] = {
    /* U+E04B "" */
    0x0, 0x0, 0x0, 0x0, 0x0, 0x0, 0x15, 0x41,
    0x0, 0x0, 0x0, 0x0, 0x0, 0x0, 0x0, 0x0,
    0x0, 0x0, 0x0, 0x6, 0xff, 0xff, 0x60, 0x0,
    0x0, 0x0, 0x0, 0x0, 0x0, 0x0, 0x0, 0x0,
    0x0, 0x3f, 0xff, 0xff, 0xf3, 0x0, 0x0, 0x0,
    0x0, 0x0, 0x0, 0x0, 0x0, 0x0, 0x0, 0xaf,
    0xff, 0xff, 0xf9, 0x0, 0x0, 0x0, 0x0, 0x0,
    0x0, 0x0, 0x5, 0x99, 0x99, 0xef, 0xff, 0xff,
    0xfe, 0x99, 0x99, 0x50, 0x0, 0x0, 0x0, 0x0,
    0x8f, 0xff, 0xff, 0xff, 0xff, 0xff, 0xff, 0xff,
    0xff, 0xf8, 0x0, 0x0, 0x0, 0x0, 0xff, 0xff,
    0xff, 0xff, 0xff, 0xff, 0xff, 0xff, 0xff, 0xff,
    0x0, 0x0, 0x0, 0x0, 0xff, 0xff, 0xff, 0xff,
    0xff, 0xff, 0xff, 0xff, 0xff, 0xff, 0x0, 0x0,
    0x0, 0x0, 0xff, 0xff, 0xff, 0xff, 0xff, 0xff,
    0xff, 0xff, 0xff, 0xff, 0x0, 0x0, 0x0, 0x49,
    0xff, 0xff, 0xff, 0xff, 0xff, 0xff, 0xff, 0xff,
    0xff, 0xff, 0x94, 0x0, 0xa, 0xff, 0xff, 0xff,
    0xfc, 0xaf, 0xff, 0xff, 0xfa, 0xcf, 0xff, 0xff,
    0xff, 0x90, 0x5f, 0xff, 0xff, 0xff, 0xb0, 0x3,
    0xff, 0xff, 0x30, 0xb, 0xff, 0xff, 0xff, 0xf5,
    0xaf, 0xff, 0xff, 0xff, 0x60, 0x0, 0xff, 0xfe,
    0x0, 0x6, 0xff, 0xff, 0xff, 0xfa, 0xbf, 0xff,
    0xff, 0xff, 0xb0, 0x4, 0xff, 0xff, 0x30, 0xb,
    0xff, 0xff, 0xff, 0xfb, 0x7f, 0xff, 0xff, 0xff,
    0xfd, 0xbf, 0xff, 0xff, 0xfb, 0xdf, 0xff, 0xff,
    0xff, 0xf7, 0xc, 0xff, 0xff, 0xff, 0xff, 0xff,
    0xff, 0xff, 0xff, 0xff, 0xff, 0xff, 0xff, 0xc0,
    0x0, 0x8c, 0xff, 0xff, 0xfd, 0xdd, 0xdd, 0xdd,
    0xdd, 0xdf, 0xff, 0xff, 0xc8, 0x0, 0x0, 0x0,
    0xff, 0xff, 0xf0, 0x0, 0x0, 0x0, 0x0, 0xf,
    0xff, 0xff, 0x0, 0x0, 0x0, 0x0, 0xff, 0xff,
    0xf0, 0x0, 0x0, 0x0, 0x0, 0xf, 0xff, 0xff,
    0x0, 0x0, 0x0, 0x0, 0xff, 0xff, 0xff, 0xee,
    0xee, 0xee, 0xee, 0xff, 0xff, 0xff, 0x0, 0x0,
    0x0, 0x0, 0xff, 0xff, 0xff, 0xff, 0xff, 0xff,
    0xff, 0xff, 0xff, 0xff, 0x0, 0x0, 0x0, 0x0,
    0xff, 0xff, 0xff, 0xff, 0xff, 0xff, 0xff, 0xff,
    0xff, 0xff, 0x0, 0x0, 0x0, 0x0, 0xcf, 0xff,
    0xff, 0xff, 0xff, 0xff, 0xff, 0xff, 0xff, 0xfc,
    0x0, 0x0, 0x0, 0x0, 0x2c, 0xff, 0xff, 0xff,
    0xff, 0xff, 0xff, 0xff, 0xff, 0xc2, 0x0, 0x0,
    0x0, 0x0, 0x0, 0x0, 0x0, 0x0, 0x0, 0x0,
    0x0, 0x0, 0x0, 0x0, 0x0, 0x0,

    /* U+E0C9 "" */
    0x0, 0x0, 0x0, 0x0, 0x0, 0x0, 0x0, 0x0,
    0x0, 0x0, 0x0, 0x0, 0x0, 0x0, 0x0, 0x0,
    0x0, 0x0, 0x0, 0x0, 0x0, 0x0, 0x99, 0x0,
    0x0, 0x0, 0x0, 0x0, 0x0, 0x0, 0x0, 0x0,
    0x0, 0x0, 0x0, 0x0, 0xa, 0xff, 0xa0, 0x0,
    0x0, 0x0, 0x0, 0x0, 0x0, 0x0, 0x0, 0x0,
    0x0, 0x0, 0x0, 0xaf, 0xff, 0xfa, 0x0, 0x0,
    0x0, 0x0, 0x0, 0x0, 0x0, 0x0, 0x0, 0x0,
    0x0, 0xa, 0xff, 0xff, 0xff, 0xa0, 0x0, 0x0,
    0x0, 0x0, 0x0, 0x0, 0x0, 0xf, 0xff, 0xff,
    0xff, 0xff, 0xff, 0xff, 0xff, 0xff, 0xff, 0xf0,
    0x0, 0x0, 0x0, 0x0, 0xf, 0xff, 0xff, 0xff,
    0xff, 0xff, 0xff, 0xff, 0xff, 0xff, 0xf0, 0x0,
    0x0, 0x0, 0x0, 0xf, 0xff, 0xff, 0xff, 0xff,
    0xf8, 0xae, 0xff, 0xff, 0xff, 0xf0, 0x0, 0x0,
    0x0, 0x0, 0xf, 0xff, 0xff, 0xff, 0xff, 0xf0,
    0x0, 0x6e, 0xff, 0xff, 0xf0, 0x0, 0x0, 0x0,
    0x0, 0xf, 0xff, 0xff, 0xff, 0xff, 0xf0, 0x0,
    0x1, 0xdf, 0xff, 0xf0, 0x0, 0x0, 0x0, 0x0,
    0xf, 0xff, 0xff, 0xff, 0xff, 0xf0, 0x0, 0x0,
    0x1e, 0xff, 0xf0, 0x0, 0x0, 0x0, 0x0, 0xaf,
    0xff, 0xff, 0xff, 0xff, 0xf0, 0x0, 0x0, 0x6,
    0xff, 0xfa, 0x0, 0x0, 0x0, 0xa, 0xff, 0xff,
    0xff, 0xff, 0xff, 0xf0, 0x0, 0x0, 0x0, 0xef,
    0xff, 0xa0, 0x0, 0x0, 0xaf, 0xff, 0xff, 0xff,
    0xff, 0xff, 0xf0, 0x0, 0x0, 0x0, 0xaf, 0xff,
    0xfa, 0x0, 0x9, 0xff, 0xff, 0xff, 0xff, 0xff,
    0xff, 0xf0, 0x0, 0x0, 0x0, 0x8f, 0xff, 0xff,
    0x90, 0x9, 0xff, 0xff, 0xff, 0xff, 0xff, 0xff,
    0xf0, 0x0, 0x0, 0x0, 0x8f, 0xff, 0xff, 0x90,
    0x0, 0xaf, 0xff, 0xff, 0xff, 0xff, 0xff, 0xf0,
    0x0, 0x0, 0x0, 0xaf, 0xff, 0xfa, 0x0, 0x0,
    0xa, 0xff, 0xff, 0xff, 0xff, 0xff, 0xf0, 0x0,
    0x0, 0x0, 0xef, 0xff, 0xa0, 0x0, 0x0, 0x0,
    0xaf, 0xff, 0xff, 0xff, 0xff, 0xf0, 0x0, 0x0,
    0x6, 0xff, 0xfa, 0x0, 0x0, 0x0, 0x0, 0xf,
    0xff, 0xff, 0xff, 0xff, 0xf0, 0x0, 0x0, 0x1e,
    0xff, 0xf0, 0x0, 0x0, 0x0, 0x0, 0xf, 0xff,
    0xff, 0xff, 0xff, 0xf0, 0x0, 0x1, 0xdf, 0xff,
    0xf0, 0x0, 0x0, 0x0, 0x0, 0xf, 0xff, 0xff,
    0xff, 0xff, 0xf0, 0x0, 0x6e, 0xff, 0xff, 0xf0,
    0x0, 0x0, 0x0, 0x0, 0xf, 0xff, 0xff, 0xff,
    0xff, 0xf8, 0xae, 0xff, 0xff, 0xff, 0xf0, 0x0,
    0x0, 0x0, 0x0, 0xf, 0xff, 0xff, 0xff, 0xff,
    0xff, 0xff, 0xff, 0xff, 0xff, 0xf0, 0x0, 0x0,
    0x0, 0x0, 0xf, 0xff, 0xff, 0xff, 0xff, 0xff,
    0xff, 0xff, 0xff, 0xff, 0xf0, 0x0, 0x0, 0x0,
    0x0, 0x0, 0x0, 0x0, 0xa, 0xff, 0xff, 0xff,
    0xa0, 0x0, 0x0, 0x0, 0x0, 0x0, 0x0, 0x0,
    0x0, 0x0, 0x0, 0x0, 0xaf, 0xff, 0xfa, 0x0,
    0x0, 0x0, 0x0, 0x0, 0x0, 0x0, 0x0, 0x0,
    0x0, 0x0, 0x0, 0xa, 0xff, 0xa0, 0x0, 0x0,
    0x0, 0x0, 0x0, 0x0, 0x0, 0x0, 0x0, 0x0,
    0x0, 0x0, 0x0, 0x99, 0x0, 0x0, 0x0, 0x0,
    0x0, 0x0, 0x0, 0x0, 0x0, 0x0, 0x0, 0x0,
    0x0, 0x0, 0x0, 0x0, 0x0, 0x0, 0x0, 0x0,
    0x0, 0x0,

    /* U+E137 "" */
    0x0, 0x0, 0x0, 0x0, 0x0, 0x0, 0x0, 0x0,
    0x0, 0x0, 0x0, 0x0, 0x0, 0x0, 0x0, 0x0,
    0x0, 0x4c, 0x10, 0x0, 0x5, 0xae, 0xff, 0xd9,
    0x30, 0x0, 0x0, 0x0, 0x0, 0x0, 0x0, 0x1,
    0xef, 0xc1, 0x0, 0xbf, 0xff, 0xff, 0xff, 0xfb,
    0x10, 0x0, 0x0, 0x0, 0x0, 0x0, 0x0, 0x4f,
    0xfc, 0x10, 0x1d, 0xfb, 0x88, 0xae, 0xff, 0xe3,
    0x0, 0x0, 0x0, 0x0, 0x0, 0x0, 0x4, 0xff,
    0xc1, 0x1, 0x0, 0x0, 0x0, 0x7f, 0xff, 0x30,
    0x0, 0x0, 0x0, 0x0, 0x0, 0x0, 0x4f, 0xfc,
    0x10, 0x0, 0x0, 0x0, 0x3, 0xff, 0xe0, 0x0,
    0x0, 0x0, 0x0, 0x0, 0x6b, 0xef, 0xff, 0xc1,
    0x0, 0x0, 0x0, 0x0, 0x5f, 0xf7, 0x0, 0x0,
    0x0, 0x0, 0x2d, 0xff, 0xff, 0xff, 0xfc, 0x10,
    0x0, 0x0, 0x0, 0xc, 0xfe, 0x0, 0x0, 0x0,
    0x2, 0xef, 0xfe, 0x97, 0x78, 0xff, 0xc1, 0x0,
    0x0, 0x0, 0x6, 0xff, 0x73, 0x0, 0x0, 0xd,
    0xff, 0x80, 0x0, 0x0, 0x4f, 0xfc, 0x10, 0x0,
    0x0, 0x3, 0xff, 0xff, 0xd3, 0x0, 0x5f, 0xf8,
    0x0, 0x0, 0x0, 0x4, 0xff, 0xc1, 0x0, 0x0,
    0x2, 0xff, 0xff, 0xff, 0x40, 0xbf, 0xe0, 0x0,
    0x0, 0x0, 0x0, 0x5f, 0xfc, 0x10, 0x0, 0x0,
    0x0, 0x17, 0xff, 0xf1, 0xef, 0xa0, 0x0, 0x0,
    0x0, 0x0, 0x5, 0xff, 0xc1, 0x0, 0x0, 0x0,
    0x0, 0x5f, 0xf9, 0xff, 0x80, 0x0, 0x0, 0x0,
    0x0, 0x0, 0x5f, 0xfc, 0x10, 0x0, 0x0, 0x0,
    0xc, 0xfd, 0xef, 0xa0, 0x0, 0x0, 0x0, 0x0,
    0x0, 0x5, 0xff, 0xc1, 0x0, 0x0, 0x0, 0x8,
    0xff, 0xbf, 0xe0, 0x0, 0x0, 0x0, 0x0, 0x0,
    0x0, 0x5f, 0xfc, 0x10, 0x0, 0x0, 0x9, 0xfe,
    0x5f, 0xf8, 0x0, 0x0, 0x0, 0x0, 0x0, 0x0,
    0x5, 0xff, 0xc1, 0x0, 0x0, 0xe, 0xfb, 0xd,
    0xff, 0x80, 0x0, 0x0, 0x0, 0x0, 0x0, 0x0,
    0x5f, 0xfc, 0x10, 0x0, 0xbf, 0xf5, 0x2, 0xef,
    0xfe, 0x98, 0x88, 0x88, 0x88, 0x88, 0x88, 0x8c,
    0xff, 0xc1, 0x1, 0xdf, 0xb0, 0x0, 0x2d, 0xff,
    0xff, 0xff, 0xff, 0xff, 0xff, 0xff, 0xff, 0xff,
    0xfc, 0x10, 0x19, 0x0, 0x0, 0x0, 0x6b, 0xef,
    0xff, 0xff, 0xff, 0xff, 0xff, 0xff, 0xff, 0xff,
    0xc1, 0x0, 0x0, 0x0, 0x0, 0x0, 0x0, 0x0,
    0x0, 0x0, 0x0, 0x0, 0x0, 0x0, 0x5f, 0xfc,
    0x0, 0x0, 0x0, 0x0, 0x0, 0x0, 0x0, 0x0,
    0x0, 0x0, 0x0, 0x0, 0x0, 0x5, 0xfa, 0x0,
    0x0, 0x0, 0x0, 0x0, 0x0, 0x0, 0x0, 0x0,
    0x0, 0x0, 0x0, 0x0, 0x0, 0x30, 0x0, 0x0,

    /* U+E14B "" */
    0x0, 0x57, 0x77, 0x77, 0x77, 0x77, 0x77, 0x77,
    0x77, 0x77, 0x74, 0x0, 0xb, 0xff, 0xff, 0xff,
    0xff, 0xff, 0xff, 0xff, 0xff, 0xff, 0xff, 0xa0,
    0x2f, 0xff, 0xff, 0xff, 0xff, 0xff, 0xff, 0xff,
    0xff, 0xff, 0xff, 0xf2, 0x4f, 0xff, 0xff, 0xff,
    0xfb, 0x30, 0x3, 0xbf, 0xff, 0xff, 0xff, 0xf4,
    0x4f, 0xff, 0xff, 0xff, 0x80, 0x0, 0x0, 0x8,
    0xff, 0xff, 0xff, 0xf4, 0x4f, 0xff, 0xff, 0xfb,
    0x0, 0x16, 0x50, 0x0, 0xbf, 0xff, 0xff, 0xf4,
    0x4f, 0xff, 0xff, 0xf4, 0x2, 0xff, 0xfa, 0x0,
    0x4f, 0xff, 0xff, 0xf4, 0x4f, 0xff, 0xff, 0xf0,
    0xa, 0xff, 0xff, 0x30, 0x1f, 0xff, 0xff, 0xf4,
    0x4f, 0xff, 0xff, 0xff, 0xff, 0xff, 0xff, 0x30,
    0x1f, 0xff, 0xff, 0xf4, 0x4f, 0xff, 0xff, 0xff,
    0xff, 0xff, 0xfc, 0x0, 0x5f, 0xff, 0xff, 0xf4,
    0x4f, 0xff, 0xff, 0xff, 0xff, 0xff, 0xd1, 0x1,
    0xdf, 0xff, 0xff, 0xf4, 0x4f, 0xff, 0xff, 0xff,
    0xff, 0xfe, 0x20, 0x1c, 0xff, 0xff, 0xff, 0xf4,
    0x4f, 0xff, 0xff, 0xff, 0xff, 0xf6, 0x0, 0xbf,
    0xff, 0xff, 0xff, 0xf4, 0x4f, 0xff, 0xff, 0xff,
    0xff, 0xf0, 0x5, 0xff, 0xff, 0xff, 0xff, 0xf4,
    0x4f, 0xff, 0xff, 0xff, 0xff, 0xc0, 0xa, 0xff,
    0xff, 0xff, 0xff, 0xf4, 0x4f, 0xff, 0xff, 0xff,
    0xff, 0xe7, 0x7d, 0xff, 0xff, 0xff, 0xff, 0xf4,
    0x4f, 0xff, 0xff, 0xff, 0xff, 0xff, 0xff, 0xff,
    0xff, 0xff, 0xff, 0xf4, 0x4f, 0xff, 0xff, 0xff,
    0xff, 0xff, 0xff, 0xff, 0xff, 0xff, 0xff, 0xf4,
    0x4f, 0xff, 0xff, 0xff, 0xff, 0xc0, 0xc, 0xff,
    0xff, 0xff, 0xff, 0xf4, 0x4f, 0xff, 0xff, 0xff,
    0xff, 0xc0, 0xc, 0xff, 0xff, 0xff, 0xff, 0xf4,
    0x3f, 0xff, 0xff, 0xff, 0xff, 0xe8, 0x8e, 0xff,
    0xff, 0xff, 0xff, 0xf3, 0xf, 0xff, 0xff, 0xff,
    0xff, 0xff, 0xff, 0xff, 0xff, 0xff, 0xff, 0xe0,
    0x4, 0xdf, 0xff, 0xff, 0xff, 0xff, 0xff, 0xff,
    0xff, 0xff, 0xfd, 0x30, 0x0, 0x0, 0x0, 0x0,
    0x5f, 0xff, 0xff, 0xf3, 0x0, 0x0, 0x0, 0x0,
    0x0, 0x0, 0x0, 0x0, 0x5, 0xff, 0xff, 0x30,
    0x0, 0x0, 0x0, 0x0, 0x0, 0x0, 0x0, 0x0,
    0x0, 0x5f, 0xf4, 0x0, 0x0, 0x0, 0x0, 0x0,
    0x0, 0x0, 0x0, 0x0, 0x0, 0x4, 0x40, 0x0,
    0x0, 0x0, 0x0, 0x0,

    /* U+E1EC "" */
    0x0, 0x0, 0x0, 0x0, 0x0, 0x0, 0x0, 0x0,
    0x0, 0x0, 0x0, 0x0, 0x0, 0x0, 0x0, 0x0,
    0xff, 0x90, 0xf, 0xf9, 0x0, 0x0, 0x0, 0x0,
    0x0, 0x0, 0x0, 0x0, 0xff, 0x90, 0xf, 0xf9,
    0x0, 0x0, 0x0, 0x0, 0x0, 0x0, 0x37, 0x88,
    0xff, 0xc8, 0x8f, 0xfc, 0x88, 0x61, 0x0, 0x0,
    0x0, 0x5, 0xff, 0xff, 0xff, 0xff, 0xff, 0xff,
    0xff, 0xfe, 0x10, 0x0, 0x0, 0xd, 0xff, 0xff,
    0xff, 0xff, 0xff, 0xff, 0xff, 0xff, 0x70, 0x0,
    0x0, 0xe, 0xf8, 0x0, 0x0, 0x0, 0x0, 0x0,
    0x0, 0xef, 0x80, 0x0, 0x0, 0xe, 0xf8, 0x0,
    0x0, 0x0, 0x0, 0x0, 0x0, 0xef, 0x80, 0x0,
    0x39, 0x9f, 0xf8, 0x0, 0x89, 0x99, 0x99, 0x95,
    0x0, 0xef, 0xc9, 0x90, 0x7f, 0xff, 0xf8, 0x0,
    0xff, 0xff, 0xff, 0xf9, 0x0, 0xef, 0xff, 0xf1,
    0x6f, 0xff, 0xf8, 0x0, 0xff, 0xff, 0xff, 0xf9,
    0x0, 0xef, 0xff, 0xf0, 0x0, 0xe, 0xf8, 0x0,
    0xff, 0x90, 0xf, 0xf9, 0x0, 0xef, 0x80, 0x0,
    0x0, 0xe, 0xf8, 0x0, 0xff, 0x90, 0xf, 0xf9,
    0x0, 0xef, 0x80, 0x0, 0x6f, 0xff, 0xf8, 0x0,
    0xff, 0xff, 0xff, 0xf9, 0x0, 0xef, 0xff, 0xf0,
    0x7f, 0xff, 0xf8, 0x0, 0xff, 0xff, 0xff, 0xf9,
    0x0, 0xef, 0xff, 0xf1, 0x39, 0x9f, 0xf8, 0x0,
    0x89, 0x99, 0x99, 0x95, 0x0, 0xef, 0xc9, 0x90,
    0x0, 0xe, 0xf8, 0x0, 0x0, 0x0, 0x0, 0x0,
    0x0, 0xef, 0x80, 0x0, 0x0, 0xe, 0xf8, 0x0,
    0x0, 0x0, 0x0, 0x0, 0x0, 0xef, 0x80, 0x0,
    0x0, 0xe, 0xfc, 0x88, 0x88, 0x88, 0x88, 0x88,
    0x88, 0xff, 0x70, 0x0, 0x0, 0x9, 0xff, 0xff,
    0xff, 0xff, 0xff, 0xff, 0xff, 0xff, 0x30, 0x0,
    0x0, 0x0, 0xae, 0xff, 0xff, 0xff, 0xff, 0xff,
    0xff, 0xd6, 0x0, 0x0, 0x0, 0x0, 0x0, 0x0,
    0xff, 0x90, 0xf, 0xf9, 0x0, 0x0, 0x0, 0x0,
    0x0, 0x0, 0x0, 0x0, 0xff, 0x90, 0xf, 0xf9,
    0x0, 0x0, 0x0, 0x0, 0x0, 0x0, 0x0, 0x0,
    0x77, 0x40, 0x7, 0x74, 0x0, 0x0, 0x0, 0x0,

    /* U+E36B "" */
    0x0, 0x0, 0x0, 0x0, 0x0, 0x35, 0x67, 0x53,
    0x0, 0x0, 0x0, 0x0, 0x0, 0x0, 0x0, 0x0,
    0x2, 0xae, 0xff, 0xff, 0xff, 0xea, 0x20, 0x0,
    0x0, 0x0, 0x0, 0x0, 0x1, 0xaf, 0xff, 0xff,
    0xff, 0xff, 0xff, 0xfa, 0x10, 0x0, 0x0, 0x0,
    0x0, 0x2d, 0xff, 0xfa, 0x52, 0x0, 0x25, 0xaf,
    0xff, 0xd2, 0x0, 0x0, 0x0, 0x2, 0xef, 0xfa,
    0x20, 0x0, 0x0, 0x0, 0x2, 0xaf, 0xfe, 0x20,
    0x0, 0x0, 0x1d, 0xff, 0x70, 0x0, 0x0, 0x0,
    0x0, 0x0, 0x7, 0xff, 0xd1, 0x0, 0x0, 0xaf,
    0xf7, 0x0, 0x0, 0x0, 0x0, 0x0, 0x0, 0x0,
    0x7f, 0xfa, 0x0, 0x3, 0xff, 0xa0, 0x0, 0x0,
    0x0, 0x0, 0x0, 0x0, 0x0, 0xa, 0xff, 0x20,
    0xa, 0xff, 0x10, 0x8, 0xeb, 0x0, 0x0, 0x0,
    0xbe, 0x80, 0x2, 0xff, 0xa0, 0xe, 0xfa, 0x0,
    0x2f, 0xff, 0x60, 0x0, 0x6, 0xff, 0xf2, 0x0,
    0xaf, 0xe0, 0x3f, 0xf5, 0x0, 0x1f, 0xff, 0x50,
    0x0, 0x5, 0xff, 0xf1, 0x0, 0x5f, 0xf3, 0x5f,
    0xf1, 0x0, 0x5, 0xb7, 0x0, 0x0, 0x0, 0x7b,
    0x50, 0x0, 0x2f, 0xf5, 0x7f, 0xf0, 0x0, 0x0,
    0x0, 0x0, 0x0, 0x0, 0x0, 0x0, 0x0, 0xf,
    0xf7, 0x7f, 0xf0, 0x0, 0x0, 0x0, 0x0, 0x0,
    0x0, 0x0, 0x0, 0x0, 0xf, 0xf6, 0x5f, 0xf1,
    0x0, 0x0, 0x0, 0x0, 0x0, 0x0, 0x0, 0x0,
    0x0, 0x2f, 0xf5, 0x3f, 0xf5, 0x0, 0x0, 0x0,
    0x0, 0x0, 0x0, 0x0, 0x0, 0x0, 0x5f, 0xf3,
    0xf, 0xfa, 0x0, 0x0, 0x0, 0x0, 0x0, 0x0,
    0x0, 0x0, 0x0, 0xaf, 0xe0, 0xa, 0xff, 0x10,
    0x0, 0x4, 0x66, 0x66, 0x66, 0x40, 0x0, 0x2,
    0xff, 0xa0, 0x3, 0xff, 0xa0, 0x0, 0x9, 0xdd,
    0xdd, 0xdd, 0x90, 0x0, 0xa, 0xff, 0x20, 0x0,
    0xaf, 0xf7, 0x0, 0x0, 0x0, 0x0, 0x0, 0x0,
    0x0, 0x7f, 0xfa, 0x0, 0x0, 0x1d, 0xff, 0x70,
    0x0, 0x0, 0x0, 0x0, 0x0, 0x7, 0xff, 0xd1,
    0x0, 0x0, 0x2, 0xef, 0xfa, 0x10, 0x0, 0x0,
    0x0, 0x1, 0xaf, 0xfe, 0x20, 0x0, 0x0, 0x0,
    0x2d, 0xff, 0xfa, 0x51, 0x0, 0x15, 0xaf, 0xff,
    0xd2, 0x0, 0x0, 0x0, 0x0, 0x1, 0xaf, 0xff,
    0xff, 0xff, 0xff, 0xff, 0xfa, 0x10, 0x0, 0x0,
    0x0, 0x0, 0x0, 0x3, 0xaf, 0xff, 0xff, 0xff,
    0xea, 0x30, 0x0, 0x0, 0x0, 0x0, 0x0, 0x0,
    0x0, 0x0, 0x35, 0x77, 0x53, 0x0, 0x0, 0x0,
    0x0, 0x0,

    /* U+E36D "" */
    0x0, 0x0, 0x0, 0x0, 0x0, 0x35, 0x67, 0x53,
    0x0, 0x0, 0x0, 0x0, 0x0, 0x0, 0x0, 0x0,
    0x2, 0xae, 0xff, 0xff, 0xff, 0xea, 0x20, 0x0,
    0x0, 0x0, 0x0, 0x0, 0x1, 0xaf, 0xff, 0xff,
    0xff, 0xff, 0xff, 0xfa, 0x10, 0x0, 0x0, 0x0,
    0x0, 0x2d, 0xff, 0xfa, 0x52, 0x0, 0x25, 0xaf,
    0xff, 0xd2, 0x0, 0x0, 0x0, 0x2, 0xef, 0xfa,
    0x20, 0x0, 0x0, 0x0, 0x2, 0xaf, 0xfe, 0x20,
    0x0, 0x0, 0x1d, 0xff, 0x70, 0x0, 0x4, 0x77,
    0x30, 0x0, 0x7, 0xff, 0xd1, 0x0, 0x0, 0xaf,
    0xf7, 0x0, 0x2, 0xcf, 0xff, 0xfc, 0x20, 0x0,
    0x7f, 0xfa, 0x0, 0x3, 0xff, 0xa0, 0x0, 0x1e,
    0xff, 0xff, 0xff, 0xd1, 0x0, 0xa, 0xff, 0x20,
    0xa, 0xff, 0x10, 0x0, 0x8f, 0xf9, 0x11, 0x9f,
    0xf8, 0x0, 0x2, 0xff, 0xa0, 0xe, 0xfa, 0x0,
    0x0, 0xdf, 0xc0, 0x0, 0xc, 0xfd, 0x0, 0x0,
    0xaf, 0xe0, 0x3f, 0xf5, 0x0, 0x0, 0x77, 0x40,
    0x0, 0x8, 0xff, 0x0, 0x0, 0x5f, 0xf3, 0x5f,
    0xf1, 0x0, 0x0, 0x0, 0x0, 0x0, 0xc, 0xfc,
    0x0, 0x0, 0x2f, 0xf5, 0x7f, 0xf0, 0x0, 0x0,
    0x0, 0x0, 0x0, 0xaf, 0xf3, 0x0, 0x0, 0xf,
    0xf7, 0x7f, 0xf0, 0x0, 0x0, 0x0, 0x0, 0x1c,
    0xff, 0x50, 0x0, 0x0, 0xf, 0xf6, 0x5f, 0xf1,
    0x0, 0x0, 0x0, 0x0, 0xaf, 0xf5, 0x0, 0x0,
    0x0, 0x2f, 0xf5, 0x3f, 0xf5, 0x0, 0x0, 0x0,
    0x1, 0xff, 0xa0, 0x0, 0x0, 0x0, 0x5f, 0xf3,
    0xf, 0xfa, 0x0, 0x0, 0x0, 0x2, 0xcc, 0x30,
    0x0, 0x0, 0x0, 0xaf, 0xe0, 0xa, 0xff, 0x10,
    0x0, 0x0, 0x0, 0x0, 0x0, 0x0, 0x0, 0x2,
    0xff, 0xa0, 0x3, 0xff, 0xa0, 0x0, 0x0, 0x3,
    0xff, 0x30, 0x0, 0x0, 0xa, 0xff, 0x20, 0x0,
    0xaf, 0xf7, 0x0, 0x0, 0x3, 0xff, 0x30, 0x0,
    0x0, 0x7f, 0xfa, 0x0, 0x0, 0x1d, 0xff, 0x70,
    0x0, 0x1, 0x88, 0x10, 0x0, 0x7, 0xff, 0xd1,
    0x0, 0x0, 0x2, 0xef, 0xfa, 0x10, 0x0, 0x0,
    0x0, 0x1, 0xaf, 0xfe, 0x20, 0x0, 0x0, 0x0,
    0x2d, 0xff, 0xfa, 0x51, 0x0, 0x15, 0xaf, 0xff,
    0xd2, 0x0, 0x0, 0x0, 0x0, 0x1, 0xaf, 0xff,
    0xff, 0xff, 0xff, 0xff, 0xfa, 0x10, 0x0, 0x0,
    0x0, 0x0, 0x0, 0x3, 0xaf, 0xff, 0xff, 0xff,
    0xea, 0x30, 0x0, 0x0, 0x0, 0x0, 0x0, 0x0,
    0x0, 0x0, 0x35, 0x77, 0x53, 0x0, 0x0, 0x0,
    0x0, 0x0,

    /* U+E372 "" */
    0xb, 0xb4, 0x0, 0xab, 0x70, 0xb, 0xb4, 0x0,
    0x0, 0x0, 0x27, 0xa2, 0x1f, 0xf7, 0x0, 0xef,
    0xa0, 0x1f, 0xf6, 0x0, 0x0, 0x8, 0xff, 0xf3,
    0x1f, 0xf7, 0x0, 0xef, 0xa0, 0x1f, 0xf6, 0x0,
    0x0, 0xbf, 0xff, 0xf3, 0x1f, 0xf7, 0x0, 0xef,
    0xa0, 0x1f, 0xf6, 0x0, 0x8, 0xff, 0xff, 0xf3,
    0x1f, 0xf7, 0x0, 0xef, 0xa0, 0x1f, 0xf6, 0x0,
    0xe, 0xff, 0xff, 0xf3, 0x1f, 0xf7, 0x0, 0xef,
    0xa0, 0x1f, 0xf6, 0x0, 0xf, 0xff, 0xff, 0xf3,
    0x1f, 0xf7, 0x0, 0xef, 0xa0, 0x1f, 0xf6, 0x0,
    0x1f, 0xff, 0xff, 0xf3, 0x1f, 0xf7, 0x0, 0xef,
    0xa0, 0x1f, 0xf6, 0x0, 0x1f, 0xff, 0xff, 0xf3,
    0x1f, 0xf7, 0x0, 0xef, 0xa0, 0x1f, 0xf6, 0x0,
    0x1f, 0xff, 0xff, 0xf3, 0xf, 0xff, 0xff, 0xff,
    0xff, 0xff, 0xf5, 0x0, 0x1f, 0xff, 0xff, 0xf3,
    0xd, 0xff, 0xff, 0xff, 0xff, 0xff, 0xf2, 0x0,
    0x1f, 0xff, 0xff, 0xf3, 0x6, 0xff, 0xff, 0xff,
    0xff, 0xff, 0xc0, 0x0, 0x1f, 0xff, 0xff, 0xf3,
    0x0, 0x9f, 0xff, 0xff, 0xff, 0xfe, 0x20, 0x0,
    0x1f, 0xff, 0xff, 0xf3, 0x0, 0x5, 0xcf, 0xff,
    0xfe, 0x91, 0x0, 0x0, 0x1f, 0xff, 0xff, 0xf3,
    0x0, 0x0, 0x3, 0xff, 0xe0, 0x0, 0x0, 0x0,
    0x1f, 0xff, 0xff, 0xf3, 0x0, 0x0, 0x3, 0xff,
    0xe0, 0x0, 0x0, 0x0, 0x4, 0x44, 0xef, 0xf3,
    0x0, 0x0, 0x3, 0xff, 0xe0, 0x0, 0x0, 0x0,
    0x0, 0x0, 0xef, 0xf3, 0x0, 0x0, 0x3, 0xff,
    0xe0, 0x0, 0x0, 0x0, 0x0, 0x0, 0xef, 0xf3,
    0x0, 0x0, 0x3, 0xff, 0xe0, 0x0, 0x0, 0x0,
    0x0, 0x0, 0xef, 0xf3, 0x0, 0x0, 0x3, 0xff,
    0xe0, 0x0, 0x0, 0x0, 0x0, 0x0, 0xef, 0xf3,
    0x0, 0x0, 0x3, 0xff, 0xe0, 0x0, 0x0, 0x0,
    0x0, 0x0, 0xef, 0xf3, 0x0, 0x0, 0x3, 0xff,
    0xe0, 0x0, 0x0, 0x0, 0x0, 0x0, 0xef, 0xf3,
    0x0, 0x0, 0x3, 0xff, 0xe0, 0x0, 0x0, 0x0,
    0x0, 0x0, 0xef, 0xf3, 0x0, 0x0, 0x3, 0xff,
    0xe0, 0x0, 0x0, 0x0, 0x0, 0x0, 0xef, 0xf3,
    0x0, 0x0, 0x3, 0xff, 0xe0, 0x0, 0x0, 0x0,
    0x0, 0x0, 0xef, 0xf3, 0x0, 0x0, 0x0, 0x44,
    0x30, 0x0, 0x0, 0x0, 0x0, 0x0, 0x34, 0x40,

    /* U+E375 "" */
    0x0, 0x0, 0x0, 0x0, 0x0, 0x35, 0x67, 0x53,
    0x0, 0x0, 0x0, 0x0, 0x0, 0x0, 0x0, 0x0,
    0x2, 0xae, 0xff, 0xff, 0xff, 0xea, 0x20, 0x0,
    0x0, 0x0, 0x0, 0x0, 0x1, 0xaf, 0xff, 0xff,
    0xff, 0xff, 0xff, 0xfa, 0x10, 0x0, 0x0, 0x0,
    0x0, 0x2d, 0xff, 0xfa, 0x52, 0x0, 0x25, 0xaf,
    0xff, 0xd2, 0x0, 0x0, 0x0, 0x2, 0xef, 0xfa,
    0x20, 0x0, 0x0, 0x0, 0x2, 0xaf, 0xfe, 0x20,
    0x0, 0x0, 0x1d, 0xff, 0x70, 0x0, 0x0, 0x0,
    0x0, 0x0, 0x7, 0xff, 0xd1, 0x0, 0x0, 0xaf,
    0xf7, 0x0, 0x0, 0x0, 0x0, 0x0, 0x0, 0x0,
    0x7f, 0xfa, 0x0, 0x3, 0xff, 0xa0, 0x0, 0x0,
    0x0, 0x0, 0x0, 0x0, 0x0, 0xa, 0xff, 0x20,
    0xa, 0xff, 0x10, 0x8, 0xeb, 0x0, 0x0, 0x0,
    0xbe, 0x80, 0x2, 0xff, 0xa0, 0xe, 0xfa, 0x0,
    0x2f, 0xff, 0x60, 0x0, 0x6, 0xff, 0xf2, 0x0,
    0xaf, 0xe0, 0x3f, 0xf5, 0x0, 0x1f, 0xff, 0x50,
    0x0, 0x5, 0xff, 0xf1, 0x0, 0x5f, 0xf3, 0x5f,
    0xf1, 0x0, 0x5, 0xb7, 0x0, 0x0, 0x0, 0x7b,
    0x50, 0x0, 0x2f, 0xf5, 0x7f, 0xf0, 0x0, 0x0,
    0x0, 0x0, 0x0, 0x0, 0x0, 0x0, 0x0, 0xf,
    0xf7, 0x7f, 0xf0, 0x0, 0x0, 0x0, 0x0, 0x0,
    0x0, 0x0, 0x0, 0x0, 0xf, 0xf6, 0x5f, 0xf1,
    0x0, 0x0, 0x0, 0x0, 0x0, 0x0, 0x0, 0x0,
    0x0, 0x2f, 0xf5, 0x3f, 0xf5, 0x0, 0x0, 0x0,
    0x38, 0xaa, 0x83, 0x0, 0x0, 0x0, 0x5f, 0xf3,
    0xf, 0xfa, 0x0, 0x0, 0xa, 0xff, 0xff, 0xff,
    0xa0, 0x0, 0x0, 0xaf, 0xe0, 0xa, 0xff, 0x10,
    0x0, 0xcf, 0xd6, 0x33, 0x6d, 0xfc, 0x0, 0x2,
    0xff, 0xa0, 0x3, 0xff, 0xa0, 0x9, 0xfb, 0x0,
    0x0, 0x0, 0xbf, 0x90, 0xa, 0xff, 0x20, 0x0,
    0xaf, 0xf7, 0x1d, 0xc0, 0x0, 0x0, 0x0, 0x1c,
    0xd1, 0x7f, 0xfa, 0x0, 0x0, 0x1d, 0xff, 0x70,
    0x0, 0x0, 0x0, 0x0, 0x0, 0x7, 0xff, 0xd1,
    0x0, 0x0, 0x2, 0xef, 0xfa, 0x10, 0x0, 0x0,
    0x0, 0x1, 0xaf, 0xfe, 0x20, 0x0, 0x0, 0x0,
    0x2d, 0xff, 0xfa, 0x51, 0x0, 0x15, 0xaf, 0xff,
    0xd2, 0x0, 0x0, 0x0, 0x0, 0x1, 0xaf, 0xff,
    0xff, 0xff, 0xff, 0xff, 0xfa, 0x10, 0x0, 0x0,
    0x0, 0x0, 0x0, 0x3, 0xaf, 0xff, 0xff, 0xff,
    0xea, 0x30, 0x0, 0x0, 0x0, 0x0, 0x0, 0x0,
    0x0, 0x0, 0x35, 0x77, 0x53, 0x0, 0x0, 0x0,
    0x0, 0x0,

    /* U+E384 "" */
    0x0, 0x0, 0x0, 0x0, 0x0, 0x35, 0x67, 0x53,
    0x0, 0x0, 0x0, 0x0, 0x0, 0x0, 0x0, 0x0,
    0x2, 0xae, 0xff, 0xff, 0xff, 0xea, 0x20, 0x0,
    0x0, 0x0, 0x0, 0x0, 0x1, 0xaf, 0xff, 0xff,
    0xff, 0xff, 0xff, 0xfa, 0x10, 0x0, 0x0, 0x0,
    0x0, 0x2d, 0xff, 0xfa, 0x52, 0x0, 0x25, 0xaf,
    0xff, 0xd2, 0x0, 0x0, 0x0, 0x2, 0xef, 0xfa,
    0x20, 0x0, 0x0, 0x0, 0x2, 0xaf, 0xfe, 0x20,
    0x0, 0x0, 0x1d, 0xff, 0x70, 0x0, 0x0, 0x0,
    0x0, 0x0, 0x7, 0xff, 0xd1, 0x0, 0x0, 0xaf,
    0xf7, 0x0, 0x0, 0x0, 0x0, 0x0, 0x0, 0x0,
    0x7f, 0xfa, 0x0, 0x3, 0xff, 0xa0, 0x0, 0x0,
    0x0, 0x0, 0x0, 0x0, 0x0, 0xa, 0xff, 0x20,
    0xa, 0xff, 0x10, 0x8, 0xeb, 0x0, 0x0, 0x0,
    0xbe, 0x80, 0x2, 0xff, 0xa0, 0xe, 0xfa, 0x0,
    0x2f, 0xff, 0x60, 0x0, 0x6, 0xff, 0xf2, 0x0,
    0xaf, 0xe0, 0x3f, 0xf5, 0x0, 0x1f, 0xff, 0x50,
    0x0, 0x5, 0xff, 0xf1, 0x0, 0x5f, 0xf3, 0x5f,
    0xf1, 0x0, 0x5, 0xb7, 0x0, 0x0, 0x0, 0x7b,
    0x50, 0x0, 0x2f, 0xf5, 0x7f, 0xf0, 0x0, 0x0,
    0x0, 0x0, 0x0, 0x0, 0x0, 0x0, 0x0, 0xf,
    0xf7, 0x7f, 0xf0, 0x0, 0x0, 0x0, 0x0, 0x0,
    0x0, 0x0, 0x0, 0x0, 0xf, 0xf6, 0x5f, 0xf1,
    0x0, 0x0, 0x0, 0x0, 0x0, 0x0, 0x0, 0x0,
    0x0, 0x2f, 0xf5, 0x3f, 0xf5, 0x0, 0x0, 0x0,
    0x0, 0x0, 0x0, 0x0, 0x0, 0x0, 0x5f, 0xf3,
    0xf, 0xfa, 0x0, 0x0, 0x0, 0x0, 0x11, 0x0,
    0x0, 0x0, 0x0, 0xaf, 0xe0, 0xa, 0xff, 0x10,
    0x0, 0x2, 0xaf, 0xff, 0xfa, 0x20, 0x0, 0x2,
    0xff, 0xa0, 0x3, 0xff, 0xa0, 0x0, 0x4, 0xff,
    0xcc, 0xff, 0x30, 0x0, 0xa, 0xff, 0x20, 0x0,
    0xaf, 0xf7, 0x0, 0x0, 0x20, 0x0, 0x2, 0x0,
    0x0, 0x7f, 0xfa, 0x0, 0x0, 0x1d, 0xff, 0x70,
    0x0, 0x0, 0x0, 0x0, 0x0, 0x7, 0xff, 0xd1,
    0x0, 0x0, 0x2, 0xef, 0xfa, 0x10, 0x0, 0x0,
    0x0, 0x1, 0xaf, 0xfe, 0x20, 0x0, 0x0, 0x0,
    0x2d, 0xff, 0xfa, 0x51, 0x0, 0x15, 0xaf, 0xff,
    0xd2, 0x0, 0x0, 0x0, 0x0, 0x1, 0xaf, 0xff,
    0xff, 0xff, 0xff, 0xff, 0xfa, 0x10, 0x0, 0x0,
    0x0, 0x0, 0x0, 0x3, 0xaf, 0xff, 0xff, 0xff,
    0xea, 0x30, 0x0, 0x0, 0x0, 0x0, 0x0, 0x0,
    0x0, 0x0, 0x35, 0x77, 0x53, 0x0, 0x0, 0x0,
    0x0, 0x0,

    /* U+E38D "" */
    0x0, 0x0, 0x0, 0x0, 0x3, 0x79, 0xb2, 0x0,
    0x0, 0x0, 0x0, 0x0, 0x0, 0x0, 0x0, 0x6,
    0xdf, 0xff, 0xc0, 0x0, 0x0, 0x0, 0x0, 0x0,
    0x0, 0x0, 0x3, 0xdf, 0xff, 0xff, 0x60, 0x0,
    0x0, 0x0, 0x0, 0x0, 0x0, 0x0, 0x5f, 0xff,
    0xff, 0xff, 0x10, 0x0, 0x0, 0x0, 0x0, 0x0,
    0x0, 0x4, 0xff, 0xff, 0xff, 0xfe, 0x0, 0x0,
    0x0, 0x0, 0x0, 0x0, 0x0, 0x2f, 0xff, 0xff,
    0xff, 0xfc, 0x0, 0x0, 0x0, 0x0, 0x0, 0x0,
    0x0, 0xbf, 0xff, 0xff, 0xff, 0xfb, 0x0, 0x0,
    0x0, 0x0, 0x0, 0x0, 0x4, 0xff, 0xff, 0xff,
    0xff, 0xfc, 0x0, 0x0, 0x0, 0x0, 0x0, 0x0,
    0xb, 0xff, 0xff, 0xff, 0xff, 0xfe, 0x0, 0x0,
    0x0, 0x0, 0x0, 0x0, 0xf, 0xff, 0xff, 0xff,
    0xff, 0xff, 0x10, 0x0, 0x0, 0x0, 0x0, 0x0,
    0x4f, 0xff, 0xff, 0xff, 0xff, 0xff, 0x60, 0x0,
    0x0, 0x0, 0x0, 0x0, 0x5f, 0xff, 0xff, 0xff,
    0xff, 0xff, 0xd0, 0x0, 0x0, 0x0, 0x0, 0x0,
    0x7f, 0xff, 0xff, 0xff, 0xff, 0xff, 0xf4, 0x0,
    0x0, 0x0, 0x0, 0x0, 0x6f, 0xff, 0xff, 0xff,
    0xff, 0xff, 0xfe, 0x10, 0x0, 0x0, 0x0, 0x0,
    0x5f, 0xff, 0xff, 0xff, 0xff, 0xff, 0xff, 0xa0,
    0x0, 0x0, 0x0, 0x0, 0x2f, 0xff, 0xff, 0xff,
    0xff, 0xff, 0xff, 0xf9, 0x0, 0x0, 0x0, 0x0,
    0xd, 0xff, 0xff, 0xff, 0xff, 0xff, 0xff, 0xff,
    0xa1, 0x0, 0x0, 0x0, 0x8, 0xff, 0xff, 0xff,
    0xff, 0xff, 0xff, 0xff, 0xfe, 0x50, 0x0, 0x0,
    0x1, 0xff, 0xff, 0xff, 0xff, 0xff, 0xff, 0xff,
    0xff, 0xfd, 0x84, 0x10, 0x0, 0x7f, 0xff, 0xff,
    0xff, 0xff, 0xff, 0xff, 0xff, 0xff, 0xff, 0xf7,
    0x0, 0xb, 0xff, 0xff, 0xff, 0xff, 0xff, 0xff,
    0xff, 0xff, 0xff, 0xc0, 0x0, 0x1, 0xdf, 0xff,
    0xff, 0xff, 0xff, 0xff, 0xff, 0xff, 0xfc, 0x10,
    0x0, 0x0, 0xb, 0xff, 0xff, 0xff, 0xff, 0xff,
    0xff, 0xff, 0xb1, 0x0, 0x0, 0x0, 0x0, 0x6e,
    0xff, 0xff, 0xff, 0xff, 0xff, 0xe6, 0x0, 0x0,
    0x0, 0x0, 0x0, 0x0, 0x6b, 0xff, 0xff, 0xff,
    0xb6, 0x0, 0x0, 0x0, 0x0, 0x0, 0x0, 0x0,
    0x0, 0x1, 0x33, 0x20, 0x0, 0x0, 0x0, 0x0,

    /* U+E392 "" */
    0x0, 0x0, 0x0, 0x0, 0x0, 0x2, 0x10, 0x0,
    0x0, 0x0, 0x0, 0x0, 0x0, 0x0, 0x0, 0x0,
    0x1, 0xcf, 0xf7, 0x0, 0x0, 0x0, 0x0, 0x0,
    0x0, 0x0, 0x0, 0x0, 0x9, 0xff, 0xff, 0x10,
    0x0, 0x0, 0x0, 0x0, 0x0, 0x0, 0x0, 0x0,
    0xb, 0xff, 0xff, 0x30, 0x0, 0x0, 0x0, 0x0,
    0x0, 0x0, 0x0, 0x0, 0x6, 0xff, 0xfe, 0x0,
    0x0, 0x0, 0x0, 0x0, 0x0, 0x0, 0x0, 0x0,
    0x0, 0x6c, 0xa2, 0x0, 0x0, 0x0, 0x0, 0x0,
    0x0, 0x0, 0x0, 0x0, 0x0, 0x0, 0x0, 0x0,
    0x0, 0x0, 0x0, 0x0, 0x0, 0x0, 0x0, 0x0,
    0x5, 0xdf, 0xea, 0x10, 0x0, 0x0, 0x0, 0x0,
    0x0, 0x0, 0x0, 0x0, 0x4f, 0xff, 0xff, 0xc0,
    0x0, 0x0, 0x0, 0x0, 0x0, 0x0, 0x0, 0x2,
    0xff, 0xff, 0xff, 0xfa, 0x0, 0x0, 0x0, 0x0,
    0x0, 0x0, 0x0, 0x2e, 0xff, 0xff, 0xff, 0xff,
    0x90, 0x0, 0x0, 0x0, 0x0, 0x0, 0x4, 0xef,
    0xff, 0xff, 0xff, 0xff, 0xfa, 0x10, 0x0, 0x0,
    0x0, 0x3, 0xaf, 0xff, 0x6b, 0xff, 0xff, 0x5d,
    0xff, 0xe7, 0x10, 0x0, 0x5c, 0xef, 0xff, 0xe5,
    0xb, 0xff, 0xff, 0x41, 0xbf, 0xff, 0xfd, 0xb0,
    0x7f, 0xff, 0xf9, 0x10, 0x2d, 0xff, 0xff, 0x80,
    0x4, 0xdf, 0xff, 0xf0, 0x5b, 0x96, 0x10, 0x4b,
    0xff, 0xff, 0xff, 0xfe, 0x82, 0x3, 0x8a, 0xc0,
    0x0, 0x0, 0x5d, 0xff, 0xff, 0xff, 0xff, 0xff,
    0xff, 0xc4, 0x0, 0x0, 0x0, 0x6, 0xff, 0xff,
    0xfb, 0x31, 0x0, 0x19, 0xff, 0xff, 0x50, 0x0,
    0x0, 0xb, 0xff, 0xff, 0xc0, 0x57, 0x77, 0x8d,
    0xff, 0xff, 0xa0, 0x0, 0x0, 0x8, 0xff, 0xff,
    0x67, 0xff, 0xff, 0xff, 0xff, 0xff, 0x80, 0x0,
    0x0, 0x1, 0xbf, 0xff, 0x3b, 0xff, 0xff, 0xff,
    0xff, 0xfb, 0x0, 0x0, 0x0, 0x0, 0x0, 0x0,
    0x0, 0x0, 0x0, 0x0, 0x0, 0x0, 0x0, 0x0,

    /* U+E398 "" */
    0x0, 0x0, 0x0, 0x0, 0x0, 0x0, 0x0, 0x0,
    0x0, 0x0, 0x0, 0x40, 0x0, 0x0, 0x0, 0x0,
    0x0, 0x0, 0x3, 0x56, 0x76, 0x30, 0x0, 0x0,
    0x2e, 0x0, 0x0, 0x0, 0x0, 0x0, 0x2, 0x9e,
    0xff, 0xff, 0xff, 0xe7, 0x0, 0xa, 0xf5, 0x0,
    0x0, 0x0, 0x0, 0x19, 0xff, 0xff, 0xff, 0xff,
    0xd6, 0x0, 0x17, 0xff, 0xe5, 0x0, 0x0, 0x0,
    0x2d, 0xff, 0xff, 0xff, 0xff, 0x60, 0x0, 0x7f,
    0xff, 0xff, 0xfe, 0x40, 0x0, 0x2e, 0xff, 0xff,
    0xff, 0xff, 0xff, 0x92, 0x0, 0x4b, 0xff, 0xfa,
    0x20, 0x0, 0x1d, 0xff, 0xff, 0xff, 0xff, 0xff,
    0xff, 0xfb, 0x30, 0xb, 0xf7, 0x0, 0x0, 0x9,
    0xff, 0xff, 0xff, 0xd4, 0xff, 0xff, 0xff, 0xff,
    0xa0, 0x4f, 0x10, 0x0, 0x2, 0xff, 0xff, 0xff,
    0xf5, 0x4, 0xff, 0xff, 0xff, 0xff, 0x30, 0x70,
    0x0, 0x0, 0x9f, 0xff, 0xff, 0xfa, 0x0, 0x1,
    0xbf, 0xff, 0xff, 0xfa, 0x0, 0x8, 0x0, 0xe,
    0xff, 0xff, 0xfc, 0x0, 0x0, 0x0, 0x4b, 0xff,
    0xff, 0xf2, 0x6, 0xe0, 0x3, 0xff, 0xff, 0xfb,
    0x10, 0x0, 0x0, 0x0, 0x0, 0x36, 0x77, 0x20,
    0xdf, 0x30, 0x5f, 0xff, 0xf8, 0x0, 0x0, 0x0,
    0x0, 0x0, 0x0, 0x0, 0x0, 0x2f, 0xf6, 0x6,
    0xff, 0x91, 0x0, 0x1, 0x30, 0x0, 0x0, 0x3,
    0x10, 0x0, 0x0, 0xff, 0x70, 0x7f, 0xf0, 0x0,
    0x1, 0xff, 0x90, 0x0, 0x9, 0xff, 0x10, 0x0,
    0xf, 0xf6, 0x5, 0xff, 0x20, 0x0, 0x4f, 0xfc,
    0x0, 0x0, 0xcf, 0xf4, 0x0, 0x2, 0xff, 0x50,
    0x3f, 0xf5, 0x0, 0x0, 0x8b, 0x30, 0x0, 0x3,
    0xb8, 0x0, 0x0, 0x5f, 0xf3, 0x0, 0xef, 0xa0,
    0x0, 0x0, 0x0, 0x0, 0x0, 0x0, 0x0, 0x0,
    0xa, 0xfe, 0x0, 0x9, 0xff, 0x20, 0x0, 0x0,
    0x0, 0x0, 0x0, 0x0, 0x0, 0x2, 0xff, 0x90,
    0x0, 0x2f, 0xfa, 0x0, 0x0, 0x0, 0x0, 0x0,
    0x0, 0x0, 0x0, 0xbf, 0xf2, 0x0, 0x0, 0x9f,
    0xf7, 0x0, 0x0, 0x0, 0x0, 0x0, 0x0, 0x0,
    0x7f, 0xf9, 0x0, 0x0, 0x1, 0xdf, 0xf7, 0x0,
    0x0, 0x0, 0x0, 0x0, 0x0, 0x7f, 0xfd, 0x10,
    0x0, 0x0, 0x2, 0xef, 0xfa, 0x20, 0x0, 0x0,
    0x0, 0x2, 0xbf, 0xfe, 0x20, 0x0, 0x0, 0x0,
    0x2, 0xdf, 0xff, 0xa5, 0x20, 0x2, 0x5a, 0xff,
    0xfd, 0x20, 0x0, 0x0, 0x0, 0x0, 0x1, 0x9f,
    0xff, 0xff, 0xff, 0xff, 0xff, 0xf9, 0x10, 0x0,
    0x0, 0x0, 0x0, 0x0, 0x0, 0x29, 0xef, 0xff,
    0xff, 0xfe, 0x92, 0x0, 0x0, 0x0, 0x0, 0x0,
    0x0, 0x0, 0x0, 0x0, 0x35, 0x76, 0x53, 0x0,
    0x0, 0x0, 0x0, 0x0, 0x0,

    /* U+E39B "" */
    0x0, 0x0, 0x0, 0x0, 0x0, 0x1, 0x10, 0x0,
    0x0, 0x0, 0x0, 0x0, 0x0, 0x0, 0x0, 0x4a,
    0xff, 0xff, 0xd8, 0x10, 0x0, 0x0, 0x0, 0x0,
    0x0, 0x1b, 0xff, 0xff, 0xff, 0xff, 0xf6, 0x0,
    0x0, 0x0, 0x0, 0x1, 0xdf, 0xff, 0xff, 0xff,
    0xff, 0xff, 0x80, 0x0, 0x0, 0x0, 0xc, 0xff,
    0xff, 0xfa, 0x9d, 0xff, 0xff, 0xf5, 0x0, 0x0,
    0x0, 0x6f, 0xff, 0xff, 0xe0, 0x6, 0xff, 0xff,
    0xfe, 0x0, 0x0, 0x0, 0xdf, 0xff, 0x57, 0x50,
    0x1, 0x84, 0xcf, 0xff, 0x70, 0x0, 0x3, 0xff,
    0xfa, 0x0, 0x0, 0x10, 0x0, 0x3f, 0xff, 0xc0,
    0x0, 0x6, 0xff, 0xfb, 0x0, 0x2e, 0xf8, 0x0,
    0x4f, 0xff, 0xe0, 0x0, 0xb, 0xff, 0xff, 0x70,
    0x7f, 0xff, 0x0, 0xff, 0xff, 0xf0, 0x0, 0x8f,
    0xff, 0xfd, 0x20, 0x4f, 0xfc, 0x0, 0x8f, 0xff,
    0xe0, 0x5, 0xff, 0xff, 0xf9, 0x0, 0x3, 0x60,
    0x0, 0x1f, 0xff, 0xb0, 0xe, 0xff, 0xff, 0xff,
    0x45, 0x30, 0x0, 0x61, 0xaf, 0xff, 0x60, 0x1,
    0x29, 0xff, 0xff, 0xff, 0xe0, 0x6, 0xff, 0xff,
    0xfe, 0x0, 0x0, 0x7, 0xff, 0xff, 0xff, 0xfb,
    0xad, 0xff, 0xff, 0xf4, 0x0, 0x0, 0x7, 0xff,
    0xff, 0xff, 0xff, 0xff, 0xff, 0xff, 0x60, 0x0,
    0x0, 0x7, 0xff, 0xff, 0xff, 0xff, 0xff, 0xff,
    0xd4, 0x0, 0x0, 0x0, 0x5, 0xff, 0xff, 0xff,
    0xff, 0xff, 0xff, 0x0, 0x0, 0x0, 0x0, 0x0,
    0xbf, 0xff, 0xff, 0xff, 0xff, 0xff, 0x0, 0x0,
    0x0, 0x0, 0x0, 0x3, 0x4d, 0xff, 0xff, 0xff,
    0xff, 0x0, 0x0, 0x0, 0x0, 0x0, 0x0, 0xb,
    0xff, 0xff, 0xff, 0xff, 0x0, 0x0, 0x0, 0x0,
    0x0, 0x0, 0xb, 0xff, 0xff, 0xff, 0xff, 0x0,
    0x0, 0x0, 0x0, 0x0, 0x0, 0xb, 0xff, 0xff,
    0xff, 0xff, 0x0, 0x0, 0x0, 0x0, 0x0, 0x0,
    0x0, 0x0, 0x0, 0x0, 0x0, 0x0, 0x0, 0x0,

    /* U+E3A4 "" */
    0x0, 0x0, 0x0, 0x0, 0x0, 0x35, 0x67, 0x53,
    0x0, 0x0, 0x0, 0x0, 0x0, 0x0, 0x0, 0x0,
    0x2, 0xae, 0xff, 0xff, 0xff, 0xea, 0x20, 0x0,
    0x0, 0x0, 0x0, 0x0, 0x1, 0xaf, 0xff, 0xff,
    0xff, 0xff, 0xff, 0xfa, 0x10, 0x0, 0x0, 0x0,
    0x0, 0x2d, 0xff, 0xfa, 0x52, 0x0, 0x25, 0xaf,
    0xff, 0xd2, 0x0, 0x0, 0x0, 0x2, 0xef, 0xfa,
    0x20, 0x0, 0x0, 0x0, 0x2, 0xaf, 0xfe, 0x20,
    0x0, 0x0, 0x1d, 0xff, 0x70, 0x0, 0x0, 0x0,
    0x0, 0x0, 0x7, 0xff, 0xd1, 0x0, 0x0, 0xaf,
    0xf7, 0x0, 0x0, 0x0, 0x0, 0x0, 0x0, 0x0,
    0x7f, 0xfa, 0x0, 0x3, 0xff, 0xa0, 0x0, 0x0,
    0x0, 0x0, 0x0, 0x0, 0x0, 0xa, 0xff, 0x20,
    0xa, 0xff, 0x10, 0x8, 0xeb, 0x0, 0x0, 0x0,
    0xbe, 0x80, 0x2, 0xff, 0xa0, 0xe, 0xfa, 0x0,
    0x2f, 0xff, 0x60, 0x0, 0x6, 0xff, 0xf2, 0x0,
    0xaf, 0xe0, 0x3f, 0xf5, 0x0, 0x1f, 0xff, 0x50,
    0x0, 0x5, 0xff, 0xf1, 0x0, 0x5f, 0xf3, 0x5f,
    0xf1, 0x0, 0x5, 0xb7, 0x0, 0x0, 0x0, 0x7b,
    0x50, 0x0, 0x2f, 0xf5, 0x7f, 0xf0, 0x0, 0x0,
    0x0, 0x0, 0x0, 0x0, 0x0, 0x0, 0x0, 0xf,
    0xf7, 0x7f, 0xf0, 0x0, 0x0, 0x0, 0x0, 0x0,
    0x0, 0x0, 0x0, 0x0, 0xf, 0xf6, 0x5f, 0xf1,
    0x0, 0x0, 0x0, 0x0, 0x0, 0x0, 0x0, 0x0,
    0x0, 0x2f, 0xf5, 0x3f, 0xf5, 0x0, 0x16, 0x66,
    0x66, 0x66, 0x66, 0x66, 0x61, 0x0, 0x5f, 0xf3,
    0xf, 0xfa, 0x0, 0xd, 0xff, 0xff, 0xff, 0xff,
    0xff, 0xd0, 0x0, 0xaf, 0xe0, 0xa, 0xff, 0x10,
    0x3, 0xff, 0xff, 0xff, 0xff, 0xff, 0x30, 0x2,
    0xff, 0xa0, 0x3, 0xff, 0xa0, 0x0, 0x3e, 0xff,
    0xff, 0xff, 0xe3, 0x0, 0xa, 0xff, 0x20, 0x0,
    0xaf, 0xf7, 0x0, 0x0, 0x7c, 0xee, 0xc7, 0x0,
    0x0, 0x7f, 0xfa, 0x0, 0x0, 0x1d, 0xff, 0x70,
    0x0, 0x0, 0x0, 0x0, 0x0, 0x7, 0xff, 0xd1,
    0x0, 0x0, 0x2, 0xef, 0xfa, 0x10, 0x0, 0x0,
    0x0, 0x1, 0xaf, 0xfe, 0x20, 0x0, 0x0, 0x0,
    0x2d, 0xff, 0xfa, 0x51, 0x0, 0x15, 0xaf, 0xff,
    0xd2, 0x0, 0x0, 0x0, 0x0, 0x1, 0xaf, 0xff,
    0xff, 0xff, 0xff, 0xff, 0xfa, 0x10, 0x0, 0x0,
    0x0, 0x0, 0x0, 0x3, 0xaf, 0xff, 0xff, 0xff,
    0xea, 0x30, 0x0, 0x0, 0x0, 0x0, 0x0, 0x0,
    0x0, 0x0, 0x35, 0x77, 0x53, 0x0, 0x0, 0x0,
    0x0, 0x0,

    /* U+E409 "" */
    0x0, 0x0, 0x0, 0x0, 0x0, 0x35, 0x67, 0x53,
    0x0, 0x0, 0x0, 0x0, 0x0, 0x0, 0x0, 0x0,
    0x2, 0xae, 0xff, 0xff, 0xff, 0xea, 0x20, 0x0,
    0x0, 0x0, 0x0, 0x0, 0x1, 0xaf, 0xff, 0xff,
    0xff, 0xff, 0xff, 0xfa, 0x10, 0x0, 0x0, 0x0,
    0x0, 0x2d, 0xff, 0xfa, 0x52, 0x0, 0x25, 0xaf,
    0xff, 0xd2, 0x0, 0x0, 0x0, 0x2, 0xef, 0xfa,
    0x20, 0x0, 0x0, 0x0, 0x2, 0xaf, 0xfe, 0x20,
    0x0, 0x0, 0x1d, 0xff, 0x70, 0x0, 0x0, 0x0,
    0x0, 0x0, 0x7, 0xff, 0xd1, 0x0, 0x0, 0xaf,
    0xf7, 0x0, 0x0, 0x0, 0x0, 0x0, 0x0, 0x0,
    0x7f, 0xfa, 0x0, 0x3, 0xff, 0xa0, 0x0, 0x0,
    0x0, 0x0, 0x0, 0x0, 0x0, 0xa, 0xff, 0x20,
    0xa, 0xff, 0x10, 0x8, 0xeb, 0x0, 0x0, 0x0,
    0xbe, 0x80, 0x2, 0xff, 0xa0, 0xe, 0xfa, 0x0,
    0x2f, 0xff, 0x60, 0x0, 0x6, 0xff, 0xf2, 0x0,
    0xaf, 0xe0, 0x3f, 0xf5, 0x0, 0x1f, 0xff, 0x50,
    0x0, 0x5, 0xff, 0xf1, 0x0, 0x5f, 0xf3, 0x5f,
    0xf1, 0x0, 0x5, 0xb7, 0x0, 0x0, 0x0, 0x7b,
    0x50, 0x0, 0x2f, 0xf5, 0x7f, 0xf0, 0x0, 0x0,
    0x0, 0x0, 0x0, 0x0, 0x0, 0x0, 0x0, 0xf,
    0xf7, 0x7f, 0xf0, 0x0, 0x0, 0x0, 0x0, 0x0,
    0x0, 0x0, 0x0, 0x0, 0xf, 0xf6, 0x5f, 0xf1,
    0x0, 0x0, 0x0, 0x0, 0x0, 0x0, 0x0, 0x0,
    0x0, 0x2f, 0xf5, 0x3f, 0xf5, 0x0, 0x4, 0x44,
    0x44, 0x44, 0x44, 0x44, 0x40, 0x0, 0x5f, 0xf3,
    0xf, 0xfa, 0x0, 0xd, 0xff, 0xff, 0xff, 0xff,
    0xff, 0xd0, 0x0, 0xaf, 0xe0, 0xa, 0xff, 0x10,
    0x5, 0xff, 0xff, 0xff, 0xff, 0xff, 0x50, 0x2,
    0xff, 0xa0, 0x3, 0xff, 0xa0, 0x0, 0x8f, 0xff,
    0xff, 0xff, 0xf8, 0x0, 0xa, 0xff, 0x20, 0x0,
    0xaf, 0xf7, 0x0, 0x8, 0xff, 0xff, 0xff, 0x80,
    0x0, 0x7f, 0xfa, 0x0, 0x0, 0x1d, 0xff, 0x70,
    0x0, 0x28, 0xaa, 0x82, 0x0, 0x7, 0xff, 0xd1,
    0x0, 0x0, 0x2, 0xef, 0xfa, 0x10, 0x0, 0x0,
    0x0, 0x1, 0xaf, 0xfe, 0x20, 0x0, 0x0, 0x0,
    0x2d, 0xff, 0xfa, 0x51, 0x0, 0x15, 0xaf, 0xff,
    0xd2, 0x0, 0x0, 0x0, 0x0, 0x1, 0xaf, 0xff,
    0xff, 0xff, 0xff, 0xff, 0xfa, 0x10, 0x0, 0x0,
    0x0, 0x0, 0x0, 0x3, 0xaf, 0xff, 0xff, 0xff,
    0xea, 0x30, 0x0, 0x0, 0x0, 0x0, 0x0, 0x0,
    0x0, 0x0, 0x35, 0x77, 0x53, 0x0, 0x0, 0x0,
    0x0, 0x0,

    /* U+F001 "" */
    0x0, 0x0, 0x0, 0x0, 0x0, 0x0, 0x0, 0x0,
    0x0, 0x0, 0x0, 0x0, 0xff, 0xff, 0xff, 0xf8,
    0x0, 0x0, 0x0, 0x0, 0xff, 0xff, 0xff, 0xf8,
    0x0, 0x0, 0x0, 0x0, 0xff, 0xff, 0xff, 0xf8,
    0x0, 0x0, 0x0, 0x0, 0xff, 0xff, 0xff, 0xf8,
    0x0, 0x0, 0x0, 0x0, 0xff, 0xff, 0xff, 0xf7,
    0x0, 0x0, 0x0, 0x0, 0xff, 0x80, 0x0, 0x0,
    0x0, 0x0, 0x0, 0x0, 0xff, 0x80, 0x0, 0x0,
    0x0, 0x0, 0x0, 0x0, 0xff, 0x80, 0x0, 0x0,
    0x0, 0x0, 0x0, 0x0, 0xff, 0x80, 0x0, 0x0,
    0x0, 0x0, 0x0, 0x0, 0xff, 0x80, 0x0, 0x0,
    0x0, 0x0, 0x0, 0x0, 0xff, 0x80, 0x0, 0x0,
    0x0, 0x0, 0x0, 0x0, 0xff, 0x80, 0x0, 0x0,
    0x0, 0x6, 0xbd, 0xb5, 0xff, 0x80, 0x0, 0x0,
    0x1, 0xcf, 0xff, 0xff, 0xff, 0x80, 0x0, 0x0,
    0xb, 0xff, 0xff, 0xff, 0xff, 0x80, 0x0, 0x0,
    0x3f, 0xff, 0xff, 0xff, 0xff, 0x80, 0x0, 0x0,
    0x6f, 0xff, 0xff, 0xff, 0xff, 0x80, 0x0, 0x0,
    0x7f, 0xff, 0xff, 0xff, 0xff, 0x70, 0x0, 0x0,
    0x4f, 0xff, 0xff, 0xff, 0xff, 0x50, 0x0, 0x0,
    0xd, 0xff, 0xff, 0xff, 0xfe, 0x0, 0x0, 0x0,
    0x3, 0xff, 0xff, 0xff, 0xf3, 0x0, 0x0, 0x0,
    0x0, 0x2b, 0xff, 0xfb, 0x20, 0x0, 0x0, 0x0,
    0x0, 0x0, 0x2, 0x0, 0x0, 0x0, 0x0, 0x0,

    /* U+F002 "" */
    0x0, 0x0, 0x0, 0x0, 0x11, 0x0, 0x0, 0x0,
    0x0, 0x0, 0x0, 0x0, 0x0, 0x0, 0x6c, 0xff,
    0xff, 0xb4, 0x0, 0x0, 0x0, 0x0, 0x0, 0x0,
    0x2, 0xdf, 0xff, 0xff, 0xff, 0xfb, 0x10, 0x0,
    0x0, 0x0, 0x0, 0x2, 0xef, 0xfe, 0x96, 0x69,
    0xff, 0xfd, 0x0, 0x0, 0x0, 0x0, 0x0, 0xdf,
    0xf8, 0x0, 0x0, 0x1, 0xaf, 0xfa, 0x0, 0x0,
    0x0, 0x0, 0x7f, 0xf8, 0x0, 0x0, 0x0, 0x0,
    0xbf, 0xf3, 0x0, 0x0, 0x0, 0xd, 0xfd, 0x0,
    0x0, 0x0, 0x0, 0x1, 0xff, 0x90, 0x0, 0x0,
    0x1, 0xff, 0x70, 0x0, 0x0, 0x0, 0x0, 0xa,
    0xfd, 0x0, 0x0, 0x0, 0x3f, 0xf5, 0x0, 0x0,
    0x0, 0x0, 0x0, 0x8f, 0xf0, 0x0, 0x0, 0x2,
    0xff, 0x50, 0x0, 0x0, 0x0, 0x0, 0x8, 0xfe,
    0x0, 0x0, 0x0, 0x1f, 0xf8, 0x0, 0x0, 0x0,
    0x0, 0x0, 0xbf, 0xc0, 0x0, 0x0, 0x0, 0xdf,
    0xe0, 0x0, 0x0, 0x0, 0x0, 0x2f, 0xf7, 0x0,
    0x0, 0x0, 0x6, 0xff, 0x90, 0x0, 0x0, 0x0,
    0xc, 0xff, 0x10, 0x0, 0x0, 0x0, 0xc, 0xff,
    0xa1, 0x0, 0x0, 0x2c, 0xff, 0x70, 0x0, 0x0,
    0x0, 0x0, 0x1d, 0xff, 0xfa, 0x88, 0xbf, 0xff,
    0xf9, 0x50, 0x0, 0x0, 0x0, 0x0, 0x1b, 0xff,
    0xff, 0xff, 0xff, 0x89, 0xff, 0x60, 0x0, 0x0,
    0x0, 0x0, 0x4, 0x9d, 0xff, 0xd8, 0x20, 0x4f,
    0xff, 0x60, 0x0, 0x0, 0x0, 0x0, 0x0, 0x0,
    0x0, 0x0, 0x0, 0x5f, 0xff, 0x60, 0x0, 0x0,
    0x0, 0x0, 0x0, 0x0, 0x0, 0x0, 0x0, 0x5f,
    0xff, 0x60, 0x0, 0x0, 0x0, 0x0, 0x0, 0x0,
    0x0, 0x0, 0x0, 0x5f, 0xff, 0x60, 0x0, 0x0,
    0x0, 0x0, 0x0, 0x0, 0x0, 0x0, 0x0, 0x5f,
    0xff, 0x50, 0x0, 0x0, 0x0, 0x0, 0x0, 0x0,
    0x0, 0x0, 0x0, 0x5f, 0xc1, 0x0, 0x0, 0x0,
    0x0, 0x0, 0x0, 0x0, 0x0, 0x0, 0x0, 0x41,
    0x0,

    /* U+F004 "" */
    0x0, 0x0, 0x0, 0x23, 0x20, 0x0, 0x0, 0x0,
    0x1, 0x33, 0x0, 0x0, 0x0, 0x0, 0x0, 0x8e,
    0xff, 0xff, 0xa2, 0x0, 0x6, 0xdf, 0xff, 0xfb,
    0x30, 0x0, 0x0, 0x2d, 0xff, 0xff, 0xff, 0xff,
    0x51, 0xcf, 0xff, 0xff, 0xff, 0xf6, 0x0, 0x0,
    0xdf, 0xff, 0xff, 0xff, 0xff, 0xfd, 0xff, 0xff,
    0xff, 0xff, 0xff, 0x50, 0x8, 0xff, 0xff, 0xff,
    0xff, 0xff, 0xff, 0xff, 0xff, 0xff, 0xff, 0xff,
    0xe0, 0xe, 0xff, 0xff, 0xff, 0xff, 0xff, 0xff,
    0xff, 0xff, 0xff, 0xff, 0xff, 0xf5, 0x2f, 0xff,
    0xff, 0xff, 0xff, 0xff, 0xff, 0xff, 0xff, 0xff,
    0xff, 0xff, 0xf9, 0x3f, 0xff, 0xff, 0xff, 0xff,
    0xff, 0xff, 0xff, 0xff, 0xff, 0xff, 0xff, 0xfa,
    0x2f, 0xff, 0xff, 0xff, 0xff, 0xff, 0xff, 0xff,
    0xff, 0xff, 0xff, 0xff, 0xf9, 0xf, 0xff, 0xff,
    0xff, 0xff, 0xff, 0xff, 0xff, 0xff, 0xff, 0xff,
    0xff, 0xf6, 0xb, 0xff, 0xff, 0xff, 0xff, 0xff,
    0xff, 0xff, 0xff, 0xff, 0xff, 0xff, 0xf1, 0x5,
    0xff, 0xff, 0xff, 0xff, 0xff, 0xff, 0xff, 0xff,
    0xff, 0xff, 0xff, 0xa0, 0x0, 0xcf, 0xff, 0xff,
    0xff, 0xff, 0xff, 0xff, 0xff, 0xff, 0xff, 0xff,
    0x10, 0x0, 0x2f, 0xff, 0xff, 0xff, 0xff, 0xff,
    0xff, 0xff, 0xff, 0xff, 0xf6, 0x0, 0x0, 0x4,
    0xff, 0xff, 0xff, 0xff, 0xff, 0xff, 0xff, 0xff,
    0xff, 0xa0, 0x0, 0x0, 0x0, 0x6f, 0xff, 0xff,
    0xff, 0xff, 0xff, 0xff, 0xff, 0xfc, 0x0, 0x0,
    0x0, 0x0, 0x7, 0xff, 0xff, 0xff, 0xff, 0xff,
    0xff, 0xff, 0xd1, 0x0, 0x0, 0x0, 0x0, 0x0,
    0x7f, 0xff, 0xff, 0xff, 0xff, 0xff, 0xfd, 0x10,
    0x0, 0x0, 0x0, 0x0, 0x0, 0x6, 0xff, 0xff,
    0xff, 0xff, 0xff, 0xd1, 0x0, 0x0, 0x0, 0x0,
    0x0, 0x0, 0x0, 0x5f, 0xff, 0xff, 0xff, 0xfc,
    0x10, 0x0, 0x0, 0x0, 0x0, 0x0, 0x0, 0x0,
    0x4, 0xff, 0xff, 0xff, 0xb0, 0x0, 0x0, 0x0,
    0x0, 0x0, 0x0, 0x0, 0x0, 0x0, 0x3e, 0xff,
    0xfa, 0x0, 0x0, 0x0, 0x0, 0x0, 0x0, 0x0,
    0x0, 0x0, 0x0, 0x2, 0xef, 0x80, 0x0, 0x0,
    0x0, 0x0, 0x0, 0x0, 0x0, 0x0, 0x0, 0x0,
    0x0, 0x15, 0x0, 0x0, 0x0, 0x0, 0x0, 0x0,

    /* U+F005 "" */
    0x0, 0x0, 0x0, 0x0, 0x0, 0x0, 0x0, 0x0,
    0x0, 0x0, 0x0, 0x0, 0x0, 0x0, 0x0, 0x0,
    0x0, 0x0, 0x0, 0x66, 0x0, 0x0, 0x0, 0x0,
    0x0, 0x0, 0x0, 0x0, 0x0, 0x0, 0x0, 0x0,
    0xdd, 0x0, 0x0, 0x0, 0x0, 0x0, 0x0, 0x0,
    0x0, 0x0, 0x0, 0x0, 0x4, 0xff, 0x40, 0x0,
    0x0, 0x0, 0x0, 0x0, 0x0, 0x0, 0x0, 0x0,
    0x0, 0xb, 0xff, 0xb0, 0x0, 0x0, 0x0, 0x0,
    0x0, 0x0, 0x0, 0x0, 0x0, 0x0, 0x2f, 0xff,
    0xf2, 0x0, 0x0, 0x0, 0x0, 0x0, 0x0, 0x0,
    0x0, 0x0, 0x0, 0x8f, 0xff, 0xf8, 0x0, 0x0,
    0x0, 0x0, 0x0, 0x0, 0x0, 0x0, 0x0, 0x0,
    0xef, 0xff, 0xfe, 0x0, 0x0, 0x0, 0x0, 0x0,
    0x0, 0x0, 0x0, 0x0, 0x27, 0xff, 0xff, 0xff,
    0x72, 0x0, 0x0, 0x0, 0x0, 0x18, 0x9b, 0xce,
    0xff, 0xff, 0xff, 0xff, 0xff, 0xff, 0xff, 0xec,
    0xb9, 0x81, 0x6, 0xff, 0xff, 0xff, 0xff, 0xff,
    0xff, 0xff, 0xff, 0xff, 0xff, 0xff, 0x60, 0x0,
    0x4f, 0xff, 0xff, 0xff, 0xff, 0xff, 0xff, 0xff,
    0xff, 0xff, 0xf4, 0x0, 0x0, 0x3, 0xef, 0xff,
    0xff, 0xff, 0xff, 0xff, 0xff, 0xff, 0xfe, 0x30,
    0x0, 0x0, 0x0, 0x1d, 0xff, 0xff, 0xff, 0xff,
    0xff, 0xff, 0xff, 0xd1, 0x0, 0x0, 0x0, 0x0,
    0x0, 0xbf, 0xff, 0xff, 0xff, 0xff, 0xff, 0xfb,
    0x0, 0x0, 0x0, 0x0, 0x0, 0x0, 0xd, 0xff,
    0xff, 0xff, 0xff, 0xff, 0xd0, 0x0, 0x0, 0x0,
    0x0, 0x0, 0x0, 0xe, 0xff, 0xff, 0xff, 0xff,
    0xff, 0xe0, 0x0, 0x0, 0x0, 0x0, 0x0, 0x0,
    0x2f, 0xff, 0xff, 0xff, 0xff, 0xff, 0xf2, 0x0,
    0x0, 0x0, 0x0, 0x0, 0x0, 0x6f, 0xff, 0xff,
    0xff, 0xff, 0xff, 0xf6, 0x0, 0x0, 0x0, 0x0,
    0x0, 0x0, 0xaf, 0xff, 0xff, 0xdd, 0xff, 0xff,
    0xfa, 0x0, 0x0, 0x0, 0x0, 0x0, 0x0, 0xdf,
    0xff, 0xf7, 0x0, 0x7f, 0xff, 0xfd, 0x0, 0x0,
    0x0, 0x0, 0x0, 0x1, 0xff, 0xfa, 0x10, 0x0,
    0x1, 0xaf, 0xff, 0x10, 0x0, 0x0, 0x0, 0x0,
    0x5, 0xfd, 0x40, 0x0, 0x0, 0x0, 0x4, 0xdf,
    0x50, 0x0, 0x0, 0x0, 0x0, 0x8, 0x80, 0x0,
    0x0, 0x0, 0x0, 0x0, 0x8, 0x80, 0x0, 0x0,
    0x0, 0x0, 0x0, 0x0, 0x0, 0x0, 0x0, 0x0,
    0x0, 0x0, 0x0, 0x0, 0x0,

    /* U+F007 "" */
    0x0, 0x0, 0x0, 0x0, 0x0, 0x0, 0x0, 0x0,
    0x0, 0x0, 0x0, 0x0, 0x0, 0x0, 0x0, 0x4c,
    0xff, 0xc4, 0x0, 0x0, 0x0, 0x0, 0x0, 0x0,
    0x0, 0x7, 0xff, 0xff, 0xff, 0x70, 0x0, 0x0,
    0x0, 0x0, 0x0, 0x0, 0x4f, 0xff, 0xff, 0xff,
    0xf4, 0x0, 0x0, 0x0, 0x0, 0x0, 0x0, 0xbf,
    0xff, 0xff, 0xff, 0xfb, 0x0, 0x0, 0x0, 0x0,
    0x0, 0x0, 0xff, 0xff, 0xff, 0xff, 0xfe, 0x0,
    0x0, 0x0, 0x0, 0x0, 0x0, 0xff, 0xff, 0xff,
    0xff, 0xff, 0x0, 0x0, 0x0, 0x0, 0x0, 0x0,
    0xbf, 0xff, 0xff, 0xff, 0xfb, 0x0, 0x0, 0x0,
    0x0, 0x0, 0x0, 0x4f, 0xff, 0xff, 0xff, 0xf4,
    0x0, 0x0, 0x0, 0x0, 0x0, 0x0, 0x8, 0xff,
    0xff, 0xff, 0x80, 0x0, 0x0, 0x0, 0x0, 0x0,
    0x0, 0x0, 0x4c, 0xff, 0xc4, 0x0, 0x0, 0x0,
    0x0, 0x0, 0x0, 0x0, 0x0, 0x0, 0x0, 0x0,
    0x0, 0x0, 0x0, 0x0, 0x0, 0x0, 0x0, 0x0,
    0x0, 0x0, 0x0, 0x0, 0x0, 0x0, 0x0, 0x0,
    0x0, 0x0, 0x1, 0x46, 0x77, 0x64, 0x10, 0x0,
    0x0, 0x0, 0x0, 0x0, 0x27, 0xcf, 0xff, 0xff,
    0xff, 0xfc, 0x72, 0x0, 0x0, 0x0, 0x1a, 0xff,
    0xff, 0xff, 0xff, 0xff, 0xff, 0xff, 0xa1, 0x0,
    0x2, 0xef, 0xff, 0xff, 0xff, 0xff, 0xff, 0xff,
    0xff, 0xfe, 0x20, 0xc, 0xff, 0xff, 0xff, 0xff,
    0xff, 0xff, 0xff, 0xff, 0xff, 0xc0, 0xf, 0xff,
    0xff, 0xff, 0xff, 0xff, 0xff, 0xff, 0xff, 0xff,
    0xf0, 0xf, 0xff, 0xff, 0xff, 0xff, 0xff, 0xff,
    0xff, 0xff, 0xff, 0xf0, 0xf, 0xff, 0xff, 0xff,
    0xff, 0xff, 0xff, 0xff, 0xff, 0xff, 0xf0, 0x0,
    0x0, 0x0, 0x0, 0x0, 0x0, 0x0, 0x0, 0x0,
    0x0, 0x0,

    /* U+F00C "" */
    0x0, 0x0, 0x0, 0x0, 0x0, 0x0, 0x0, 0x0,
    0x0, 0x0, 0x0, 0x0, 0x0, 0x0, 0x0, 0x0,
    0x0, 0x0, 0x0, 0x0, 0x0, 0x2c, 0x20, 0x0,
    0x0, 0x0, 0x0, 0x0, 0x0, 0x0, 0x0, 0x0,
    0x2e, 0xfe, 0x10, 0x0, 0x0, 0x0, 0x0, 0x0,
    0x0, 0x0, 0x0, 0x2e, 0xff, 0x70, 0x0, 0x0,
    0x0, 0x0, 0x0, 0x0, 0x0, 0x0, 0x2e, 0xff,
    0x70, 0x0, 0x0, 0x0, 0x0, 0x0, 0x0, 0x0,
    0x0, 0x2e, 0xff, 0x70, 0x0, 0x0, 0x0, 0x0,
    0x0, 0x0, 0x0, 0x0, 0x2e, 0xff, 0x70, 0x0,
    0x0, 0x0, 0x0, 0x0, 0x0, 0x0, 0x0, 0x2e,
    0xff, 0x70, 0x0, 0x0, 0x0, 0x0, 0x0, 0x0,
    0x0, 0x0, 0x2e, 0xff, 0x70, 0x0, 0x0, 0x0,
    0x78, 0x0, 0x0, 0x0, 0x0, 0x2e, 0xff, 0x70,
    0x0, 0x0, 0x0, 0x6f, 0xf8, 0x0, 0x0, 0x0,
    0x2e, 0xff, 0x70, 0x0, 0x0, 0x0, 0x1, 0xdf,
    0xf8, 0x0, 0x0, 0x2e, 0xff, 0x70, 0x0, 0x0,
    0x0, 0x0, 0x1, 0xdf, 0xf8, 0x0, 0x2e, 0xff,
    0x70, 0x0, 0x0, 0x0, 0x0, 0x0, 0x1, 0xdf,
    0xf8, 0x2e, 0xff, 0x70, 0x0, 0x0, 0x0, 0x0,
    0x0, 0x0, 0x1, 0xdf, 0xff, 0xff, 0x70, 0x0,
    0x0, 0x0, 0x0, 0x0, 0x0, 0x0, 0x1, 0xdf,
    0xff, 0x70, 0x0, 0x0, 0x0, 0x0, 0x0, 0x0,
    0x0, 0x0, 0x1, 0xdf, 0x70, 0x0, 0x0, 0x0,
    0x0, 0x0, 0x0, 0x0, 0x0, 0x0, 0x1, 0x60,
    0x0, 0x0, 0x0, 0x0, 0x0, 0x0, 0x0,

    /* U+F00D "" */
    0x3, 0x40, 0x0, 0x0, 0x0, 0x0, 0x0, 0x4,
    0x30, 0x3f, 0xf4, 0x0, 0x0, 0x0, 0x0, 0x0,
    0x4f, 0xf3, 0x4f, 0xff, 0x40, 0x0, 0x0, 0x0,
    0x4, 0xff, 0xf4, 0x4, 0xff, 0xf4, 0x0, 0x0,
    0x0, 0x4f, 0xff, 0x40, 0x0, 0x4f, 0xff, 0x40,
    0x0, 0x4, 0xff, 0xf4, 0x0, 0x0, 0x4, 0xff,
    0xf4, 0x0, 0x4f, 0xff, 0x40, 0x0, 0x0, 0x0,
    0x4f, 0xff, 0x44, 0xff, 0xf4, 0x0, 0x0, 0x0,
    0x0, 0x4, 0xff, 0xff, 0xff, 0x40, 0x0, 0x0,
    0x0, 0x0, 0x0, 0x4f, 0xff, 0xf4, 0x0, 0x0,
    0x0, 0x0, 0x0, 0x0, 0x4f, 0xff, 0xf4, 0x0,
    0x0, 0x0, 0x0, 0x0, 0x4, 0xff, 0xff, 0xff,
    0x40, 0x0, 0x0, 0x0, 0x0, 0x4f, 0xff, 0x44,
    0xff, 0xf4, 0x0, 0x0, 0x0, 0x4, 0xff, 0xf4,
    0x0, 0x4f, 0xff, 0x40, 0x0, 0x0, 0x4f, 0xff,
    0x40, 0x0, 0x4, 0xff, 0xf4, 0x0, 0x4, 0xff,
    0xf4, 0x0, 0x0, 0x0, 0x4f, 0xff, 0x40, 0x4f,
    0xff, 0x40, 0x0, 0x0, 0x0, 0x4, 0xff, 0xf4,
    0x3f, 0xf4, 0x0, 0x0, 0x0, 0x0, 0x0, 0x4f,
    0xf3, 0x3, 0x40, 0x0, 0x0, 0x0, 0x0, 0x0,
    0x4, 0x30,

    /* U+F011 "" */
    0x0, 0x0, 0x0, 0x0, 0x0, 0x4, 0x41, 0x0,
    0x0, 0x0, 0x0, 0x0, 0x0, 0x0, 0x0, 0x0,
    0x0, 0x3f, 0xf4, 0x0, 0x0, 0x0, 0x0, 0x0,
    0x0, 0x0, 0x0, 0x0, 0x0, 0x3f, 0xf4, 0x0,
    0x0, 0x0, 0x0, 0x0, 0x0, 0x0, 0x40, 0x0,
    0x0, 0x3f, 0xf4, 0x0, 0x0, 0x4, 0x0, 0x0,
    0x0, 0x4, 0xfc, 0x0, 0x0, 0x3f, 0xf4, 0x0,
    0x0, 0xbf, 0x50, 0x0, 0x0, 0x1e, 0xff, 0x30,
    0x0, 0x3f, 0xf4, 0x0, 0x3, 0xff, 0xf3, 0x0,
    0x0, 0x9f, 0xf5, 0x0, 0x0, 0x3f, 0xf4, 0x0,
    0x0, 0x4f, 0xfd, 0x0, 0x2, 0xff, 0xa0, 0x0,
    0x0, 0x3f, 0xf4, 0x0, 0x0, 0xa, 0xff, 0x60,
    0x8, 0xff, 0x20, 0x0, 0x0, 0x3f, 0xf4, 0x0,
    0x0, 0x1, 0xff, 0xb0, 0xd, 0xfc, 0x0, 0x0,
    0x0, 0x3f, 0xf4, 0x0, 0x0, 0x0, 0xbf, 0xf0,
    0x1f, 0xf7, 0x0, 0x0, 0x0, 0x3f, 0xf4, 0x0,
    0x0, 0x0, 0x6f, 0xf2, 0x3f, 0xf5, 0x0, 0x0,
    0x0, 0x3f, 0xf4, 0x0, 0x0, 0x0, 0x4f, 0xf4,
    0x3f, 0xf5, 0x0, 0x0, 0x0, 0x3f, 0xf4, 0x0,
    0x0, 0x0, 0x4f, 0xf4, 0x1f, 0xf6, 0x0, 0x0,
    0x0, 0x3, 0x30, 0x0, 0x0, 0x0, 0x5f, 0xf2,
    0xe, 0xfa, 0x0, 0x0, 0x0, 0x0, 0x0, 0x0,
    0x0, 0x0, 0x9f, 0xf0, 0xa, 0xff, 0x10, 0x0,
    0x0, 0x0, 0x0, 0x0, 0x0, 0x0, 0xef, 0xb0,
    0x4, 0xff, 0x90, 0x0, 0x0, 0x0, 0x0, 0x0,
    0x0, 0x8, 0xff, 0x50, 0x0, 0xcf, 0xf5, 0x0,
    0x0, 0x0, 0x0, 0x0, 0x0, 0x4f, 0xfd, 0x0,
    0x0, 0x2f, 0xff, 0x50, 0x0, 0x0, 0x0, 0x0,
    0x4, 0xff, 0xf3, 0x0, 0x0, 0x4, 0xff, 0xfa,
    0x20, 0x0, 0x0, 0x1, 0x9f, 0xff, 0x50, 0x0,
    0x0, 0x0, 0x4e, 0xff, 0xfc, 0x86, 0x68, 0xbf,
    0xff, 0xf5, 0x0, 0x0, 0x0, 0x0, 0x2, 0xbf,
    0xff, 0xff, 0xff, 0xff, 0xfb, 0x20, 0x0, 0x0,
    0x0, 0x0, 0x0, 0x3, 0x9d, 0xff, 0xff, 0xd9,
    0x30, 0x0, 0x0, 0x0, 0x0, 0x0, 0x0, 0x0,
    0x0, 0x1, 0x10, 0x0, 0x0, 0x0, 0x0, 0x0,

    /* U+F012 "" */
    0x0, 0x0, 0x0, 0x0, 0x0, 0x0, 0x0, 0x0,
    0x0, 0x0, 0x0, 0x0, 0x1, 0x0, 0x0, 0x0,
    0x0, 0x0, 0x0, 0x0, 0x0, 0x0, 0x0, 0x0,
    0x0, 0x77, 0x0, 0x0, 0x0, 0x0, 0x0, 0x0,
    0x0, 0x0, 0x0, 0x0, 0x0, 0x7, 0xf7, 0x0,
    0x0, 0x0, 0x0, 0x0, 0x0, 0x0, 0x0, 0x0,
    0x0, 0x0, 0x7f, 0xf7, 0x0, 0x0, 0x0, 0x0,
    0x0, 0x0, 0x0, 0x0, 0x0, 0x0, 0x7, 0xff,
    0xf7, 0x0, 0x0, 0x0, 0x0, 0x0, 0x0, 0x0,
    0x0, 0x0, 0x0, 0x7f, 0xff, 0xf7, 0x0, 0x0,
    0x0, 0x0, 0x0, 0x0, 0x0, 0x0, 0x0, 0x7,
    0xff, 0xff, 0xf7, 0x0, 0x0, 0x0, 0x0, 0x0,
    0x0, 0x0, 0x0, 0x0, 0x7f, 0xff, 0xff, 0xf7,
    0x0, 0x0, 0x0, 0x0, 0x0, 0x0, 0x0, 0x0,
    0x7, 0xff, 0xff, 0xff, 0xf7, 0x0, 0x0, 0x0,
    0x0, 0x0, 0x0, 0x0, 0x0, 0x7f, 0xff, 0xff,
    0xff, 0xf7, 0x0, 0x0, 0x0, 0x0, 0x0, 0x0,
    0x0, 0x7, 0xff, 0xff, 0xff, 0xff, 0xf7, 0x0,
    0x0, 0x0, 0x0, 0x0, 0x0, 0x0, 0x7f, 0xff,
    0xff, 0xff, 0xff, 0xf7, 0x0, 0x0, 0x0, 0x0,
    0x0, 0x0, 0x7, 0xff, 0xff, 0xff, 0xff, 0xff,
    0xf7, 0x0, 0x0, 0x0, 0x0, 0x0, 0x0, 0x7f,
    0xff, 0xff, 0xff, 0xff, 0xff, 0xf7, 0x0, 0x0,
    0x0, 0x0, 0x0, 0x7, 0xff, 0xff, 0xff, 0xff,
    0xff, 0xff, 0xf7, 0x0, 0x0, 0x0, 0x0, 0x0,
    0x7f, 0xff, 0xff, 0xff, 0xff, 0xff, 0xff, 0xf7,
    0x0, 0x0, 0x0, 0x0, 0x7, 0xff, 0xff, 0xff,
    0xff, 0xff, 0xff, 0xff, 0xf7, 0x0, 0x0, 0x0,
    0x0, 0x7f, 0xff, 0xff, 0xff, 0xff, 0xff, 0xff,
    0xff, 0xf7, 0x0, 0x0, 0x0, 0x7, 0xff, 0xff,
    0xff, 0xff, 0xff, 0xff, 0xff, 0xff, 0xf7, 0x0,
    0x0, 0x0, 0x7f, 0xff, 0xff, 0xff, 0xff, 0xff,
    0xff, 0xff, 0xff, 0xf7, 0x0, 0x0, 0x7, 0xff,
    0xff, 0xff, 0xff, 0xff, 0xff, 0xff, 0xff, 0xff,
    0xf7, 0x0, 0x0, 0x7f, 0xff, 0xff, 0xff, 0xff,
    0xff, 0xff, 0xff, 0xff, 0xff, 0xf7, 0x0, 0x7,
    0xff, 0xff, 0xff, 0xff, 0xff, 0xff, 0xff, 0xff,
    0xff, 0xff, 0xf7, 0x0, 0x7f, 0xff, 0xff, 0xff,
    0xff, 0xff, 0xff, 0xff, 0xff, 0xff, 0xff, 0xf7,
    0x7, 0xff, 0xff, 0xff, 0xff, 0xff, 0xff, 0xff,
    0xff, 0xff, 0xff, 0xff, 0xf7, 0x17, 0x77, 0x77,
    0x77, 0x77, 0x77, 0x77, 0x77, 0x77, 0x77, 0x77,
    0x77, 0x73,

    /* U+F013 "" */
    0x0, 0x0, 0x0, 0x0, 0x0, 0x24, 0x44, 0x44,
    0x0, 0x0, 0x0, 0x0, 0x0, 0x0, 0x0, 0x0,
    0x0, 0x0, 0xff, 0xff, 0xff, 0x70, 0x0, 0x0,
    0x0, 0x0, 0x0, 0x0, 0x0, 0x0, 0x1, 0xff,
    0xff, 0xff, 0x90, 0x0, 0x0, 0x0, 0x0, 0x0,
    0x0, 0x0, 0x0, 0x3, 0xff, 0xff, 0xff, 0xb0,
    0x0, 0x0, 0x0, 0x0, 0x0, 0x2, 0x50, 0x0,
    0x8, 0xff, 0xff, 0xff, 0xe2, 0x0, 0x3, 0x60,
    0x0, 0x0, 0xd, 0xff, 0x95, 0xdf, 0xff, 0xff,
    0xff, 0xff, 0x96, 0xcf, 0xf5, 0x0, 0x0, 0x6f,
    0xff, 0xff, 0xff, 0xff, 0xff, 0xff, 0xff, 0xff,
    0xff, 0xfe, 0x0, 0x1, 0xef, 0xff, 0xff, 0xff,
    0xff, 0xff, 0xff, 0xff, 0xff, 0xff, 0xff, 0x80,
    0x9, 0xff, 0xff, 0xff, 0xff, 0xff, 0xed, 0xff,
    0xff, 0xff, 0xff, 0xff, 0xf2, 0xe, 0xff, 0xff,
    0xff, 0xff, 0xb2, 0x0, 0x6, 0xff, 0xff, 0xff,
    0xff, 0xf6, 0x2, 0xcf, 0xff, 0xff, 0xfa, 0x0,
    0x0, 0x0, 0x3f, 0xff, 0xff, 0xff, 0x70, 0x0,
    0x9, 0xff, 0xff, 0xf1, 0x0, 0x0, 0x0, 0x9,
    0xff, 0xff, 0xe3, 0x0, 0x0, 0x3, 0xff, 0xff,
    0xc0, 0x0, 0x0, 0x0, 0x4, 0xff, 0xff, 0xb0,
    0x0, 0x0, 0x3, 0xff, 0xff, 0xc0, 0x0, 0x0,
    0x0, 0x4, 0xff, 0xff, 0xb0, 0x0, 0x0, 0x9,
    0xff, 0xff, 0xf1, 0x0, 0x0, 0x0, 0x9, 0xff,
    0xff, 0xe3, 0x0, 0x2, 0xcf, 0xff, 0xff, 0xfa,
    0x0, 0x0, 0x0, 0x3f, 0xff, 0xff, 0xff, 0x70,
    0xe, 0xff, 0xff, 0xff, 0xff, 0xb2, 0x0, 0x6,
    0xff, 0xff, 0xff, 0xff, 0xf6, 0x9, 0xff, 0xff,
    0xff, 0xff, 0xff, 0xed, 0xff, 0xff, 0xff, 0xff,
    0xff, 0xf2, 0x1, 0xef, 0xff, 0xff, 0xff, 0xff,
    0xff, 0xff, 0xff, 0xff, 0xff, 0xff, 0x80, 0x0,
    0x6f, 0xff, 0xff, 0xff, 0xff, 0xff, 0xff, 0xff,
    0xff, 0xff, 0xfe, 0x0, 0x0, 0xd, 0xff, 0x95,
    0xdf, 0xff, 0xff, 0xff, 0xff, 0x96, 0xcf, 0xf5,
    0x0, 0x0, 0x2, 0x60, 0x0, 0x8, 0xff, 0xff,
    0xff, 0xe2, 0x0, 0x3, 0x60, 0x0, 0x0, 0x0,
    0x0, 0x0, 0x3, 0xff, 0xff, 0xff, 0xb0, 0x0,
    0x0, 0x0, 0x0, 0x0, 0x0, 0x0, 0x0, 0x1,
    0xff, 0xff, 0xff, 0x90, 0x0, 0x0, 0x0, 0x0,
    0x0, 0x0, 0x0, 0x0, 0x0, 0xff, 0xff, 0xff,
    0x70, 0x0, 0x0, 0x0, 0x0, 0x0, 0x0, 0x0,
    0x0, 0x0, 0x24, 0x44, 0x44, 0x0, 0x0, 0x0,
    0x0, 0x0,

    /* U+F015 "" */
    0x0, 0x0, 0x0, 0x0, 0x0, 0x0, 0x10, 0x0,
    0x0, 0x0, 0x0, 0x0, 0x0, 0x0, 0x0, 0x0,
    0x0, 0x0, 0x3, 0xe8, 0x0, 0x0, 0x0, 0x0,
    0x0, 0x0, 0x0, 0x0, 0x0, 0x0, 0x0, 0x4f,
    0xff, 0x90, 0x0, 0x0, 0x0, 0x0, 0x0, 0x0,
    0x0, 0x0, 0x0, 0x5, 0xff, 0xff, 0xfb, 0x0,
    0x0, 0x0, 0x0, 0x0, 0x0, 0x0, 0x0, 0x0,
    0x6f, 0xff, 0xff, 0xff, 0xc1, 0x0, 0x0, 0x0,
    0x0, 0x0, 0x0, 0x0, 0x8, 0xff, 0xff, 0xff,
    0xff, 0xfd, 0x10, 0x0, 0x0, 0x0, 0x0, 0x0,
    0x0, 0x9f, 0xff, 0xff, 0xff, 0xff, 0xff, 0xe2,
    0x0, 0x0, 0x0, 0x0, 0x0, 0xb, 0xff, 0xff,
    0xff, 0xff, 0xff, 0xff, 0xfe, 0x30, 0x0, 0x0,
    0x0, 0x1, 0xcf, 0xff, 0xff, 0xff, 0xff, 0xff,
    0xff, 0xff, 0xf4, 0x0, 0x0, 0x0, 0x1d, 0xff,
    0xff, 0xff, 0xff, 0xff, 0xff, 0xff, 0xff, 0xff,
    0x50, 0x0, 0x2, 0xdf, 0xff, 0xff, 0xff, 0xff,
    0xff, 0xff, 0xff, 0xff, 0xff, 0xf6, 0x0, 0x3e,
    0xff, 0xff, 0xff, 0xff, 0xff, 0xff, 0xff, 0xff,
    0xff, 0xff, 0xff, 0x80, 0x0, 0x0, 0xef, 0xff,
    0xff, 0xff, 0xff, 0xff, 0xff, 0xff, 0xf5, 0x0,
    0x0, 0x0, 0x0, 0xef, 0xff, 0xff, 0xff, 0xff,
    0xff, 0xff, 0xff, 0xf5, 0x0, 0x0, 0x0, 0x0,
    0xef, 0xff, 0xff, 0xa8, 0x88, 0x8f, 0xff, 0xff,
    0xf5, 0x0, 0x0, 0x0, 0x0, 0xef, 0xff, 0xff,
    0x40, 0x0, 0xe, 0xff, 0xff, 0xf5, 0x0, 0x0,
    0x0, 0x0, 0xef, 0xff, 0xff, 0x40, 0x0, 0xe,
    0xff, 0xff, 0xf5, 0x0, 0x0, 0x0, 0x0, 0xef,
    0xff, 0xff, 0x40, 0x0, 0xe, 0xff, 0xff, 0xf5,
    0x0, 0x0, 0x0, 0x0, 0xef, 0xff, 0xff, 0x40,
    0x0, 0xe, 0xff, 0xff, 0xf5, 0x0, 0x0, 0x0,
    0x0, 0xef, 0xff, 0xff, 0x40, 0x0, 0xe, 0xff,
    0xff, 0xf5, 0x0, 0x0, 0x0, 0x0, 0xef, 0xff,
    0xff, 0x40, 0x0, 0xe, 0xff, 0xff, 0xf5, 0x0,
    0x0, 0x0, 0x0, 0xef, 0xff, 0xff, 0x40, 0x0,
    0xe, 0xff, 0xff, 0xf5, 0x0, 0x0, 0x0, 0x0,
    0x0, 0x0, 0x0, 0x0, 0x0, 0x0, 0x0, 0x0,
    0x0, 0x0, 0x0,

    /* U+F017 "" */
    0x0, 0x0, 0x0, 0x0, 0x0, 0x35, 0x67, 0x54,
    0x0, 0x0, 0x0, 0x0, 0x0, 0x0, 0x0, 0x0,
    0x2, 0x9e, 0xff, 0xff, 0xff, 0xfb, 0x40, 0x0,
    0x0, 0x0, 0x0, 0x0, 0x0, 0x9f, 0xff, 0xff,
    0xff, 0xff, 0xff, 0xfc, 0x20, 0x0, 0x0, 0x0,
    0x0, 0x2d, 0xff, 0xfa, 0x52, 0x0, 0x14, 0x9e,
    0xff, 0xf4, 0x0, 0x0, 0x0, 0x2, 0xef, 0xfb,
    0x20, 0x0, 0x0, 0x0, 0x0, 0x8f, 0xff, 0x50,
    0x0, 0x0, 0xd, 0xff, 0x80, 0x0, 0x0, 0x0,
    0x0, 0x0, 0x4, 0xef, 0xf3, 0x0, 0x0, 0x9f,
    0xf8, 0x0, 0x0, 0x0, 0x43, 0x0, 0x0, 0x0,
    0x3f, 0xfe, 0x0, 0x2, 0xff, 0xb0, 0x0, 0x0,
    0x1, 0xfc, 0x0, 0x0, 0x0, 0x6, 0xff, 0x70,
    0xa, 0xff, 0x20, 0x0, 0x0, 0x1, 0xfc, 0x0,
    0x0, 0x0, 0x0, 0xcf, 0xe0, 0xe, 0xfa, 0x0,
    0x0, 0x0, 0x1, 0xfc, 0x0, 0x0, 0x0, 0x0,
    0x5f, 0xf4, 0x3f, 0xf5, 0x0, 0x0, 0x0, 0x1,
    0xfc, 0x0, 0x0, 0x0, 0x0, 0xf, 0xf8, 0x5f,
    0xf2, 0x0, 0x0, 0x0, 0x1, 0xfc, 0x0, 0x0,
    0x0, 0x0, 0xd, 0xfa, 0x7f, 0xf0, 0x0, 0x0,
    0x0, 0x1, 0xfc, 0x0, 0x0, 0x0, 0x0, 0xb,
    0xfb, 0x7f, 0xf0, 0x0, 0x0, 0x0, 0x1, 0xfe,
    0x40, 0x0, 0x0, 0x0, 0xb, 0xfb, 0x5f, 0xf2,
    0x0, 0x0, 0x0, 0x0, 0x9f, 0xfb, 0x20, 0x0,
    0x0, 0xd, 0xfa, 0x3f, 0xf5, 0x0, 0x0, 0x0,
    0x0, 0x3, 0xcf, 0xf8, 0x0, 0x0, 0xf, 0xf8,
    0xe, 0xfa, 0x0, 0x0, 0x0, 0x0, 0x0, 0x6,
    0xef, 0xe3, 0x0, 0x5f, 0xf4, 0xa, 0xff, 0x20,
    0x0, 0x0, 0x0, 0x0, 0x0, 0x19, 0xe1, 0x0,
    0xcf, 0xe0, 0x2, 0xff, 0xb0, 0x0, 0x0, 0x0,
    0x0, 0x0, 0x0, 0x0, 0x6, 0xff, 0x70, 0x0,
    0x9f, 0xf8, 0x0, 0x0, 0x0, 0x0, 0x0, 0x0,
    0x0, 0x3f, 0xfe, 0x0, 0x0, 0xd, 0xff, 0x80,
    0x0, 0x0, 0x0, 0x0, 0x0, 0x4, 0xef, 0xf3,
    0x0, 0x0, 0x2, 0xef, 0xfb, 0x20, 0x0, 0x0,
    0x0, 0x0, 0x8f, 0xff, 0x50, 0x0, 0x0, 0x0,
    0x2d, 0xff, 0xfa, 0x52, 0x0, 0x14, 0x9e, 0xff,
    0xf4, 0x0, 0x0, 0x0, 0x0, 0x0, 0x9f, 0xff,
    0xff, 0xff, 0xff, 0xff, 0xfc, 0x20, 0x0, 0x0,
    0x0, 0x0, 0x0, 0x2, 0x9e, 0xff, 0xff, 0xff,
    0xfb, 0x40, 0x0, 0x0, 0x0, 0x0, 0x0, 0x0,
    0x0, 0x0, 0x35, 0x67, 0x54, 0x0, 0x0, 0x0,
    0x0, 0x0,

    /* U+F019 "" */
    0x0, 0x0, 0x3, 0x33, 0x33, 0x33, 0x20, 0x0,
    0x0, 0x0, 0x0, 0xe, 0xff, 0xff, 0xff, 0x80,
    0x0, 0x0, 0x0, 0x0, 0xe, 0xff, 0xff, 0xff,
    0x80, 0x0, 0x0, 0x0, 0x0, 0xe, 0xff, 0xff,
    0xff, 0x80, 0x0, 0x0, 0x0, 0x0, 0xe, 0xff,
    0xff, 0xff, 0x80, 0x0, 0x0, 0x0, 0x0, 0xe,
    0xff, 0xff, 0xff, 0x80, 0x0, 0x0, 0x0, 0x0,
    0xe, 0xff, 0xff, 0xff, 0x80, 0x0, 0x0, 0x0,
    0x0, 0xe, 0xff, 0xff, 0xff, 0x80, 0x0, 0x0,
    0x6b, 0xbb, 0xbf, 0xff, 0xff, 0xff, 0xeb, 0xbb,
    0xb2, 0xa, 0xff, 0xff, 0xff, 0xff, 0xff, 0xff,
    0xff, 0x50, 0x0, 0xaf, 0xff, 0xff, 0xff, 0xff,
    0xff, 0xf5, 0x0, 0x0, 0xa, 0xff, 0xff, 0xff,
    0xff, 0xff, 0x50, 0x0, 0x0, 0x0, 0xaf, 0xff,
    0xff, 0xff, 0xf5, 0x0, 0x0, 0x0, 0x0, 0xa,
    0xff, 0xff, 0xff, 0x50, 0x0, 0x0, 0x0, 0x0,
    0x0, 0xaf, 0xff, 0xf5, 0x0, 0x0, 0x0, 0x0,
    0x0, 0x0, 0xa, 0xff, 0x50, 0x0, 0x0, 0x0,
    0x0, 0x0, 0x0, 0x0, 0xa5, 0x0, 0x0, 0x0,
    0x0, 0x0, 0x0, 0x0, 0x0, 0x0, 0x0, 0x0,
    0x0, 0x0, 0x0, 0x0, 0x0, 0x0, 0x0, 0x0,
    0x0, 0x0, 0x0, 0x77, 0x77, 0x77, 0x77, 0x77,
    0x77, 0x77, 0x77, 0x74, 0xef, 0xff, 0xff, 0xff,
    0xff, 0xff, 0xff, 0xff, 0xf8, 0xef, 0xff, 0xff,
    0xff, 0xff, 0xff, 0xff, 0xff, 0xf8, 0x0, 0x0,
    0x0, 0x0, 0x0, 0x0, 0x0, 0x0, 0x0,

    /* U+F021 "" */
    0x0, 0x0, 0x0, 0x0, 0x0, 0x0, 0x0, 0x0,
    0x0, 0x0, 0x0, 0x0, 0x0, 0x5, 0xae, 0xff,
    0xd9, 0x40, 0x0, 0x0, 0x70, 0x0, 0x0, 0x5d,
    0xff, 0xff, 0xff, 0xff, 0xd5, 0x0, 0x7f, 0x0,
    0x0, 0x8f, 0xff, 0xea, 0x88, 0xae, 0xff, 0xf9,
    0x8f, 0xf0, 0x0, 0x8f, 0xfe, 0x60, 0x0, 0x0,
    0x6, 0xef, 0xff, 0xff, 0x0, 0x4f, 0xfd, 0x10,
    0x0, 0x0, 0x0, 0x2, 0xef, 0xff, 0xf0, 0xd,
    0xfe, 0x10, 0x0, 0x0, 0x0, 0x0, 0x8f, 0xff,
    0xff, 0x5, 0xff, 0x60, 0x0, 0x0, 0x0, 0x0,
    0x8f, 0xff, 0xff, 0xf0, 0xaf, 0xe0, 0x0, 0x0,
    0x0, 0x0, 0x8f, 0xff, 0xff, 0xff, 0xd, 0xfa,
    0x0, 0x0, 0x0, 0x0, 0x4c, 0xcc, 0xcc, 0xcc,
    0xc0, 0xef, 0x80, 0x0, 0x0, 0x0, 0x0, 0x0,
    0x0, 0x0, 0x0, 0xe, 0xf8, 0x0, 0x0, 0x0,
    0x0, 0x0, 0x0, 0x0, 0x0, 0x0, 0xdf, 0xa0,
    0x0, 0x0, 0x0, 0x0, 0x0, 0x0, 0x0, 0x0,
    0xa, 0xfe, 0x0, 0x0, 0x0, 0x0, 0x0, 0x0,
    0x0, 0x77, 0x40, 0x5f, 0xf6, 0x0, 0x0, 0x0,
    0x0, 0x0, 0x0, 0x6f, 0xf5, 0x0, 0xdf, 0xe1,
    0x0, 0x0, 0x0, 0x0, 0x0, 0x2f, 0xfe, 0x0,
    0x5, 0xff, 0xd1, 0x0, 0x0, 0x0, 0x0, 0x3e,
    0xff, 0x50, 0x0, 0x8, 0xff, 0xe6, 0x0, 0x0,
    0x1, 0x8f, 0xff, 0x90, 0x0, 0x0, 0x8, 0xff,
    0xfe, 0xa8, 0x8b, 0xff, 0xff, 0x90, 0x0, 0x0,
    0x0, 0x5, 0xef, 0xff, 0xff, 0xff, 0xfe, 0x50,
    0x0, 0x0, 0x0, 0x0, 0x0, 0x5a, 0xef, 0xfe,
    0xa6, 0x0, 0x0, 0x0, 0x0, 0x0, 0x0, 0x0,
    0x0, 0x0, 0x0, 0x0, 0x0, 0x0, 0x0,

    /* U+F023 "" */
    0x0, 0x0, 0x0, 0x0, 0x4a, 0xcc, 0xa4, 0x0,
    0x0, 0x0, 0x0, 0x0, 0x0, 0x0, 0x1b, 0xff,
    0xff, 0xff, 0xb1, 0x0, 0x0, 0x0, 0x0, 0x0,
    0x0, 0xcf, 0xfd, 0x99, 0xdf, 0xfc, 0x0, 0x0,
    0x0, 0x0, 0x0, 0x8, 0xff, 0x80, 0x0, 0x8,
    0xff, 0x80, 0x0, 0x0, 0x0, 0x0, 0xe, 0xfb,
    0x0, 0x0, 0x0, 0xbf, 0xe0, 0x0, 0x0, 0x0,
    0x0, 0x2f, 0xf4, 0x0, 0x0, 0x0, 0x4f, 0xf2,
    0x0, 0x0, 0x0, 0x0, 0x4f, 0xf2, 0x0, 0x0,
    0x0, 0x2f, 0xf4, 0x0, 0x0, 0x0, 0x0, 0x4f,
    0xf2, 0x0, 0x0, 0x0, 0x2f, 0xf4, 0x0, 0x0,
    0x0, 0x0, 0x4f, 0xf2, 0x0, 0x0, 0x0, 0x2f,
    0xf4, 0x0, 0x0, 0x1, 0xbf, 0xff, 0xff, 0xff,
    0xff, 0xff, 0xff, 0xff, 0xfb, 0x10, 0xb, 0xff,
    0xff, 0xff, 0xff, 0xff, 0xff, 0xff, 0xff, 0xff,
    0xb0, 0xf, 0xff, 0xff, 0xff, 0xff, 0xff, 0xff,
    0xff, 0xff, 0xff, 0xf0, 0xf, 0xff, 0xff, 0xff,
    0xff, 0xff, 0xff, 0xff, 0xff, 0xff, 0xf0, 0xf,
    0xff, 0xff, 0xff, 0xff, 0xff, 0xff, 0xff, 0xff,
    0xff, 0xf0, 0xf, 0xff, 0xff, 0xff, 0xff, 0xff,
    0xff, 0xff, 0xff, 0xff, 0xf0, 0xf, 0xff, 0xff,
    0xff, 0xfc, 0x55, 0xcf, 0xff, 0xff, 0xff, 0xf0,
    0xf, 0xff, 0xff, 0xff, 0xd0, 0x0, 0xd, 0xff,
    0xff, 0xff, 0xf0, 0xf, 0xff, 0xff, 0xff, 0x80,
    0x0, 0x8, 0xff, 0xff, 0xff, 0xf0, 0xf, 0xff,
    0xff, 0xff, 0xb0, 0x0, 0xb, 0xff, 0xff, 0xff,
    0xf0, 0xf, 0xff, 0xff, 0xff, 0xf8, 0x0, 0x8f,
    0xff, 0xff, 0xff, 0xf0, 0xf, 0xff, 0xff, 0xff,
    0xff, 0xff, 0xff, 0xff, 0xff, 0xff, 0xf0, 0xf,
    0xff, 0xff, 0xff, 0xff, 0xff, 0xff, 0xff, 0xff,
    0xff, 0xf0, 0xf, 0xff, 0xff, 0xff, 0xff, 0xff,
    0xff, 0xff, 0xff, 0xff, 0xf0, 0xf, 0xff, 0xff,
    0xff, 0xff, 0xff, 0xff, 0xff, 0xff, 0xff, 0xf0,
    0xd, 0xff, 0xff, 0xff, 0xff, 0xff, 0xff, 0xff,
    0xff, 0xff, 0xd0, 0x4, 0xff, 0xff, 0xff, 0xff,
    0xff, 0xff, 0xff, 0xff, 0xff, 0x40, 0x0, 0x13,
    0x44, 0x44, 0x44, 0x44, 0x44, 0x44, 0x44, 0x30,
    0x0,

    /* U+F025 "" */
    0x0, 0x0, 0x0, 0x0, 0x0, 0x1, 0x10, 0x0,
    0x0, 0x0, 0x0, 0x0, 0x0, 0x0, 0x0, 0x2,
    0x7c, 0xff, 0xff, 0xe9, 0x40, 0x0, 0x0, 0x0,
    0x0, 0x0, 0x0, 0x8f, 0xff, 0xff, 0xff, 0xff,
    0xfc, 0x30, 0x0, 0x0, 0x0, 0x0, 0x2d, 0xff,
    0xfd, 0x87, 0x67, 0xbf, 0xff, 0xf6, 0x0, 0x0,
    0x0, 0x2, 0xef, 0xfb, 0x20, 0x0, 0x0, 0x0,
    0x8f, 0xff, 0x60, 0x0, 0x0, 0xd, 0xff, 0x60,
    0x0, 0x0, 0x0, 0x0, 0x2, 0xef, 0xf4, 0x0,
    0x0, 0x8f, 0xf6, 0x0, 0x0, 0x0, 0x0, 0x0,
    0x0, 0x2e, 0xfe, 0x0, 0x2, 0xff, 0xb0, 0x0,
    0x0, 0x0, 0x0, 0x0, 0x0, 0x5, 0xff, 0x70,
    0x7, 0xff, 0x20, 0x0, 0x0, 0x0, 0x0, 0x0,
    0x0, 0x0, 0xcf, 0xd0, 0xc, 0xfc, 0x0, 0x0,
    0x0, 0x0, 0x0, 0x0, 0x0, 0x0, 0x7f, 0xf2,
    0xe, 0xf9, 0x0, 0x0, 0x0, 0x0, 0x0, 0x0,
    0x0, 0x0, 0x3f, 0xf4, 0xf, 0xf7, 0x0, 0x0,
    0x0, 0x0, 0x0, 0x0, 0x0, 0x0, 0x1f, 0xf6,
    0x1f, 0xf6, 0x0, 0x0, 0x0, 0x0, 0x0, 0x0,
    0x0, 0x0, 0x1f, 0xf6, 0x1f, 0xff, 0xff, 0xff,
    0x60, 0x0, 0x0, 0x0, 0xff, 0xff, 0xff, 0xf6,
    0x1f, 0xff, 0xff, 0xff, 0x60, 0x0, 0x0, 0x0,
    0xff, 0xff, 0xff, 0xf6, 0x1f, 0xff, 0xff, 0xff,
    0x60, 0x0, 0x0, 0x0, 0xff, 0xff, 0xff, 0xf6,
    0x1f, 0xff, 0xff, 0xff, 0x60, 0x0, 0x0, 0x0,
    0xff, 0xff, 0xff, 0xf6, 0x1f, 0xff, 0xff, 0xff,
    0x60, 0x0, 0x0, 0x0, 0xff, 0xff, 0xff, 0xf6,
    0x1f, 0xff, 0xff, 0xff, 0x60, 0x0, 0x0, 0x0,
    0xff, 0xff, 0xff, 0xf6, 0x1f, 0xff, 0xff, 0xff,
    0x60, 0x0, 0x0, 0x0, 0xff, 0xff, 0xff, 0xf6,
    0xf, 0xff, 0xff, 0xff, 0x60, 0x0, 0x0, 0x0,
    0xff, 0xff, 0xff, 0xf6, 0xd, 0xff, 0xff, 0xff,
    0x60, 0x0, 0x0, 0x0, 0xff, 0xff, 0xff, 0xf3,
    0x3, 0xdf, 0xff, 0xff, 0x60, 0x0, 0x0, 0x0,
    0xff, 0xff, 0xff, 0x70, 0x0, 0x0, 0x0, 0x0,
    0x0, 0x0, 0x0, 0x0, 0x0, 0x0, 0x0, 0x0,

    /* U+F027 "" */
    0x0, 0x0, 0x0, 0x0, 0x0, 0x5, 0x0, 0x0,
    0x0, 0x0, 0x0, 0x5f, 0x0, 0x0, 0x0, 0x0,
    0x5, 0xff, 0x0, 0x0, 0x0, 0x0, 0x5f, 0xff,
    0x0, 0x0, 0x0, 0x4, 0xff, 0xff, 0x0, 0x0,
    0x0, 0x4f, 0xff, 0xff, 0x28, 0x88, 0x89, 0xff,
    0xff, 0xff, 0x4f, 0xff, 0xff, 0xff, 0xff, 0xff,
    0x4f, 0xff, 0xff, 0xff, 0xff, 0xff, 0x4f, 0xff,
    0xff, 0xff, 0xff, 0xff, 0x4f, 0xff, 0xff, 0xff,
    0xff, 0xff, 0x4f, 0xff, 0xff, 0xff, 0xff, 0xff,
    0x4f, 0xff, 0xff, 0xff, 0xff, 0xff, 0x4f, 0xff,
    0xff, 0xff, 0xff, 0xff, 0x0, 0x0, 0x0, 0xaf,
    0xff, 0xff, 0x0, 0x0, 0x0, 0xa, 0xff, 0xff,
    0x0, 0x0, 0x0, 0x0, 0xaf, 0xff, 0x0, 0x0,
    0x0, 0x0, 0xb, 0xff, 0x0, 0x0, 0x0, 0x0,
    0x0, 0xbf, 0x0, 0x0, 0x0, 0x0, 0x0, 0xb,
    0x0, 0x0, 0x0, 0x0, 0x0, 0x0,

    /* U+F028 "" */
    0x0, 0x0, 0x0, 0x0, 0x0, 0x0, 0x0, 0x38,
    0x20, 0x0, 0x0, 0x0, 0x0, 0x0, 0x0, 0x0,
    0x0, 0x5, 0x0, 0x4f, 0xfa, 0x20, 0x0, 0x0,
    0x0, 0x0, 0x0, 0x0, 0x0, 0x5f, 0x0, 0x3f,
    0xff, 0xe4, 0x0, 0x0, 0x0, 0x0, 0x0, 0x0,
    0x5, 0xff, 0x0, 0x2, 0xaf, 0xff, 0x40, 0x0,
    0x0, 0x0, 0x0, 0x0, 0x5f, 0xff, 0x0, 0x0,
    0x5, 0xff, 0xf1, 0x0, 0x0, 0x0, 0x0, 0x5,
    0xff, 0xff, 0x0, 0x0, 0x0, 0x5f, 0xfb, 0x0,
    0x0, 0x0, 0x0, 0x5f, 0xff, 0xff, 0x0, 0x34,
    0x0, 0x9, 0xff, 0x30, 0x28, 0x88, 0x89, 0xff,
    0xff, 0xff, 0x0, 0x4f, 0x50, 0x1, 0xff, 0xa0,
    0x4f, 0xff, 0xff, 0xff, 0xff, 0xff, 0x0, 0x4f,
    0xf1, 0x0, 0xbf, 0xe0, 0x4f, 0xff, 0xff, 0xff,
    0xff, 0xff, 0x0, 0x4f, 0xf7, 0x0, 0x7f, 0xf1,
    0x4f, 0xff, 0xff, 0xff, 0xff, 0xff, 0x0, 0x4f,
    0xfb, 0x0, 0x5f, 0xf2, 0x4f, 0xff, 0xff, 0xff,
    0xff, 0xff, 0x0, 0x4f, 0xfc, 0x0, 0x4f, 0xf3,
    0x4f, 0xff, 0xff, 0xff, 0xff, 0xff, 0x0, 0x4f,
    0xfa, 0x0, 0x6f, 0xf2, 0x4f, 0xff, 0xff, 0xff,
    0xff, 0xff, 0x0, 0x4f, 0xf5, 0x0, 0x9f, 0xf0,
    0x3f, 0xff, 0xff, 0xff, 0xff, 0xff, 0x0, 0x4f,
    0xc0, 0x0, 0xef, 0xb0, 0x0, 0x0, 0x0, 0xbf,
    0xff, 0xff, 0x0, 0x4b, 0x10, 0x5, 0xff, 0x60,
    0x0, 0x0, 0x0, 0xb, 0xff, 0xff, 0x0, 0x0,
    0x0, 0x1e, 0xfe, 0x0, 0x0, 0x0, 0x0, 0x0,
    0xbf, 0xff, 0x0, 0x0, 0x1, 0xcf, 0xf5, 0x0,
    0x0, 0x0, 0x0, 0x0, 0xb, 0xff, 0x0, 0x0,
    0x3d, 0xff, 0x90, 0x0, 0x0, 0x0, 0x0, 0x0,
    0x0, 0xbf, 0x0, 0x2b, 0xff, 0xfa, 0x0, 0x0,
    0x0, 0x0, 0x0, 0x0, 0x0, 0xb, 0x0, 0x4f,
    0xff, 0x70, 0x0, 0x0, 0x0, 0x0, 0x0, 0x0,
    0x0, 0x0, 0x0, 0x4e, 0x91, 0x0, 0x0, 0x0,
    0x0, 0x0, 0x0, 0x0, 0x0, 0x0, 0x0, 0x0,
    0x0, 0x0, 0x0, 0x0,

    /* U+F030 "" */
    0x0, 0x0, 0x0, 0x0, 0x2, 0x44, 0x44, 0x44,
    0x40, 0x0, 0x0, 0x0, 0x0, 0x0, 0x0, 0x0,
    0x0, 0x4f, 0xff, 0xff, 0xff, 0xfa, 0x0, 0x0,
    0x0, 0x0, 0x0, 0x0, 0x0, 0x3, 0xff, 0xff,
    0xff, 0xff, 0xff, 0xb0, 0x0, 0x0, 0x0, 0x2,
    0xac, 0xcc, 0xcf, 0xff, 0xff, 0xff, 0xff, 0xff,
    0xfd, 0xcc, 0xcc, 0x70, 0xe, 0xff, 0xff, 0xff,
    0xff, 0xff, 0xff, 0xff, 0xff, 0xff, 0xff, 0xff,
    0xf8, 0x4f, 0xff, 0xff, 0xff, 0xff, 0xff, 0xff,
    0xff, 0xff, 0xff, 0xff, 0xff, 0xfd, 0x4f, 0xff,
    0xff, 0xff, 0xff, 0xff, 0xff, 0xff, 0xff, 0xff,
    0xff, 0xff, 0xfe, 0x4f, 0xff, 0xff, 0xff, 0xff,
    0x93, 0x0, 0x15, 0xcf, 0xff, 0xff, 0xff, 0xfe,
    0x4f, 0xff, 0xff, 0xff, 0xe3, 0x0, 0x0, 0x0,
    0x8, 0xff, 0xff, 0xff, 0xfe, 0x4f, 0xff, 0xff,
    0xff, 0x30, 0x19, 0xef, 0xb3, 0x0, 0x9f, 0xff,
    0xff, 0xfe, 0x4f, 0xff, 0xff, 0xf8, 0x0, 0xdf,
    0xff, 0xff, 0x40, 0xe, 0xff, 0xff, 0xfe, 0x4f,
    0xff, 0xff, 0xf2, 0x7, 0xff, 0xff, 0xff, 0xd0,
    0x9, 0xff, 0xff, 0xfe, 0x4f, 0xff, 0xff, 0xf0,
    0xb, 0xff, 0xff, 0xff, 0xf1, 0x6, 0xff, 0xff,
    0xfe, 0x4f, 0xff, 0xff, 0xf0, 0xb, 0xff, 0xff,
    0xff, 0xf1, 0x5, 0xff, 0xff, 0xfe, 0x4f, 0xff,
    0xff, 0xf1, 0x7, 0xff, 0xff, 0xff, 0xd0, 0x8,
    0xff, 0xff, 0xfe, 0x4f, 0xff, 0xff, 0xf7, 0x0,
    0xdf, 0xff, 0xff, 0x40, 0xd, 0xff, 0xff, 0xfe,
    0x4f, 0xff, 0xff, 0xfe, 0x10, 0x19, 0xef, 0xb3,
    0x0, 0x6f, 0xff, 0xff, 0xfe, 0x4f, 0xff, 0xff,
    0xff, 0xc1, 0x0, 0x0, 0x0, 0x5, 0xff, 0xff,
    0xff, 0xfe, 0x4f, 0xff, 0xff, 0xff, 0xfe, 0x60,
    0x0, 0x2, 0x9f, 0xff, 0xff, 0xff, 0xfe, 0x4f,
    0xff, 0xff, 0xff, 0xff, 0xff, 0xcc, 0xdf, 0xff,
    0xff, 0xff, 0xff, 0xfe, 0x4f, 0xff, 0xff, 0xff,
    0xff, 0xff, 0xff, 0xff, 0xff, 0xff, 0xff, 0xff,
    0xfd, 0x1f, 0xff, 0xff, 0xff, 0xff, 0xff, 0xff,
    0xff, 0xff, 0xff, 0xff, 0xff, 0xf9, 0x4, 0xdf,
    0xff, 0xff, 0xff, 0xff, 0xff, 0xff, 0xff, 0xff,
    0xff, 0xff, 0xb1, 0x0, 0x0, 0x0, 0x0, 0x0,
    0x0, 0x0, 0x0, 0x0, 0x0, 0x0, 0x0, 0x0,

    /* U+F03E "" */
    0x0, 0x36, 0x77, 0x77, 0x77, 0x77, 0x77, 0x77,
    0x77, 0x77, 0x75, 0x0, 0x6, 0xff, 0xff, 0xff,
    0xff, 0xff, 0xff, 0xff, 0xff, 0xff, 0xff, 0xb0,
    0xf, 0xff, 0xff, 0xff, 0xff, 0xff, 0xff, 0xff,
    0xff, 0xff, 0xff, 0xf4, 0x1f, 0xff, 0xff, 0xff,
    0xff, 0xff, 0xff, 0xff, 0xff, 0xff, 0xff, 0xf6,
    0x1f, 0xff, 0xff, 0xff, 0xff, 0xff, 0xff, 0xff,
    0xff, 0xff, 0xff, 0xf6, 0x1f, 0xff, 0xff, 0xff,
    0xff, 0xff, 0xff, 0xff, 0xff, 0xff, 0xff, 0xf6,
    0x1f, 0xff, 0xff, 0xff, 0xff, 0xff, 0xff, 0xff,
    0xff, 0xff, 0xff, 0xf6, 0x1f, 0xff, 0xff, 0xff,
    0xff, 0xff, 0xff, 0xff, 0xff, 0xff, 0xff, 0xf6,
    0x1f, 0xff, 0xff, 0xff, 0xff, 0xff, 0xff, 0xff,
    0xff, 0xff, 0xff, 0xf6, 0x1f, 0xff, 0xff, 0xff,
    0xff, 0xff, 0xff, 0xff, 0xff, 0xff, 0xff, 0xf6,
    0x1f, 0xff, 0xff, 0xff, 0xff, 0xff, 0xff, 0xff,
    0xff, 0xff, 0xff, 0xf6, 0x1f, 0xff, 0xff, 0xff,
    0xff, 0xff, 0xff, 0xff, 0xff, 0xff, 0xff, 0xf6,
    0x1f, 0xff, 0xff, 0xff, 0xff, 0xff, 0xff, 0xb3,
    0xff, 0xff, 0xff, 0xf6, 0x1f, 0xff, 0xff, 0xfe,
    0xff, 0xff, 0xfe, 0x10, 0x7f, 0xff, 0xff, 0xf6,
    0x1f, 0xff, 0xff, 0xf2, 0x8f, 0xff, 0xf3, 0x0,
    0xb, 0xff, 0xff, 0xf6, 0x1f, 0xff, 0xff, 0x50,
    0xa, 0xff, 0x60, 0x0, 0x1, 0xef, 0xff, 0xf6,
    0x1f, 0xff, 0xf9, 0x0, 0x0, 0xca, 0x0, 0x0,
    0x0, 0x3f, 0xff, 0xf6, 0x1f, 0xff, 0xc0, 0x0,
    0x0, 0x10, 0x0, 0x0, 0x0, 0x7, 0xff, 0xf6,
    0x1f, 0xfe, 0x10, 0x0, 0x0, 0x0, 0x0, 0x0,
    0x0, 0x0, 0xbf, 0xf6, 0x1f, 0xfd, 0xbb, 0xbb,
    0xbb, 0xbb, 0xbb, 0xbb, 0xbb, 0xbb, 0xcf, 0xf6,
    0xf, 0xff, 0xff, 0xff, 0xff, 0xff, 0xff, 0xff,
    0xff, 0xff, 0xff, 0xf6, 0xc, 0xff, 0xff, 0xff,
    0xff, 0xff, 0xff, 0xff, 0xff, 0xff, 0xff, 0xf2,
    0x2, 0xcf, 0xff, 0xff, 0xff, 0xff, 0xff, 0xff,
    0xff, 0xff, 0xfe, 0x50, 0x0, 0x0, 0x0, 0x0,
    0x0, 0x0, 0x0, 0x0, 0x0, 0x0, 0x0, 0x0,

    /* U+F044 "" */
    0x0, 0x0, 0x0, 0x0, 0x0, 0x0, 0x0, 0x0,
    0x0, 0x0, 0x0, 0x10, 0x0, 0x0, 0x0, 0x0,
    0x0, 0x0, 0x0, 0x0, 0x0, 0x0, 0x0, 0x9,
    0xff, 0xa0, 0x0, 0x0, 0x0, 0x0, 0x0, 0x0,
    0x0, 0x0, 0x0, 0x0, 0xa, 0xff, 0xff, 0xc0,
    0x0, 0x0, 0x0, 0x0, 0x0, 0x0, 0x0, 0x0,
    0x0, 0x0, 0x6f, 0xff, 0xff, 0xb0, 0x3, 0xdf,
    0xff, 0xff, 0xff, 0xff, 0xfc, 0x0, 0x1, 0x0,
    0x6f, 0xff, 0xff, 0x30, 0xdf, 0xff, 0xff, 0xff,
    0xff, 0xfc, 0x0, 0x9, 0xe2, 0x0, 0x6f, 0xff,
    0xf3, 0xf, 0xff, 0xff, 0xff, 0xff, 0xfc, 0x10,
    0x9, 0xff, 0xe2, 0x0, 0x6f, 0xfc, 0x1, 0xff,
    0xff, 0xff, 0xff, 0xfd, 0x10, 0x9, 0xff, 0xff,
    0xe2, 0x0, 0x6d, 0x10, 0x1f, 0xff, 0xff, 0xff,
    0xfd, 0x10, 0x9, 0xff, 0xff, 0xff, 0xe2, 0x0,
    0x0, 0x1, 0xff, 0xff, 0xff, 0xfd, 0x10, 0x9,
    0xff, 0xff, 0xff, 0xff, 0xe2, 0x0, 0x0, 0x1f,
    0xff, 0xff, 0xfd, 0x10, 0x9, 0xff, 0xff, 0xff,
    0xff, 0xfd, 0x10, 0x0, 0x1, 0xff, 0xff, 0xfe,
    0x10, 0x9, 0xff, 0xff, 0xff, 0xff, 0xfd, 0x10,
    0x0, 0x0, 0x1f, 0xff, 0xff, 0x20, 0x9, 0xff,
    0xff, 0xff, 0xff, 0xfd, 0x10, 0x0, 0x0, 0x1,
    0xff, 0xff, 0xe0, 0x9, 0xff, 0xff, 0xff, 0xff,
    0xfd, 0x10, 0x8, 0x30, 0x0, 0x1f, 0xff, 0xfe,
    0x0, 0xcf, 0xff, 0xff, 0xff, 0xfd, 0x10, 0x9,
    0xf3, 0x0, 0x1, 0xff, 0xff, 0xe0, 0xc, 0xff,
    0xff, 0xff, 0xfd, 0x10, 0x9, 0xff, 0x30, 0x0,
    0x1f, 0xff, 0xfe, 0x0, 0xcf, 0xff, 0xff, 0xfd,
    0x10, 0xa, 0xff, 0xf3, 0x0, 0x1, 0xff, 0xff,
    0xe0, 0xc, 0xff, 0xff, 0xfd, 0x10, 0xb, 0xff,
    0xff, 0x30, 0x0, 0x1f, 0xff, 0xfe, 0x0, 0xcf,
    0xff, 0xfd, 0x10, 0xb, 0xff, 0xff, 0xf3, 0x0,
    0x1, 0xff, 0xff, 0xe0, 0x0, 0x0, 0x0, 0x0,
    0xc, 0xff, 0xff, 0xff, 0x30, 0x0, 0x1f, 0xff,
    0xfe, 0x0, 0x0, 0x0, 0x0, 0x1c, 0xff, 0xff,
    0xff, 0xf3, 0x0, 0x1, 0xff, 0xff, 0xfe, 0xee,
    0xee, 0xee, 0xef, 0xff, 0xff, 0xff, 0xff, 0x30,
    0x0, 0x1f, 0xff, 0xff, 0xff, 0xff, 0xff, 0xff,
    0xff, 0xff, 0xff, 0xff, 0xf3, 0x0, 0x0, 0xff,
    0xff, 0xff, 0xff, 0xff, 0xff, 0xff, 0xff, 0xff,
    0xff, 0xff, 0x30, 0x0, 0xd, 0xff, 0xff, 0xff,
    0xff, 0xff, 0xff, 0xff, 0xff, 0xff, 0xff, 0xf0,
    0x0, 0x0, 0x3d, 0xff, 0xff, 0xff, 0xff, 0xff,
    0xff, 0xff, 0xff, 0xff, 0xe4, 0x0, 0x0, 0x0,
    0x0, 0x0, 0x0, 0x0, 0x0, 0x0, 0x0, 0x0,
    0x0, 0x0, 0x0, 0x0, 0x0,

    /* U+F048 "" */
    0x24, 0x40, 0x0, 0x0, 0x0, 0x0, 0x0, 0x0,
    0x8f, 0xf0, 0x0, 0x0, 0x0, 0x0, 0x0, 0x97,
    0x8f, 0xf0, 0x0, 0x0, 0x0, 0x0, 0x2d, 0xf8,
    0x8f, 0xf0, 0x0, 0x0, 0x0, 0x7, 0xff, 0xf8,
    0x8f, 0xf0, 0x0, 0x0, 0x1, 0xbf, 0xff, 0xf8,
    0x8f, 0xf0, 0x0, 0x0, 0x5e, 0xff, 0xff, 0xf8,
    0x8f, 0xf0, 0x0, 0x9, 0xff, 0xff, 0xff, 0xf8,
    0x8f, 0xf0, 0x3, 0xdf, 0xff, 0xff, 0xff, 0xf8,
    0x8f, 0xf0, 0xa, 0xff, 0xff, 0xff, 0xff, 0xf8,
    0x8f, 0xf0, 0x0, 0x5f, 0xff, 0xff, 0xff, 0xf8,
    0x8f, 0xf0, 0x0, 0x1, 0xcf, 0xff, 0xff, 0xf8,
    0x8f, 0xf0, 0x0, 0x0, 0x7, 0xff, 0xff, 0xf8,
    0x8f, 0xf0, 0x0, 0x0, 0x0, 0x3d, 0xff, 0xf8,
    0x8f, 0xf0, 0x0, 0x0, 0x0, 0x0, 0x9f, 0xf8,
    0x8f, 0xf0, 0x0, 0x0, 0x0, 0x0, 0x4, 0xe8,
    0x5b, 0xb0, 0x0, 0x0, 0x0, 0x0, 0x0, 0x14,

    /* U+F04B "" */
    0x60, 0x0, 0x0, 0x0, 0x0, 0x0, 0x0, 0xfc,
    0x20, 0x0, 0x0, 0x0, 0x0, 0x0, 0xff, 0xf8,
    0x0, 0x0, 0x0, 0x0, 0x0, 0xff, 0xff, 0xd3,
    0x0, 0x0, 0x0, 0x0, 0xff, 0xff, 0xff, 0x91,
    0x0, 0x0, 0x0, 0xff, 0xff, 0xff, 0xfe, 0x50,
    0x0, 0x0, 0xff, 0xff, 0xff, 0xff, 0xfb, 0x10,
    0x0, 0xff, 0xff, 0xff, 0xff, 0xff, 0xf6, 0x0,
    0xff, 0xff, 0xff, 0xff, 0xff, 0xff, 0xc2, 0xff,
    0xff, 0xff, 0xff, 0xff, 0xff, 0xc2, 0xff, 0xff,
    0xff, 0xff, 0xff, 0xf6, 0x0, 0xff, 0xff, 0xff,
    0xff, 0xfb, 0x10, 0x0, 0xff, 0xff, 0xff, 0xfe,
    0x50, 0x0, 0x0, 0xff, 0xff, 0xff, 0x91, 0x0,
    0x0, 0x0, 0xff, 0xff, 0xd3, 0x0, 0x0, 0x0,
    0x0, 0xff, 0xf8, 0x0, 0x0, 0x0, 0x0, 0x0,
    0xfc, 0x20, 0x0, 0x0, 0x0, 0x0, 0x0, 0x60,
    0x0, 0x0, 0x0, 0x0, 0x0, 0x0,

    /* U+F04C "" */
    0x58, 0x88, 0x82, 0x0, 0x0, 0x78, 0x88, 0x80,
    0xbf, 0xff, 0xf4, 0x0, 0x0, 0xef, 0xff, 0xf1,
    0xbf, 0xff, 0xf4, 0x0, 0x0, 0xef, 0xff, 0xf1,
    0xbf, 0xff, 0xf4, 0x0, 0x0, 0xef, 0xff, 0xf1,
    0xbf, 0xff, 0xf4, 0x0, 0x0, 0xef, 0xff, 0xf1,
    0xbf, 0xff, 0xf4, 0x0, 0x0, 0xef, 0xff, 0xf1,
    0xbf, 0xff, 0xf4, 0x0, 0x0, 0xef, 0xff, 0xf1,
    0xbf, 0xff, 0xf4, 0x0, 0x0, 0xef, 0xff, 0xf1,
    0xbf, 0xff, 0xf4, 0x0, 0x0, 0xef, 0xff, 0xf1,
    0xbf, 0xff, 0xf4, 0x0, 0x0, 0xef, 0xff, 0xf1,
    0xbf, 0xff, 0xf4, 0x0, 0x0, 0xef, 0xff, 0xf1,
    0xbf, 0xff, 0xf4, 0x0, 0x0, 0xef, 0xff, 0xf1,
    0xbf, 0xff, 0xf4, 0x0, 0x0, 0xef, 0xff, 0xf1,
    0xbf, 0xff, 0xf4, 0x0, 0x0, 0xef, 0xff, 0xf1,
    0xbf, 0xff, 0xf4, 0x0, 0x0, 0xef, 0xff, 0xf1,
    0xbf, 0xff, 0xf4, 0x0, 0x0, 0xef, 0xff, 0xf1,
    0xbf, 0xff, 0xf4, 0x0, 0x0, 0xef, 0xff, 0xf1,
    0xaf, 0xff, 0xf4, 0x0, 0x0, 0xdf, 0xff, 0xf1,

    /* U+F04D "" */
    0x34, 0x44, 0x44, 0x44, 0x44, 0x44, 0x44, 0x41,
    0xbf, 0xff, 0xff, 0xff, 0xff, 0xff, 0xff, 0xf4,
    0xbf, 0xff, 0xff, 0xff, 0xff, 0xff, 0xff, 0xf4,
    0xbf, 0xff, 0xff, 0xff, 0xff, 0xff, 0xff, 0xf4,
    0xbf, 0xff, 0xff, 0xff, 0xff, 0xff, 0xff, 0xf4,
    0xbf, 0xff, 0xff, 0xff, 0xff, 0xff, 0xff, 0xf4,
    0xbf, 0xff, 0xff, 0xff, 0xff, 0xff, 0xff, 0xf4,
    0xbf, 0xff, 0xff, 0xff, 0xff, 0xff, 0xff, 0xf4,
    0xbf, 0xff, 0xff, 0xff, 0xff, 0xff, 0xff, 0xf4,
    0xbf, 0xff, 0xff, 0xff, 0xff, 0xff, 0xff, 0xf4,
    0xbf, 0xff, 0xff, 0xff, 0xff, 0xff, 0xff, 0xf4,
    0xbf, 0xff, 0xff, 0xff, 0xff, 0xff, 0xff, 0xf4,
    0xbf, 0xff, 0xff, 0xff, 0xff, 0xff, 0xff, 0xf4,
    0xbf, 0xff, 0xff, 0xff, 0xff, 0xff, 0xff, 0xf4,
    0xbf, 0xff, 0xff, 0xff, 0xff, 0xff, 0xff, 0xf4,
    0x8b, 0xbb, 0xbb, 0xbb, 0xbb, 0xbb, 0xbb, 0xb3,

    /* U+F051 "" */
    0x0, 0x0, 0x0, 0x0, 0x0, 0x0, 0x4, 0x42,
    0x79, 0x0, 0x0, 0x0, 0x0, 0x0, 0xf, 0xf8,
    0x8f, 0xd2, 0x0, 0x0, 0x0, 0x0, 0xf, 0xf8,
    0x8f, 0xff, 0x70, 0x0, 0x0, 0x0, 0xf, 0xf8,
    0x8f, 0xff, 0xfb, 0x10, 0x0, 0x0, 0xf, 0xf8,
    0x8f, 0xff, 0xff, 0xe5, 0x0, 0x0, 0xf, 0xf8,
    0x8f, 0xff, 0xff, 0xff, 0x90, 0x0, 0xf, 0xf8,
    0x8f, 0xff, 0xff, 0xff, 0xfd, 0x30, 0xf, 0xf8,
    0x8f, 0xff, 0xff, 0xff, 0xff, 0xa0, 0xf, 0xf8,
    0x8f, 0xff, 0xff, 0xff, 0xf5, 0x0, 0xf, 0xf8,
    0x8f, 0xff, 0xff, 0xfc, 0x10, 0x0, 0xf, 0xf8,
    0x8f, 0xff, 0xff, 0x70, 0x0, 0x0, 0xf, 0xf8,
    0x8f, 0xff, 0xd3, 0x0, 0x0, 0x0, 0xf, 0xf8,
    0x8f, 0xf9, 0x0, 0x0, 0x0, 0x0, 0xf, 0xf8,
    0x8e, 0x40, 0x0, 0x0, 0x0, 0x0, 0xf, 0xf8,
    0x41, 0x0, 0x0, 0x0, 0x0, 0x0, 0xb, 0xb5,

    /* U+F057 "" */
    0x0, 0x0, 0x0, 0x0, 0x1, 0x68, 0xaa, 0x97,
    0x30, 0x0, 0x0, 0x0, 0x0, 0x0, 0x0, 0x0,
    0x4, 0xcf, 0xff, 0xff, 0xff, 0xfe, 0x80, 0x0,
    0x0, 0x0, 0x0, 0x0, 0x1, 0xbf, 0xff, 0xff,
    0xff, 0xff, 0xff, 0xfe, 0x50, 0x0, 0x0, 0x0,
    0x0, 0x2d, 0xff, 0xff, 0xff, 0xff, 0xff, 0xff,
    0xff, 0xf7, 0x0, 0x0, 0x0, 0x2, 0xef, 0xff,
    0xff, 0xff, 0xff, 0xff, 0xff, 0xff, 0xff, 0x70,
    0x0, 0x0, 0xd, 0xff, 0xff, 0xff, 0xff, 0xff,
    0xff, 0xff, 0xff, 0xff, 0xf5, 0x0, 0x0, 0x8f,
    0xff, 0xff, 0xcf, 0xff, 0xff, 0xff, 0xfc, 0xff,
    0xff, 0xfe, 0x0, 0x1, 0xff, 0xff, 0xfb, 0x5,
    0xff, 0xff, 0xff, 0xb0, 0x4f, 0xff, 0xff, 0x80,
    0x8, 0xff, 0xff, 0xf4, 0x0, 0x5f, 0xff, 0xfb,
    0x0, 0xc, 0xff, 0xff, 0xe0, 0xc, 0xff, 0xff,
    0xff, 0x30, 0x5, 0xff, 0xb0, 0x0, 0xbf, 0xff,
    0xff, 0xf3, 0xf, 0xff, 0xff, 0xff, 0xf3, 0x0,
    0x5b, 0x0, 0xb, 0xff, 0xff, 0xff, 0xf7, 0x2f,
    0xff, 0xff, 0xff, 0xff, 0x30, 0x0, 0x0, 0xbf,
    0xff, 0xff, 0xff, 0xf9, 0x3f, 0xff, 0xff, 0xff,
    0xff, 0xf2, 0x0, 0xb, 0xff, 0xff, 0xff, 0xff,
    0xfa, 0x3f, 0xff, 0xff, 0xff, 0xff, 0xb0, 0x0,
    0x5, 0xff, 0xff, 0xff, 0xff, 0xfa, 0x1f, 0xff,
    0xff, 0xff, 0xfb, 0x0, 0x2, 0x0, 0x5f, 0xff,
    0xff, 0xff, 0xf8, 0xf, 0xff, 0xff, 0xff, 0xb0,
    0x0, 0xbf, 0x30, 0x5, 0xff, 0xff, 0xff, 0xf6,
    0xa, 0xff, 0xff, 0xfb, 0x0, 0xb, 0xff, 0xf3,
    0x0, 0x5f, 0xff, 0xff, 0xf1, 0x5, 0xff, 0xff,
    0xf3, 0x0, 0xbf, 0xff, 0xff, 0x30, 0xc, 0xff,
    0xff, 0xc0, 0x0, 0xdf, 0xff, 0xff, 0x3b, 0xff,
    0xff, 0xff, 0xf4, 0xbf, 0xff, 0xff, 0x40, 0x0,
    0x4f, 0xff, 0xff, 0xff, 0xff, 0xff, 0xff, 0xff,
    0xff, 0xff, 0xfb, 0x0, 0x0, 0x8, 0xff, 0xff,
    0xff, 0xff, 0xff, 0xff, 0xff, 0xff, 0xff, 0xd1,
    0x0, 0x0, 0x0, 0xaf, 0xff, 0xff, 0xff, 0xff,
    0xff, 0xff, 0xff, 0xfe, 0x20, 0x0, 0x0, 0x0,
    0x8, 0xff, 0xff, 0xff, 0xff, 0xff, 0xff, 0xff,
    0xd2, 0x0, 0x0, 0x0, 0x0, 0x0, 0x4d, 0xff,
    0xff, 0xff, 0xff, 0xff, 0xf8, 0x0, 0x0, 0x0,
    0x0, 0x0, 0x0, 0x0, 0x5a, 0xff, 0xff, 0xff,
    0xc8, 0x10, 0x0, 0x0, 0x0, 0x0, 0x0, 0x0,
    0x0, 0x0, 0x1, 0x33, 0x20, 0x0, 0x0, 0x0,
    0x0, 0x0,

    /* U+F058 "" */
    0x0, 0x0, 0x0, 0x0, 0x1, 0x68, 0xaa, 0x97,
    0x30, 0x0, 0x0, 0x0, 0x0, 0x0, 0x0, 0x0,
    0x4, 0xcf, 0xff, 0xff, 0xff, 0xfe, 0x80, 0x0,
    0x0, 0x0, 0x0, 0x0, 0x1, 0xbf, 0xff, 0xff,
    0xff, 0xff, 0xff, 0xfe, 0x50, 0x0, 0x0, 0x0,
    0x0, 0x2d, 0xff, 0xff, 0xff, 0xff, 0xff, 0xff,
    0xff, 0xf7, 0x0, 0x0, 0x0, 0x2, 0xef, 0xff,
    0xff, 0xff, 0xff, 0xff, 0xff, 0xff, 0xff, 0x70,
    0x0, 0x0, 0xd, 0xff, 0xff, 0xff, 0xff, 0xff,
    0xff, 0xff, 0xff, 0xff, 0xf5, 0x0, 0x0, 0x8f,
    0xff, 0xff, 0xff, 0xff, 0xff, 0xff, 0xff, 0xfa,
    0x5f, 0xfe, 0x0, 0x1, 0xff, 0xff, 0xff, 0xff,
    0xff, 0xff, 0xff, 0xff, 0xa0, 0x6, 0xff, 0x80,
    0x8, 0xff, 0xff, 0xff, 0xff, 0xff, 0xff, 0xff,
    0xfa, 0x0, 0xb, 0xff, 0xe0, 0xc, 0xff, 0xff,
    0xff, 0xff, 0xff, 0xff, 0xff, 0xa0, 0x0, 0xbf,
    0xff, 0xf3, 0xf, 0xff, 0xff, 0xff, 0xff, 0xff,
    0xff, 0xfa, 0x0, 0xb, 0xff, 0xff, 0xf7, 0x2f,
    0xff, 0xfb, 0x5f, 0xff, 0xff, 0xff, 0xa0, 0x0,
    0xbf, 0xff, 0xff, 0xf9, 0x3f, 0xff, 0xc0, 0x4,
    0xff, 0xff, 0xfa, 0x0, 0xb, 0xff, 0xff, 0xff,
    0xfa, 0x3f, 0xff, 0xf3, 0x0, 0x4f, 0xff, 0xa0,
    0x0, 0xbf, 0xff, 0xff, 0xff, 0xfa, 0x1f, 0xff,
    0xff, 0x30, 0x4, 0xfa, 0x0, 0xb, 0xff, 0xff,
    0xff, 0xff, 0xf8, 0xf, 0xff, 0xff, 0xf3, 0x0,
    0x30, 0x0, 0xbf, 0xff, 0xff, 0xff, 0xff, 0xf6,
    0xa, 0xff, 0xff, 0xff, 0x30, 0x0, 0xb, 0xff,
    0xff, 0xff, 0xff, 0xff, 0xf1, 0x5, 0xff, 0xff,
    0xff, 0xf3, 0x0, 0xbf, 0xff, 0xff, 0xff, 0xff,
    0xff, 0xc0, 0x0, 0xdf, 0xff, 0xff, 0xff, 0x3b,
    0xff, 0xff, 0xff, 0xff, 0xff, 0xff, 0x40, 0x0,
    0x4f, 0xff, 0xff, 0xff, 0xff, 0xff, 0xff, 0xff,
    0xff, 0xff, 0xfb, 0x0, 0x0, 0x8, 0xff, 0xff,
    0xff, 0xff, 0xff, 0xff, 0xff, 0xff, 0xff, 0xd1,
    0x0, 0x0, 0x0, 0xaf, 0xff, 0xff, 0xff, 0xff,
    0xff, 0xff, 0xff, 0xfe, 0x20, 0x0, 0x0, 0x0,
    0x8, 0xff, 0xff, 0xff, 0xff, 0xff, 0xff, 0xff,
    0xd2, 0x0, 0x0, 0x0, 0x0, 0x0, 0x4d, 0xff,
    0xff, 0xff, 0xff, 0xff, 0xf8, 0x0, 0x0, 0x0,
    0x0, 0x0, 0x0, 0x0, 0x5a, 0xff, 0xff, 0xff,
    0xc8, 0x10, 0x0, 0x0, 0x0, 0x0, 0x0, 0x0,
    0x0, 0x0, 0x1, 0x33, 0x20, 0x0, 0x0, 0x0,
    0x0, 0x0,

    /* U+F059 "" */
    0x0, 0x0, 0x0, 0x0, 0x1, 0x57, 0x88, 0x75,
    0x10, 0x0, 0x0, 0x0, 0x0, 0x0, 0x0, 0x0,
    0x4, 0xcf, 0xff, 0xff, 0xff, 0xfc, 0x40, 0x0,
    0x0, 0x0, 0x0, 0x0, 0x1, 0xbf, 0xff, 0xff,
    0xff, 0xff, 0xff, 0xfb, 0x10, 0x0, 0x0, 0x0,
    0x0, 0x3e, 0xff, 0xff, 0xff, 0xff, 0xff, 0xff,
    0xff, 0xe3, 0x0, 0x0, 0x0, 0x3, 0xff, 0xff,
    0xff, 0xd6, 0x33, 0x6d, 0xff, 0xff, 0xff, 0x20,
    0x0, 0x0, 0x1e, 0xff, 0xff, 0xfb, 0x0, 0x0,
    0x0, 0xaf, 0xff, 0xff, 0xd1, 0x0, 0x0, 0xaf,
    0xff, 0xff, 0xd0, 0x0, 0x0, 0x0, 0xd, 0xff,
    0xff, 0xfa, 0x0, 0x3, 0xff, 0xff, 0xff, 0x60,
    0xa, 0xfe, 0x40, 0x5, 0xff, 0xff, 0xff, 0x30,
    0xa, 0xff, 0xff, 0xff, 0x10, 0x7f, 0xff, 0xf1,
    0x1, 0xff, 0xff, 0xff, 0xa0, 0xe, 0xff, 0xff,
    0xff, 0x88, 0xdf, 0xff, 0xf3, 0x0, 0xff, 0xff,
    0xff, 0xe0, 0x3f, 0xff, 0xff, 0xff, 0xff, 0xff,
    0xff, 0xf1, 0x3, 0xff, 0xff, 0xff, 0xf3, 0x5f,
    0xff, 0xff, 0xff, 0xff, 0xff, 0xff, 0x50, 0xb,
    0xff, 0xff, 0xff, 0xf5, 0x6f, 0xff, 0xff, 0xff,
    0xff, 0xff, 0xf6, 0x0, 0x8f, 0xff, 0xff, 0xff,
    0xf6, 0x7f, 0xff, 0xff, 0xff, 0xff, 0xff, 0xa0,
    0x6, 0xff, 0xff, 0xff, 0xff, 0xf7, 0x5f, 0xff,
    0xff, 0xff, 0xff, 0xff, 0x20, 0x2f, 0xff, 0xff,
    0xff, 0xff, 0xf5, 0x3f, 0xff, 0xff, 0xff, 0xff,
    0xfd, 0x0, 0x8f, 0xff, 0xff, 0xff, 0xff, 0xf3,
    0xf, 0xff, 0xff, 0xff, 0xff, 0xfc, 0x0, 0xbf,
    0xff, 0xff, 0xff, 0xff, 0xf0, 0xb, 0xff, 0xff,
    0xff, 0xff, 0xff, 0xff, 0xff, 0xff, 0xff, 0xff,
    0xff, 0xa0, 0x4, 0xff, 0xff, 0xff, 0xff, 0xff,
    0xff, 0xff, 0xff, 0xff, 0xff, 0xff, 0x30, 0x0,
    0xbf, 0xff, 0xff, 0xff, 0xfe, 0x77, 0xef, 0xff,
    0xff, 0xff, 0xfb, 0x0, 0x0, 0x2e, 0xff, 0xff,
    0xff, 0xfc, 0x0, 0xcf, 0xff, 0xff, 0xff, 0xe2,
    0x0, 0x0, 0x4, 0xff, 0xff, 0xff, 0xfc, 0x0,
    0xcf, 0xff, 0xff, 0xff, 0x30, 0x0, 0x0, 0x0,
    0x4f, 0xff, 0xff, 0xff, 0xff, 0xff, 0xff, 0xff,
    0xf4, 0x0, 0x0, 0x0, 0x0, 0x2, 0xdf, 0xff,
    0xff, 0xff, 0xff, 0xff, 0xfd, 0x20, 0x0, 0x0,
    0x0, 0x0, 0x0, 0x6, 0xdf, 0xff, 0xff, 0xff,
    0xfd, 0x60, 0x0, 0x0, 0x0, 0x0, 0x0, 0x0,
    0x0, 0x2, 0x79, 0xaa, 0x97, 0x20, 0x0, 0x0,
    0x0, 0x0,

    /* U+F05A "" */
    0x0, 0x0, 0x0, 0x0, 0x0, 0x1, 0x33, 0x20,
    0x0, 0x0, 0x0, 0x0, 0x0, 0x0, 0x0, 0x0,
    0x0, 0x5a, 0xff, 0xff, 0xff, 0xd8, 0x20, 0x0,
    0x0, 0x0, 0x0, 0x0, 0x0, 0x5d, 0xff, 0xff,
    0xff, 0xff, 0xff, 0xf9, 0x10, 0x0, 0x0, 0x0,
    0x0, 0x9, 0xff, 0xff, 0xff, 0xff, 0xff, 0xff,
    0xff, 0xe3, 0x0, 0x0, 0x0, 0x0, 0xbf, 0xff,
    0xff, 0xff, 0xff, 0xff, 0xff, 0xff, 0xff, 0x40,
    0x0, 0x0, 0xa, 0xff, 0xff, 0xff, 0xff, 0xff,
    0xff, 0xff, 0xff, 0xff, 0xf3, 0x0, 0x0, 0x6f,
    0xff, 0xff, 0xff, 0xff, 0xff, 0xff, 0xff, 0xff,
    0xff, 0xfe, 0x0, 0x0, 0xef, 0xff, 0xff, 0xff,
    0xfe, 0x0, 0x6f, 0xff, 0xff, 0xff, 0xff, 0x70,
    0x7, 0xff, 0xff, 0xff, 0xff, 0xfe, 0x0, 0x6f,
    0xff, 0xff, 0xff, 0xff, 0xf0, 0xc, 0xff, 0xff,
    0xff, 0xff, 0xff, 0x99, 0xbf, 0xff, 0xff, 0xff,
    0xff, 0xf4, 0x1f, 0xff, 0xff, 0xff, 0xff, 0xff,
    0xff, 0xff, 0xff, 0xff, 0xff, 0xff, 0xf9, 0x3f,
    0xff, 0xff, 0xff, 0xff, 0xff, 0xff, 0xff, 0xff,
    0xff, 0xff, 0xff, 0xfb, 0x4f, 0xff, 0xff, 0xff,
    0xff, 0xfe, 0x0, 0x6f, 0xff, 0xff, 0xff, 0xff,
    0xfc, 0x4f, 0xff, 0xff, 0xff, 0xff, 0xfe, 0x0,
    0x6f, 0xff, 0xff, 0xff, 0xff, 0xfc, 0x3f, 0xff,
    0xff, 0xff, 0xff, 0xfe, 0x0, 0x6f, 0xff, 0xff,
    0xff, 0xff, 0xfb, 0x1f, 0xff, 0xff, 0xff, 0xff,
    0xfe, 0x0, 0x6f, 0xff, 0xff, 0xff, 0xff, 0xf9,
    0xc, 0xff, 0xff, 0xff, 0xff, 0xfe, 0x0, 0x6f,
    0xff, 0xff, 0xff, 0xff, 0xf4, 0x7, 0xff, 0xff,
    0xff, 0xff, 0xfe, 0x0, 0x6f, 0xff, 0xff, 0xff,
    0xff, 0xf0, 0x0, 0xef, 0xff, 0xff, 0xff, 0xfe,
    0x0, 0x6f, 0xff, 0xff, 0xff, 0xff, 0x70, 0x0,
    0x6f, 0xff, 0xff, 0xff, 0xff, 0xff, 0xff, 0xff,
    0xff, 0xff, 0xfe, 0x0, 0x0, 0xa, 0xff, 0xff,
    0xff, 0xff, 0xff, 0xff, 0xff, 0xff, 0xff, 0xf3,
    0x0, 0x0, 0x0, 0xbf, 0xff, 0xff, 0xff, 0xff,
    0xff, 0xff, 0xff, 0xff, 0x40, 0x0, 0x0, 0x0,
    0x9, 0xff, 0xff, 0xff, 0xff, 0xff, 0xff, 0xff,
    0xe3, 0x0, 0x0, 0x0, 0x0, 0x0, 0x5d, 0xff,
    0xff, 0xff, 0xff, 0xff, 0xfa, 0x10, 0x0, 0x0,
    0x0, 0x0, 0x0, 0x0, 0x5a, 0xff, 0xff, 0xff,
    0xd8, 0x20, 0x0, 0x0, 0x0, 0x0, 0x0, 0x0,
    0x0, 0x0, 0x1, 0x33, 0x21, 0x0, 0x0, 0x0,
    0x0, 0x0,

    /* U+F060 "" */
    0x0, 0x0, 0x0, 0x0, 0x0, 0x0, 0x0, 0x0,
    0x0, 0x0, 0x0, 0x0, 0x0, 0x0, 0x0, 0x0,
    0x88, 0x0, 0x0, 0x0, 0x0, 0x0, 0x0, 0x0,
    0x0, 0x0, 0x8, 0xff, 0x70, 0x0, 0x0, 0x0,
    0x0, 0x0, 0x0, 0x0, 0x0, 0x8f, 0xfe, 0x20,
    0x0, 0x0, 0x0, 0x0, 0x0, 0x0, 0x0, 0x8,
    0xff, 0xe2, 0x0, 0x0, 0x0, 0x0, 0x0, 0x0,
    0x0, 0x0, 0x8f, 0xfe, 0x20, 0x0, 0x0, 0x0,
    0x0, 0x0, 0x0, 0x0, 0x8, 0xff, 0xe2, 0x0,
    0x0, 0x0, 0x0, 0x0, 0x0, 0x0, 0x0, 0x8f,
    0xfe, 0x20, 0x0, 0x0, 0x0, 0x0, 0x0, 0x0,
    0x0, 0x8, 0xff, 0xe2, 0x0, 0x0, 0x0, 0x0,
    0x0, 0x0, 0x0, 0x0, 0x8f, 0xff, 0x63, 0x33,
    0x33, 0x33, 0x33, 0x33, 0x33, 0x30, 0x8, 0xff,
    0xff, 0xff, 0xff, 0xff, 0xff, 0xff, 0xff, 0xff,
    0xf0, 0x8, 0xff, 0xff, 0xff, 0xff, 0xff, 0xff,
    0xff, 0xff, 0xff, 0xf0, 0x0, 0x8f, 0xff, 0x63,
    0x33, 0x33, 0x33, 0x33, 0x33, 0x33, 0x30, 0x0,
    0x8, 0xff, 0xe2, 0x0, 0x0, 0x0, 0x0, 0x0,
    0x0, 0x0, 0x0, 0x0, 0x8f, 0xfe, 0x20, 0x0,
    0x0, 0x0, 0x0, 0x0, 0x0, 0x0, 0x0, 0x8,
    0xff, 0xe2, 0x0, 0x0, 0x0, 0x0, 0x0, 0x0,
    0x0, 0x0, 0x0, 0x8f, 0xfe, 0x20, 0x0, 0x0,
    0x0, 0x0, 0x0, 0x0, 0x0, 0x0, 0x8, 0xff,
    0xe2, 0x0, 0x0, 0x0, 0x0, 0x0, 0x0, 0x0,
    0x0, 0x0, 0x8f, 0xfe, 0x20, 0x0, 0x0, 0x0,
    0x0, 0x0, 0x0, 0x0, 0x0, 0x8, 0xff, 0x70,
    0x0, 0x0, 0x0, 0x0, 0x0, 0x0, 0x0, 0x0,
    0x0, 0x88, 0x0, 0x0, 0x0, 0x0, 0x0, 0x0,
    0x0, 0x0, 0x0, 0x0, 0x0, 0x0, 0x0, 0x0,
    0x0, 0x0,

    /* U+F061 "" */
    0x0, 0x0, 0x0, 0x0, 0x0, 0x0, 0x0, 0x0,
    0x0, 0x0, 0x0, 0x0, 0x0, 0x0, 0x0, 0x0,
    0x88, 0x0, 0x0, 0x0, 0x0, 0x0, 0x0, 0x0,
    0x0, 0x0, 0x7, 0xff, 0x80, 0x0, 0x0, 0x0,
    0x0, 0x0, 0x0, 0x0, 0x0, 0x1, 0xdf, 0xf8,
    0x0, 0x0, 0x0, 0x0, 0x0, 0x0, 0x0, 0x0,
    0x0, 0x1e, 0xff, 0x80, 0x0, 0x0, 0x0, 0x0,
    0x0, 0x0, 0x0, 0x0, 0x2, 0xef, 0xf8, 0x0,
    0x0, 0x0, 0x0, 0x0, 0x0, 0x0, 0x0, 0x0,
    0x2e, 0xff, 0x80, 0x0, 0x0, 0x0, 0x0, 0x0,
    0x0, 0x0, 0x0, 0x2, 0xef, 0xf8, 0x0, 0x0,
    0x0, 0x0, 0x0, 0x0, 0x0, 0x0, 0x0, 0x2e,
    0xff, 0x80, 0x0, 0x3, 0x33, 0x33, 0x33, 0x33,
    0x33, 0x33, 0x36, 0xff, 0xf8, 0x0, 0xf, 0xff,
    0xff, 0xff, 0xff, 0xff, 0xff, 0xff, 0xff, 0xff,
    0x80, 0xf, 0xff, 0xff, 0xff, 0xff, 0xff, 0xff,
    0xff, 0xff, 0xff, 0x80, 0x3, 0x33, 0x33, 0x33,
    0x33, 0x33, 0x33, 0x36, 0xff, 0xf8, 0x0, 0x0,
    0x0, 0x0, 0x0, 0x0, 0x0, 0x0, 0x2e, 0xff,
    0x80, 0x0, 0x0, 0x0, 0x0, 0x0, 0x0, 0x0,
    0x2, 0xef, 0xf8, 0x0, 0x0, 0x0, 0x0, 0x0,
    0x0, 0x0, 0x0, 0x2e, 0xff, 0x80, 0x0, 0x0,
    0x0, 0x0, 0x0, 0x0, 0x0, 0x2, 0xef, 0xf8,
    0x0, 0x0, 0x0, 0x0, 0x0, 0x0, 0x0, 0x0,
    0x1e, 0xff, 0x80, 0x0, 0x0, 0x0, 0x0, 0x0,
    0x0, 0x0, 0x1, 0xdf, 0xf8, 0x0, 0x0, 0x0,
    0x0, 0x0, 0x0, 0x0, 0x0, 0x7, 0xff, 0x80,
    0x0, 0x0, 0x0, 0x0, 0x0, 0x0, 0x0, 0x0,
    0x0, 0x88, 0x0, 0x0, 0x0, 0x0, 0x0, 0x0,
    0x0, 0x0, 0x0, 0x0, 0x0, 0x0, 0x0, 0x0,
    0x0, 0x0,

    /* U+F062 "" */
    0x0, 0x0, 0x0, 0x0, 0x0, 0x0, 0x0, 0x0,
    0x0, 0x0, 0x0, 0x0, 0x0, 0x0, 0x0, 0x0,
    0x88, 0x0, 0x0, 0x0, 0x0, 0x0, 0x0, 0x0,
    0x0, 0x0, 0x8, 0xff, 0x80, 0x0, 0x0, 0x0,
    0x0, 0x0, 0x0, 0x0, 0x0, 0x8f, 0xff, 0xf8,
    0x0, 0x0, 0x0, 0x0, 0x0, 0x0, 0x0, 0x8,
    0xff, 0xff, 0xff, 0x80, 0x0, 0x0, 0x0, 0x0,
    0x0, 0x0, 0x8f, 0xff, 0xff, 0xff, 0xf8, 0x0,
    0x0, 0x0, 0x0, 0x0, 0x8, 0xff, 0xe6, 0xff,
    0x6e, 0xff, 0x80, 0x0, 0x0, 0x0, 0x0, 0x8f,
    0xfe, 0x23, 0xff, 0x32, 0xef, 0xf8, 0x0, 0x0,
    0x0, 0x8, 0xff, 0xe2, 0x3, 0xff, 0x30, 0x2e,
    0xff, 0x80, 0x0, 0x0, 0x8f, 0xfe, 0x20, 0x3,
    0xff, 0x30, 0x2, 0xef, 0xf8, 0x0, 0x8, 0xff,
    0xe2, 0x0, 0x3, 0xff, 0x30, 0x0, 0x2e, 0xff,
    0x80, 0x8, 0xfd, 0x10, 0x0, 0x3, 0xff, 0x30,
    0x0, 0x2, 0xef, 0x80, 0x0, 0x71, 0x0, 0x0,
    0x3, 0xff, 0x30, 0x0, 0x0, 0x26, 0x0, 0x0,
    0x0, 0x0, 0x0, 0x3, 0xff, 0x30, 0x0, 0x0,
    0x0, 0x0, 0x0, 0x0, 0x0, 0x0, 0x3, 0xff,
    0x30, 0x0, 0x0, 0x0, 0x0, 0x0, 0x0, 0x0,
    0x0, 0x3, 0xff, 0x30, 0x0, 0x0, 0x0, 0x0,
    0x0, 0x0, 0x0, 0x0, 0x3, 0xff, 0x30, 0x0,
    0x0, 0x0, 0x0, 0x0, 0x0, 0x0, 0x0, 0x3,
    0xff, 0x30, 0x0, 0x0, 0x0, 0x0, 0x0, 0x0,
    0x0, 0x0, 0x3, 0xff, 0x30, 0x0, 0x0, 0x0,
    0x0, 0x0, 0x0, 0x0, 0x0, 0x3, 0xff, 0x30,
    0x0, 0x0, 0x0, 0x0, 0x0, 0x0, 0x0, 0x0,
    0x3, 0xff, 0x30, 0x0, 0x0, 0x0, 0x0, 0x0,
    0x0, 0x0, 0x0, 0x0, 0x0, 0x0, 0x0, 0x0,
    0x0, 0x0,

    /* U+F063 "" */
    0x0, 0x0, 0x0, 0x0, 0x0, 0x0, 0x0, 0x0,
    0x0, 0x0, 0x0, 0x0, 0x0, 0x0, 0x0, 0x3,
    0xff, 0x30, 0x0, 0x0, 0x0, 0x0, 0x0, 0x0,
    0x0, 0x0, 0x3, 0xff, 0x30, 0x0, 0x0, 0x0,
    0x0, 0x0, 0x0, 0x0, 0x0, 0x3, 0xff, 0x30,
    0x0, 0x0, 0x0, 0x0, 0x0, 0x0, 0x0, 0x0,
    0x3, 0xff, 0x30, 0x0, 0x0, 0x0, 0x0, 0x0,
    0x0, 0x0, 0x0, 0x3, 0xff, 0x30, 0x0, 0x0,
    0x0, 0x0, 0x0, 0x0, 0x0, 0x0, 0x3, 0xff,
    0x30, 0x0, 0x0, 0x0, 0x0, 0x0, 0x0, 0x0,
    0x0, 0x3, 0xff, 0x30, 0x0, 0x0, 0x0, 0x0,
    0x0, 0x0, 0x0, 0x0, 0x3, 0xff, 0x30, 0x0,
    0x0, 0x0, 0x0, 0x0, 0x62, 0x0, 0x0, 0x3,
    0xff, 0x30, 0x0, 0x0, 0x27, 0x0, 0x8, 0xfe,
    0x20, 0x0, 0x3, 0xff, 0x30, 0x0, 0x2, 0xef,
    0x80, 0x8, 0xff, 0xe2, 0x0, 0x3, 0xff, 0x30,
    0x0, 0x2e, 0xff, 0x80, 0x0, 0x8f, 0xfe, 0x20,
    0x3, 0xff, 0x30, 0x2, 0xef, 0xf8, 0x0, 0x0,
    0x8, 0xff, 0xe2, 0x3, 0xff, 0x30, 0x2e, 0xff,
    0x80, 0x0, 0x0, 0x0, 0x8f, 0xfe, 0x23, 0xff,
    0x32, 0xef, 0xf8, 0x0, 0x0, 0x0, 0x0, 0x8,
    0xff, 0xe6, 0xff, 0x6e, 0xff, 0x80, 0x0, 0x0,
    0x0, 0x0, 0x0, 0x8f, 0xff, 0xff, 0xff, 0xf8,
    0x0, 0x0, 0x0, 0x0, 0x0, 0x0, 0x8, 0xff,
    0xff, 0xff, 0x80, 0x0, 0x0, 0x0, 0x0, 0x0,
    0x0, 0x0, 0x8f, 0xff, 0xf8, 0x0, 0x0, 0x0,
    0x0, 0x0, 0x0, 0x0, 0x0, 0x8, 0xff, 0x80,
    0x0, 0x0, 0x0, 0x0, 0x0, 0x0, 0x0, 0x0,
    0x0, 0x88, 0x0, 0x0, 0x0, 0x0, 0x0, 0x0,
    0x0, 0x0, 0x0, 0x0, 0x0, 0x0, 0x0, 0x0,
    0x0, 0x0,

    /* U+F071 "" */
    0x0, 0x0, 0x0, 0x0, 0x0, 0x0, 0x1, 0x10,
    0x0, 0x0, 0x0, 0x0, 0x0, 0x0, 0x0, 0x0,
    0x0, 0x0, 0x0, 0x0, 0x9, 0x90, 0x0, 0x0,
    0x0, 0x0, 0x0, 0x0, 0x0, 0x0, 0x0, 0x0,
    0x0, 0x0, 0x2f, 0xf2, 0x0, 0x0, 0x0, 0x0,
    0x0, 0x0, 0x0, 0x0, 0x0, 0x0, 0x0, 0x0,
    0xbf, 0xfb, 0x0, 0x0, 0x0, 0x0, 0x0, 0x0,
    0x0, 0x0, 0x0, 0x0, 0x0, 0x5, 0xff, 0xff,
    0x50, 0x0, 0x0, 0x0, 0x0, 0x0, 0x0, 0x0,
    0x0, 0x0, 0x0, 0xe, 0xff, 0xff, 0xe0, 0x0,
    0x0, 0x0, 0x0, 0x0, 0x0, 0x0, 0x0, 0x0,
    0x0, 0x8f, 0xff, 0xff, 0xf8, 0x0, 0x0, 0x0,
    0x0, 0x0, 0x0, 0x0, 0x0, 0x0, 0x1, 0xff,
    0xff, 0xff, 0xff, 0x10, 0x0, 0x0, 0x0, 0x0,
    0x0, 0x0, 0x0, 0x0, 0xa, 0xff, 0xff, 0xff,
    0xff, 0xa0, 0x0, 0x0, 0x0, 0x0, 0x0, 0x0,
    0x0, 0x0, 0x4f, 0xff, 0xff, 0xff, 0xff, 0xf4,
    0x0, 0x0, 0x0, 0x0, 0x0, 0x0, 0x0, 0x0,
    0xdf, 0xff, 0xe7, 0x7e, 0xff, 0xfd, 0x0, 0x0,
    0x0, 0x0, 0x0, 0x0, 0x0, 0x6, 0xff, 0xff,
    0xc0, 0xc, 0xff, 0xff, 0x60, 0x0, 0x0, 0x0,
    0x0, 0x0, 0x0, 0x1e, 0xff, 0xff, 0xc0, 0xc,
    0xff, 0xff, 0xe1, 0x0, 0x0, 0x0, 0x0, 0x0,
    0x0, 0x9f, 0xff, 0xff, 0xc0, 0xc, 0xff, 0xff,
    0xf9, 0x0, 0x0, 0x0, 0x0, 0x0, 0x3, 0xff,
    0xff, 0xff, 0xc0, 0xc, 0xff, 0xff, 0xff, 0x30,
    0x0, 0x0, 0x0, 0x0, 0xc, 0xff, 0xff, 0xff,
    0xe7, 0x7e, 0xff, 0xff, 0xff, 0xc0, 0x0, 0x0,
    0x0, 0x0, 0x5f, 0xff, 0xff, 0xff, 0xff, 0xff,
    0xff, 0xff, 0xff, 0xf5, 0x0, 0x0, 0x0, 0x0,
    0xef, 0xff, 0xff, 0xff, 0xff, 0xff, 0xff, 0xff,
    0xff, 0xfe, 0x0, 0x0, 0x0, 0x8, 0xff, 0xff,
    0xff, 0xff, 0xc0, 0xc, 0xff, 0xff, 0xff, 0xff,
    0x80, 0x0, 0x0, 0x2f, 0xff, 0xff, 0xff, 0xff,
    0xc0, 0xc, 0xff, 0xff, 0xff, 0xff, 0xf2, 0x0,
    0x0, 0xbf, 0xff, 0xff, 0xff, 0xff, 0xeb, 0xbe,
    0xff, 0xff, 0xff, 0xff, 0xfb, 0x0, 0x4, 0xff,
    0xff, 0xff, 0xff, 0xff, 0xff, 0xff, 0xff, 0xff,
    0xff, 0xff, 0xff, 0x40, 0xd, 0xff, 0xff, 0xff,
    0xff, 0xff, 0xff, 0xff, 0xff, 0xff, 0xff, 0xff,
    0xff, 0xd0, 0x7f, 0xff, 0xff, 0xff, 0xff, 0xff,
    0xff, 0xff, 0xff, 0xff, 0xff, 0xff, 0xff, 0xf7,
    0x0, 0x0, 0x0, 0x0, 0x0, 0x0, 0x0, 0x0,
    0x0, 0x0, 0x0, 0x0, 0x0, 0x0,

    /* U+F075 "" */
    0x0, 0x14, 0x44, 0x44, 0x44, 0x44, 0x44, 0x44,
    0x44, 0x44, 0x44, 0x43, 0x0, 0x7, 0xff, 0xff,
    0xff, 0xff, 0xff, 0xff, 0xff, 0xff, 0xff, 0xff,
    0xff, 0xd1, 0x1f, 0xff, 0xff, 0xff, 0xff, 0xff,
    0xff, 0xff, 0xff, 0xff, 0xff, 0xff, 0xf8, 0x4f,
    0xff, 0xff, 0xff, 0xff, 0xff, 0xff, 0xff, 0xff,
    0xff, 0xff, 0xff, 0xfb, 0x4f, 0xff, 0xff, 0xff,
    0xff, 0xff, 0xff, 0xff, 0xff, 0xff, 0xff, 0xff,
    0xfb, 0x4f, 0xff, 0xff, 0xff, 0xff, 0xff, 0xff,
    0xff, 0xff, 0xff, 0xff, 0xff, 0xfb, 0x4f, 0xff,
    0xff, 0xff, 0xff, 0xff, 0xff, 0xff, 0xff, 0xff,
    0xff, 0xff, 0xfb, 0x4f, 0xff, 0xff, 0xff, 0xff,
    0xff, 0xff, 0xff, 0xff, 0xff, 0xff, 0xff, 0xfb,
    0x4f, 0xff, 0xff, 0xff, 0xff, 0xff, 0xff, 0xff,
    0xff, 0xff, 0xff, 0xff, 0xfb, 0x4f, 0xff, 0xff,
    0xff, 0xff, 0xff, 0xff, 0xff, 0xff, 0xff, 0xff,
    0xff, 0xfb, 0x4f, 0xff, 0xff, 0xff, 0xff, 0xff,
    0xff, 0xff, 0xff, 0xff, 0xff, 0xff, 0xfb, 0x4f,
    0xff, 0xff, 0xff, 0xff, 0xff, 0xff, 0xff, 0xff,
    0xff, 0xff, 0xff, 0xfb, 0x4f, 0xff, 0xff, 0xff,
    0xff, 0xff, 0xff, 0xff, 0xff, 0xff, 0xff, 0xff,
    0xfb, 0x4f, 0xff, 0xff, 0xff, 0xff, 0xff, 0xff,
    0xff, 0xff, 0xff, 0xff, 0xff, 0xfb, 0x4f, 0xff,
    0xff, 0xff, 0xff, 0xff, 0xff, 0xff, 0xff, 0xff,
    0xff, 0xff, 0xfb, 0x4f, 0xff, 0xff, 0xff, 0xff,
    0xff, 0xff, 0xff, 0xff, 0xff, 0xff, 0xff, 0xfb,
    0x4f, 0xff, 0xff, 0xff, 0xff, 0xff, 0xff, 0xff,
    0xff, 0xff, 0xff, 0xff, 0xfb, 0x4f, 0xff, 0xff,
    0xff, 0xff, 0xff, 0xff, 0xff, 0xff, 0xff, 0xff,
    0xff, 0xfb, 0x4f, 0xff, 0xff, 0xff, 0xff, 0xff,
    0xff, 0xff, 0xff, 0xff, 0xff, 0xff, 0xfa, 0x4f,
    0xff, 0xff, 0xff, 0xff, 0xff, 0xff, 0xff, 0xff,
    0xff, 0xff, 0xff, 0xf4, 0x4f, 0xff, 0xfe, 0xbb,
    0xbb, 0xbb, 0xbb, 0xbb, 0xbb, 0xbb, 0xbb, 0xba,
    0x40, 0x4f, 0xff, 0xd1, 0x0, 0x0, 0x0, 0x0,
    0x0, 0x0, 0x0, 0x0, 0x0, 0x0, 0x4f, 0xfd,
    0x10, 0x0, 0x0, 0x0, 0x0, 0x0, 0x0, 0x0,
    0x0, 0x0, 0x0, 0x4f, 0xd1, 0x0, 0x0, 0x0,
    0x0, 0x0, 0x0, 0x0, 0x0, 0x0, 0x0, 0x0,
    0x4d, 0x10, 0x0, 0x0, 0x0, 0x0, 0x0, 0x0,
    0x0, 0x0, 0x0, 0x0, 0x0, 0x21, 0x0, 0x0,
    0x0, 0x0, 0x0, 0x0, 0x0, 0x0, 0x0, 0x0,
    0x0, 0x0,

    /* U+F084 "" */
    0x0, 0x0, 0x3, 0x79, 0x85, 0x0, 0x0, 0x0,
    0x0, 0x0, 0x0, 0x0, 0x0, 0x0, 0x0, 0x3,
    0xdf, 0xff, 0xff, 0xf8, 0x0, 0x0, 0x0, 0x0,
    0x0, 0x0, 0x0, 0x0, 0x0, 0x5f, 0xff, 0xff,
    0xff, 0xff, 0xb0, 0x0, 0x0, 0x0, 0x0, 0x0,
    0x0, 0x0, 0x3, 0xff, 0xff, 0xff, 0xff, 0xff,
    0xfa, 0x0, 0x0, 0x0, 0x0, 0x0, 0x0, 0x0,
    0xd, 0xff, 0xfe, 0x62, 0x4a, 0xff, 0xff, 0x40,
    0x0, 0x0, 0x0, 0x0, 0x0, 0x0, 0x5f, 0xff,
    0xd1, 0x0, 0x0, 0x7f, 0xff, 0xc4, 0x44, 0x44,
    0x44, 0x44, 0x41, 0x0, 0x9f, 0xff, 0x40, 0x0,
    0x0, 0xd, 0xff, 0xff, 0xff, 0xff, 0xff, 0xff,
    0xfe, 0x20, 0xbf, 0xff, 0x0, 0x0, 0x0, 0x9,
    0xff, 0xff, 0xff, 0xff, 0xff, 0xff, 0xff, 0xe2,
    0xbf, 0xff, 0x0, 0x0, 0x0, 0x9, 0xff, 0xff,
    0xff, 0xff, 0xff, 0xff, 0xff, 0xf6, 0x9f, 0xff,
    0x40, 0x0, 0x0, 0xd, 0xff, 0xff, 0xff, 0xff,
    0xff, 0xff, 0xff, 0x60, 0x5f, 0xff, 0xd1, 0x0,
    0x0, 0x7f, 0xff, 0xee, 0xff, 0xff, 0xef, 0xff,
    0xf6, 0x0, 0xe, 0xff, 0xfe, 0x62, 0x3a, 0xff,
    0xff, 0x71, 0xdf, 0xf7, 0x1d, 0xff, 0x50, 0x0,
    0x3, 0xff, 0xff, 0xff, 0xff, 0xff, 0xfd, 0x0,
    0x1c, 0x60, 0x1, 0xc5, 0x0, 0x0, 0x0, 0x5f,
    0xff, 0xff, 0xff, 0xff, 0xd2, 0x0, 0x0, 0x0,
    0x0, 0x0, 0x0, 0x0, 0x0, 0x3, 0xdf, 0xff,
    0xff, 0xf9, 0x10, 0x0, 0x0, 0x0, 0x0, 0x0,
    0x0, 0x0, 0x0, 0x0, 0x4, 0x79, 0x86, 0x10,
    0x0, 0x0, 0x0, 0x0, 0x0, 0x0, 0x0, 0x0,

    /* U+F095 "" */
    0x3, 0x55, 0x55, 0x50, 0x0, 0x0, 0x0, 0x0,
    0x0, 0x0, 0x0, 0x0, 0x2f, 0xff, 0xff, 0xf8,
    0x0, 0x0, 0x0, 0x0, 0x0, 0x0, 0x0, 0x0,
    0x3f, 0xff, 0xff, 0xfa, 0x0, 0x0, 0x0, 0x0,
    0x0, 0x0, 0x0, 0x0, 0x2f, 0xff, 0xff, 0xfb,
    0x0, 0x0, 0x0, 0x0, 0x0, 0x0, 0x0, 0x0,
    0x1f, 0xff, 0xff, 0xfe, 0x0, 0x0, 0x0, 0x0,
    0x0, 0x0, 0x0, 0x0, 0xe, 0xff, 0xff, 0xff,
    0x20, 0x0, 0x0, 0x0, 0x0, 0x0, 0x0, 0x0,
    0xc, 0xff, 0xff, 0xff, 0x50, 0x0, 0x0, 0x0,
    0x0, 0x0, 0x0, 0x0, 0x8, 0xff, 0xff, 0xfe,
    0x20, 0x0, 0x0, 0x0, 0x0, 0x0, 0x0, 0x0,
    0x3, 0xff, 0xff, 0xe3, 0x0, 0x0, 0x0, 0x0,
    0x0, 0x0, 0x0, 0x0, 0x0, 0xdf, 0xfe, 0x30,
    0x0, 0x0, 0x0, 0x0, 0x0, 0x0, 0x0, 0x0,
    0x0, 0x7f, 0xf7, 0x0, 0x0, 0x0, 0x0, 0x0,
    0x0, 0x0, 0x0, 0x0, 0x0, 0xe, 0xfe, 0x10,
    0x0, 0x0, 0x0, 0x0, 0x0, 0x0, 0x0, 0x0,
    0x0, 0x6, 0xff, 0x90, 0x0, 0x0, 0x0, 0x0,
    0x0, 0x0, 0x0, 0x0, 0x0, 0x0, 0xcf, 0xf5,
    0x0, 0x0, 0x0, 0x0, 0x0, 0x0, 0x0, 0x0,
    0x0, 0x0, 0x2f, 0xff, 0x30, 0x0, 0x0, 0x0,
    0x0, 0x0, 0x0, 0x0, 0x0, 0x0, 0x4, 0xff,
    0xe3, 0x0, 0x0, 0x0, 0x36, 0x30, 0x0, 0x0,
    0x0, 0x0, 0x0, 0x6f, 0xff, 0x50, 0x0, 0x5,
    0xff, 0xff, 0xdc, 0x90, 0x0, 0x0, 0x0, 0x5,
    0xff, 0xfa, 0x10, 0x5f, 0xff, 0xff, 0xff, 0xf3,
    0x0, 0x0, 0x0, 0x0, 0x4e, 0xff, 0xe9, 0xff,
    0xff, 0xff, 0xff, 0xf4, 0x0, 0x0, 0x0, 0x0,
    0x1, 0xcf, 0xff, 0xff, 0xff, 0xff, 0xff, 0xf4,
    0x0, 0x0, 0x0, 0x0, 0x0, 0x6, 0xef, 0xff,
    0xff, 0xff, 0xff, 0xf4, 0x0, 0x0, 0x0, 0x0,
    0x0, 0x0, 0x6, 0xcf, 0xff, 0xff, 0xff, 0xf4,
    0x0, 0x0, 0x0, 0x0, 0x0, 0x0, 0x0, 0x2,
    0x7a, 0xdf, 0xff, 0xf1, 0x0, 0x0, 0x0, 0x0,
    0x0, 0x0, 0x0, 0x0, 0x0, 0x0, 0x11, 0x0,

    /* U+F09C "" */
    0x0, 0x0, 0x0, 0x0, 0x5a, 0xcc, 0xa4, 0x0,
    0x0, 0x0, 0x0, 0x0, 0x0, 0x0, 0x1b, 0xff,
    0xff, 0xff, 0xb1, 0x0, 0x0, 0x0, 0x0, 0x0,
    0x0, 0xcf, 0xfd, 0x99, 0xdf, 0xfc, 0x0, 0x0,
    0x0, 0x0, 0x0, 0x8, 0xff, 0x80, 0x0, 0x8,
    0xff, 0x80, 0x0, 0x0, 0x0, 0x0, 0xe, 0xfb,
    0x0, 0x0, 0x0, 0xaf, 0xe0, 0x0, 0x0, 0x0,
    0x0, 0x2f, 0xf4, 0x0, 0x0, 0x0, 0x4f, 0xf2,
    0x0, 0x0, 0x0, 0x0, 0x17, 0x71, 0x0, 0x0,
    0x0, 0x2f, 0xf4, 0x0, 0x0, 0x0, 0x0, 0x0,
    0x0, 0x0, 0x0, 0x0, 0x2f, 0xf4, 0x0, 0x0,
    0x0, 0x0, 0x0, 0x0, 0x0, 0x0, 0x0, 0x2f,
    0xf4, 0x0, 0x0, 0x1, 0xbf, 0xff, 0xff, 0xff,
    0xff, 0xff, 0xff, 0xff, 0xfb, 0x10, 0xb, 0xff,
    0xff, 0xff, 0xff, 0xff, 0xff, 0xff, 0xff, 0xff,
    0xb0, 0xf, 0xfb, 0x77, 0x77, 0x77, 0x77, 0x77,
    0x77, 0x77, 0xbf, 0xf0, 0xf, 0xf8, 0x0, 0x0,
    0x0, 0x0, 0x0, 0x0, 0x0, 0x8f, 0xf0, 0xf,
    0xf8, 0x0, 0x0, 0x0, 0x0, 0x0, 0x0, 0x0,
    0x8f, 0xf0, 0xf, 0xf8, 0x0, 0x0, 0x0, 0x0,
    0x0, 0x0, 0x0, 0x8f, 0xf0, 0xf, 0xf8, 0x0,
    0x0, 0x6, 0xcb, 0x20, 0x0, 0x0, 0x8f, 0xf0,
    0xf, 0xf8, 0x0, 0x0, 0x6f, 0xff, 0xe0, 0x0,
    0x0, 0x8f, 0xf0, 0xf, 0xf8, 0x0, 0x0, 0xaf,
    0xff, 0xf3, 0x0, 0x0, 0x8f, 0xf0, 0xf, 0xf8,
    0x0, 0x0, 0x8f, 0xff, 0xf1, 0x0, 0x0, 0x8f,
    0xf0, 0xf, 0xf8, 0x0, 0x0, 0xb, 0xff, 0x60,
    0x0, 0x0, 0x8f, 0xf0, 0xf, 0xf8, 0x0, 0x0,
    0x0, 0x10, 0x0, 0x0, 0x0, 0x8f, 0xf0, 0xf,
    0xf8, 0x0, 0x0, 0x0, 0x0, 0x0, 0x0, 0x0,
    0x8f, 0xf0, 0xf, 0xf8, 0x0, 0x0, 0x0, 0x0,
    0x0, 0x0, 0x0, 0x8f, 0xf0, 0xf, 0xf8, 0x0,
    0x0, 0x0, 0x0, 0x0, 0x0, 0x0, 0x8f, 0xf0,
    0xe, 0xff, 0xff, 0xff, 0xff, 0xff, 0xff, 0xff,
    0xff, 0xff, 0xe0, 0x6, 0xff, 0xff, 0xff, 0xff,
    0xff, 0xff, 0xff, 0xff, 0xff, 0x60, 0x0, 0x37,
    0x77, 0x77, 0x77, 0x77, 0x77, 0x77, 0x77, 0x73,
    0x0,

    /* U+F0AC "" */
    0x0, 0x0, 0x0, 0x0, 0x0, 0x2, 0x33, 0x20,
    0x0, 0x0, 0x0, 0x0, 0x0, 0x0, 0x0, 0x0,
    0x0, 0x6b, 0xff, 0xff, 0xff, 0xb6, 0x0, 0x0,
    0x0, 0x0, 0x0, 0x0, 0x0, 0x6e, 0xff, 0xff,
    0xff, 0xff, 0xff, 0xe6, 0x0, 0x0, 0x0, 0x0,
    0x0, 0xb, 0xff, 0xff, 0xff, 0xff, 0xff, 0xff,
    0xff, 0xb0, 0x0, 0x0, 0x0, 0x1, 0xdf, 0xff,
    0xff, 0xff, 0xff, 0xff, 0xb5, 0xdf, 0xfd, 0x10,
    0x0, 0x0, 0xc, 0xff, 0xff, 0xff, 0xff, 0xff,
    0xff, 0x70, 0xa, 0xff, 0xb0, 0x0, 0x0, 0x8f,
    0xff, 0xff, 0xff, 0xff, 0xff, 0xe8, 0x0, 0x0,
    0x9f, 0xf8, 0x0, 0x1, 0xff, 0xff, 0xff, 0xff,
    0xfc, 0x0, 0x0, 0x0, 0x0, 0xc, 0xff, 0x10,
    0x9, 0xff, 0xff, 0xff, 0xff, 0xfc, 0x0, 0x0,
    0x0, 0x0, 0x2, 0xff, 0x90, 0xe, 0xff, 0xff,
    0xff, 0xff, 0xfb, 0x0, 0x0, 0x0, 0x0, 0x0,
    0xbf, 0xe0, 0x3f, 0xff, 0xff, 0xff, 0xbb, 0xa3,
    0x0, 0x0, 0x0, 0x0, 0x0, 0x5f, 0xf3, 0x5f,
    0xf6, 0xff, 0xff, 0x0, 0x0, 0x0, 0x0, 0x0,
    0x0, 0x0, 0x2f, 0xf5, 0x6f, 0xf0, 0x3f, 0xff,
    0x0, 0x0, 0x0, 0x0, 0x0, 0x0, 0x0, 0xf,
    0xf6, 0x7f, 0xf0, 0x3, 0xef, 0xdd, 0xdd, 0xdd,
    0xdd, 0x50, 0x0, 0x0, 0xf, 0xf7, 0x5f, 0xf1,
    0x0, 0x3e, 0xff, 0xff, 0xff, 0xff, 0xb0, 0x0,
    0x0, 0x1f, 0xf5, 0x3f, 0xf4, 0x0, 0x2, 0xef,
    0xff, 0xff, 0xff, 0xb0, 0x0, 0x0, 0x4f, 0xf3,
    0xf, 0xf9, 0x0, 0x0, 0x2e, 0xff, 0xff, 0xff,
    0xb0, 0x0, 0x0, 0x9f, 0xf0, 0xa, 0xff, 0x10,
    0x0, 0xc, 0xff, 0xff, 0xff, 0xb0, 0x0, 0x1,
    0xff, 0xa0, 0x3, 0xff, 0x90, 0x0, 0xa, 0xff,
    0xff, 0xff, 0xff, 0xe7, 0xa, 0xff, 0x30, 0x0,
    0xaf, 0xf6, 0x0, 0x3, 0xff, 0xff, 0xff, 0xff,
    0xff, 0xaf, 0xfa, 0x0, 0x0, 0x1e, 0xff, 0x60,
    0x0, 0x28, 0xff, 0xff, 0xff, 0xff, 0xff, 0xd1,
    0x0, 0x0, 0x2, 0xff, 0xfa, 0x10, 0x3, 0xff,
    0xff, 0xff, 0xff, 0xff, 0x20, 0x0, 0x0, 0x0,
    0x2d, 0xff, 0xfa, 0x55, 0xff, 0xff, 0xff, 0xff,
    0xd2, 0x0, 0x0, 0x0, 0x0, 0x1, 0xaf, 0xff,
    0xff, 0xff, 0xff, 0xff, 0xfa, 0x10, 0x0, 0x0,
    0x0, 0x0, 0x0, 0x3, 0xaf, 0xff, 0xff, 0xff,
    0xfa, 0x30, 0x0, 0x0, 0x0, 0x0, 0x0, 0x0,
    0x0, 0x0, 0x35, 0x77, 0x53, 0x0, 0x0, 0x0,
    0x0, 0x0,

    /* U+F0C1 "" */
    0x0, 0x0, 0x1, 0x34, 0x44, 0x43, 0x0, 0x34,
    0x44, 0x43, 0x10, 0x0, 0x0, 0x0, 0x5, 0xdf,
    0xff, 0xff, 0xfc, 0x0, 0xcf, 0xff, 0xff, 0xfd,
    0x50, 0x0, 0x0, 0x8f, 0xff, 0xff, 0xff, 0xfc,
    0x0, 0xcf, 0xff, 0xff, 0xff, 0xf8, 0x0, 0x6,
    0xff, 0xd5, 0x22, 0x22, 0x21, 0x0, 0x12, 0x22,
    0x22, 0x5d, 0xff, 0x60, 0xe, 0xfc, 0x0, 0x0,
    0x0, 0x0, 0x0, 0x0, 0x0, 0x0, 0x0, 0xcf,
    0xe0, 0x4f, 0xf2, 0x0, 0x0, 0x33, 0x33, 0x33,
    0x33, 0x33, 0x0, 0x0, 0x3f, 0xf4, 0x7f, 0xe0,
    0x0, 0x0, 0xff, 0xff, 0xff, 0xff, 0xff, 0x0,
    0x0, 0xe, 0xf6, 0x7f, 0xe0, 0x0, 0x0, 0xff,
    0xff, 0xff, 0xff, 0xff, 0x0, 0x0, 0xe, 0xf6,
    0x4f, 0xf2, 0x0, 0x0, 0x33, 0x33, 0x33, 0x33,
    0x33, 0x0, 0x0, 0x3f, 0xf4, 0xe, 0xfc, 0x0,
    0x0, 0x0, 0x0, 0x0, 0x0, 0x0, 0x0, 0x0,
    0xcf, 0xe0, 0x6, 0xff, 0xd5, 0x22, 0x22, 0x21,
    0x0, 0x12, 0x22, 0x22, 0x5d, 0xff, 0x60, 0x0,
    0x8f, 0xff, 0xff, 0xff, 0xfc, 0x0, 0xcf, 0xff,
    0xff, 0xff, 0xf8, 0x0, 0x0, 0x5, 0xdf, 0xff,
    0xff, 0xfc, 0x0, 0xcf, 0xff, 0xff, 0xfd, 0x50,
    0x0, 0x0, 0x0, 0x2, 0x34, 0x44, 0x43, 0x0,
    0x34, 0x44, 0x43, 0x20, 0x0, 0x0,

    /* U+F0C2 "" */
    0x0, 0x0, 0x0, 0x0, 0x0, 0x0, 0x0, 0x0,
    0x0, 0x0, 0x0, 0x0, 0x0, 0x0, 0x0, 0x0,
    0x0, 0x0, 0x0, 0x0, 0x4, 0xae, 0xff, 0xd9,
    0x30, 0x0, 0x0, 0x0, 0x0, 0x0, 0x0, 0x0,
    0x0, 0x0, 0x2, 0xcf, 0xff, 0xff, 0xff, 0xfb,
    0x10, 0x0, 0x0, 0x0, 0x0, 0x0, 0x0, 0x0,
    0x0, 0x4f, 0xff, 0xff, 0xff, 0xff, 0xff, 0xe3,
    0x0, 0x0, 0x0, 0x0, 0x0, 0x0, 0x0, 0x3,
    0xff, 0xff, 0xff, 0xff, 0xff, 0xff, 0xff, 0x30,
    0x0, 0x0, 0x0, 0x0, 0x0, 0x0, 0xd, 0xff,
    0xff, 0xff, 0xff, 0xff, 0xff, 0xff, 0xe0, 0x0,
    0x0, 0x0, 0x0, 0x0, 0x4a, 0xef, 0xff, 0xff,
    0xff, 0xff, 0xff, 0xff, 0xff, 0xf8, 0x0, 0x0,
    0x0, 0x0, 0x1b, 0xff, 0xff, 0xff, 0xff, 0xff,
    0xff, 0xff, 0xff, 0xff, 0xfe, 0x0, 0x0, 0x0,
    0x1, 0xdf, 0xff, 0xff, 0xff, 0xff, 0xff, 0xff,
    0xff, 0xff, 0xff, 0xff, 0x73, 0x0, 0x0, 0xb,
    0xff, 0xff, 0xff, 0xff, 0xff, 0xff, 0xff, 0xff,
    0xff, 0xff, 0xff, 0xff, 0xd3, 0x0, 0x4f, 0xff,
    0xff, 0xff, 0xff, 0xff, 0xff, 0xff, 0xff, 0xff,
    0xff, 0xff, 0xff, 0xff, 0x40, 0xaf, 0xff, 0xff,
    0xff, 0xff, 0xff, 0xff, 0xff, 0xff, 0xff, 0xff,
    0xff, 0xff, 0xff, 0xf1, 0xef, 0xff, 0xff, 0xff,
    0xff, 0xff, 0xff, 0xff, 0xff, 0xff, 0xff, 0xff,
    0xff, 0xff, 0xf9, 0xff, 0xff, 0xff, 0xff, 0xff,
    0xff, 0xff, 0xff, 0xff, 0xff, 0xff, 0xff, 0xff,
    0xff, 0xfd, 0xef, 0xff, 0xff, 0xff, 0xff, 0xff,
    0xff, 0xff, 0xff, 0xff, 0xff, 0xff, 0xff, 0xff,
    0xff, 0xbf, 0xff, 0xff, 0xff, 0xff, 0xff, 0xff,
    0xff, 0xff, 0xff, 0xff, 0xff, 0xff, 0xff, 0xfe,
    0x6f, 0xff, 0xff, 0xff, 0xff, 0xff, 0xff, 0xff,
    0xff, 0xff, 0xff, 0xff, 0xff, 0xff, 0xfb, 0xd,
    0xff, 0xff, 0xff, 0xff, 0xff, 0xff, 0xff, 0xff,
    0xff, 0xff, 0xff, 0xff, 0xff, 0xf5, 0x2, 0xef,
    0xff, 0xff, 0xff, 0xff, 0xff, 0xff, 0xff, 0xff,
    0xff, 0xff, 0xff, 0xff, 0xb0, 0x0, 0x2d, 0xff,
    0xff, 0xff, 0xff, 0xff, 0xff, 0xff, 0xff, 0xff,
    0xff, 0xff, 0xfb, 0x0, 0x0, 0x0, 0x6b, 0xef,
    0xff, 0xff, 0xff, 0xff, 0xff, 0xff, 0xff, 0xff,
    0xfb, 0x50, 0x0, 0x0, 0x0, 0x0, 0x0, 0x0,
    0x0, 0x0, 0x0, 0x0, 0x0, 0x0, 0x0, 0x0,
    0x0, 0x0,

    /* U+F0E0 "" */
    0x0, 0x0, 0x0, 0x0, 0x0, 0x0, 0x0, 0x0,
    0x0, 0x0, 0x0, 0x0, 0x0, 0x6, 0xef, 0xff,
    0xff, 0xff, 0xff, 0xff, 0xff, 0xff, 0xff, 0xff,
    0xfe, 0x60, 0x3f, 0xff, 0xff, 0xff, 0xff, 0xff,
    0xff, 0xff, 0xff, 0xff, 0xff, 0xff, 0xf3, 0x7f,
    0xfc, 0xff, 0xff, 0xff, 0xff, 0xff, 0xff, 0xff,
    0xff, 0xff, 0xcf, 0xf7, 0x7f, 0xf0, 0x7f, 0xff,
    0xff, 0xff, 0xff, 0xff, 0xff, 0xff, 0xf7, 0xf,
    0xf7, 0x7f, 0xf0, 0x1, 0xbf, 0xff, 0xff, 0xff,
    0xff, 0xff, 0xfb, 0x10, 0xf, 0xf7, 0x7f, 0xfa,
    0x10, 0x5, 0xef, 0xff, 0xff, 0xff, 0xfe, 0x50,
    0x1, 0xaf, 0xf7, 0x7f, 0xff, 0xf6, 0x0, 0x9,
    0xff, 0xff, 0xff, 0x90, 0x0, 0x6f, 0xff, 0xf7,
    0x7f, 0xff, 0xff, 0xc3, 0x0, 0x3d, 0xff, 0xc3,
    0x0, 0x3c, 0xff, 0xff, 0xf7, 0x7f, 0xff, 0xff,
    0xff, 0x80, 0x0, 0x77, 0x0, 0x8, 0xff, 0xff,
    0xff, 0xf7, 0x7f, 0xff, 0xff, 0xff, 0xfe, 0x50,
    0x0, 0x5, 0xef, 0xff, 0xff, 0xff, 0xf7, 0x7f,
    0xff, 0xff, 0xff, 0xff, 0xfb, 0x11, 0xbf, 0xff,
    0xff, 0xff, 0xff, 0xf7, 0x7f, 0xff, 0xff, 0xff,
    0xff, 0xff, 0xff, 0xff, 0xff, 0xff, 0xff, 0xff,
    0xf7, 0x7f, 0xff, 0xff, 0xff, 0xff, 0xff, 0xff,
    0xff, 0xff, 0xff, 0xff, 0xff, 0xf7, 0x7f, 0xff,
    0xff, 0xff, 0xff, 0xff, 0xff, 0xff, 0xff, 0xff,
    0xff, 0xff, 0xf7, 0x7f, 0xff, 0xff, 0xff, 0xff,
    0xff, 0xff, 0xff, 0xff, 0xff, 0xff, 0xff, 0xf7,
    0x7f, 0xff, 0xff, 0xff, 0xff, 0xff, 0xff, 0xff,
    0xff, 0xff, 0xff, 0xff, 0xf7, 0x7f, 0xff, 0xff,
    0xff, 0xff, 0xff, 0xff, 0xff, 0xff, 0xff, 0xff,
    0xff, 0xf7, 0x7f, 0xff, 0xff, 0xff, 0xff, 0xff,
    0xff, 0xff, 0xff, 0xff, 0xff, 0xff, 0xf7, 0x3f,
    0xff, 0xff, 0xff, 0xff, 0xff, 0xff, 0xff, 0xff,
    0xff, 0xff, 0xff, 0xf3, 0x6, 0xef, 0xff, 0xff,
    0xff, 0xff, 0xff, 0xff, 0xff, 0xff, 0xff, 0xfe,
    0x60, 0x0, 0x0, 0x0, 0x0, 0x0, 0x0, 0x0,
    0x0, 0x0, 0x0, 0x0, 0x0, 0x0,

    /* U+F0ED "" */
    0x0, 0x0, 0x0, 0x0, 0x0, 0x0, 0x0, 0x0,
    0x0, 0x0, 0x0, 0x0, 0x0, 0x0, 0x0, 0x0,
    0x0, 0x0, 0x0, 0x0, 0x4, 0xae, 0xff, 0xd9,
    0x30, 0x0, 0x0, 0x0, 0x0, 0x0, 0x0, 0x0,
    0x0, 0x0, 0x2, 0xcf, 0xff, 0xff, 0xff, 0xfb,
    0x10, 0x0, 0x0, 0x0, 0x0, 0x0, 0x0, 0x0,
    0x0, 0x4f, 0xff, 0xff, 0xff, 0xff, 0xff, 0xe3,
    0x0, 0x0, 0x0, 0x0, 0x0, 0x0, 0x0, 0x3,
    0xff, 0xff, 0xff, 0xff, 0xff, 0xff, 0xff, 0x30,
    0x0, 0x0, 0x0, 0x0, 0x0, 0x0, 0xd, 0xff,
    0xff, 0xff, 0xff, 0xff, 0xff, 0xff, 0xe0, 0x0,
    0x0, 0x0, 0x0, 0x0, 0x4a, 0xef, 0xff, 0xff,
    0xff, 0xff, 0xff, 0xff, 0xff, 0xf8, 0x0, 0x0,
    0x0, 0x0, 0x1b, 0xff, 0xff, 0xff, 0xff, 0x94,
    0x44, 0x49, 0xff, 0xff, 0xfe, 0x0, 0x0, 0x0,
    0x1, 0xdf, 0xff, 0xff, 0xff, 0xff, 0x70, 0x0,
    0x7, 0xff, 0xff, 0xff, 0x73, 0x0, 0x0, 0xb,
    0xff, 0xff, 0xff, 0xff, 0xff, 0x70, 0x0, 0x7,
    0xff, 0xff, 0xff, 0xff, 0xd3, 0x0, 0x4f, 0xff,
    0xff, 0xff, 0xff, 0xff, 0x70, 0x0, 0x7, 0xff,
    0xff, 0xff, 0xff, 0xff, 0x40, 0xaf, 0xff, 0xff,
    0xff, 0xff, 0xff, 0x70, 0x0, 0x7, 0xff, 0xff,
    0xff, 0xff, 0xff, 0xf1, 0xef, 0xff, 0xff, 0xff,
    0xf5, 0x33, 0x10, 0x0, 0x1, 0x33, 0x5f, 0xff,
    0xff, 0xff, 0xf9, 0xff, 0xff, 0xff, 0xff, 0xfd,
    0x10, 0x0, 0x0, 0x0, 0x1, 0xef, 0xff, 0xff,
    0xff, 0xfd, 0xef, 0xff, 0xff, 0xff, 0xff, 0xd1,
    0x0, 0x0, 0x0, 0x1e, 0xff, 0xff, 0xff, 0xff,
    0xff, 0xbf, 0xff, 0xff, 0xff, 0xff, 0xfd, 0x10,
    0x0, 0x1, 0xef, 0xff, 0xff, 0xff, 0xff, 0xfe,
    0x6f, 0xff, 0xff, 0xff, 0xff, 0xff, 0xd1, 0x0,
    0x1e, 0xff, 0xff, 0xff, 0xff, 0xff, 0xfb, 0xd,
    0xff, 0xff, 0xff, 0xff, 0xff, 0xfd, 0x11, 0xef,
    0xff, 0xff, 0xff, 0xff, 0xff, 0xf5, 0x2, 0xef,
    0xff, 0xff, 0xff, 0xff, 0xff, 0xde, 0xff, 0xff,
    0xff, 0xff, 0xff, 0xff, 0xb0, 0x0, 0x2d, 0xff,
    0xff, 0xff, 0xff, 0xff, 0xff, 0xff, 0xff, 0xff,
    0xff, 0xff, 0xfb, 0x0, 0x0, 0x0, 0x6b, 0xef,
    0xff, 0xff, 0xff, 0xff, 0xff, 0xff, 0xff, 0xff,
    0xfb, 0x50, 0x0, 0x0, 0x0, 0x0, 0x0, 0x0,
    0x0, 0x0, 0x0, 0x0, 0x0, 0x0, 0x0, 0x0,
    0x0, 0x0,

    /* U+F0EE "" */
    0x0, 0x0, 0x0, 0x0, 0x0, 0x0, 0x0, 0x0,
    0x0, 0x0, 0x0, 0x0, 0x0, 0x0, 0x0, 0x0,
    0x0, 0x0, 0x0, 0x0, 0x4, 0xae, 0xff, 0xd9,
    0x30, 0x0, 0x0, 0x0, 0x0, 0x0, 0x0, 0x0,
    0x0, 0x0, 0x2, 0xcf, 0xff, 0xff, 0xff, 0xfb,
    0x10, 0x0, 0x0, 0x0, 0x0, 0x0, 0x0, 0x0,
    0x0, 0x4f, 0xff, 0xff, 0xff, 0xff, 0xff, 0xe3,
    0x0, 0x0, 0x0, 0x0, 0x0, 0x0, 0x0, 0x3,
    0xff, 0xff, 0xff, 0xff, 0xff, 0xff, 0xff, 0x30,
    0x0, 0x0, 0x0, 0x0, 0x0, 0x0, 0xd, 0xff,
    0xff, 0xff, 0xff, 0xff, 0xff, 0xff, 0xe0, 0x0,
    0x0, 0x0, 0x0, 0x0, 0x4a, 0xef, 0xff, 0xff,
    0xff, 0x88, 0xff, 0xff, 0xff, 0xf8, 0x0, 0x0,
    0x0, 0x0, 0x1b, 0xff, 0xff, 0xff, 0xff, 0xf8,
    0x0, 0x8f, 0xff, 0xff, 0xfe, 0x0, 0x0, 0x0,
    0x1, 0xdf, 0xff, 0xff, 0xff, 0xff, 0x80, 0x0,
    0x8, 0xff, 0xff, 0xff, 0x73, 0x0, 0x0, 0xb,
    0xff, 0xff, 0xff, 0xff, 0xf7, 0x0, 0x0, 0x0,
    0x7f, 0xff, 0xff, 0xff, 0xd3, 0x0, 0x4f, 0xff,
    0xff, 0xff, 0xff, 0x70, 0x0, 0x0, 0x0, 0x7,
    0xff, 0xff, 0xff, 0xff, 0x40, 0xaf, 0xff, 0xff,
    0xff, 0xf7, 0x0, 0x0, 0x0, 0x0, 0x0, 0x7f,
    0xff, 0xff, 0xff, 0xf1, 0xef, 0xff, 0xff, 0xff,
    0xfc, 0xcc, 0x50, 0x0, 0x5, 0xcc, 0xcf, 0xff,
    0xff, 0xff, 0xf9, 0xff, 0xff, 0xff, 0xff, 0xff,
    0xff, 0x70, 0x0, 0x7, 0xff, 0xff, 0xff, 0xff,
    0xff, 0xfd, 0xef, 0xff, 0xff, 0xff, 0xff, 0xff,
    0x70, 0x0, 0x7, 0xff, 0xff, 0xff, 0xff, 0xff,
    0xff, 0xbf, 0xff, 0xff, 0xff, 0xff, 0xff, 0x70,
    0x0, 0x7, 0xff, 0xff, 0xff, 0xff, 0xff, 0xfe,
    0x6f, 0xff, 0xff, 0xff, 0xff, 0xff, 0x70, 0x0,
    0x7, 0xff, 0xff, 0xff, 0xff, 0xff, 0xfb, 0xd,
    0xff, 0xff, 0xff, 0xff, 0xff, 0xdb, 0xbb, 0xbd,
    0xff, 0xff, 0xff, 0xff, 0xff, 0xf5, 0x2, 0xef,
    0xff, 0xff, 0xff, 0xff, 0xff, 0xff, 0xff, 0xff,
    0xff, 0xff, 0xff, 0xff, 0xb0, 0x0, 0x2d, 0xff,
    0xff, 0xff, 0xff, 0xff, 0xff, 0xff, 0xff, 0xff,
    0xff, 0xff, 0xfb, 0x0, 0x0, 0x0, 0x6b, 0xef,
    0xff, 0xff, 0xff, 0xff, 0xff, 0xff, 0xff, 0xff,
    0xfb, 0x50, 0x0, 0x0, 0x0, 0x0, 0x0, 0x0,
    0x0, 0x0, 0x0, 0x0, 0x0, 0x0, 0x0, 0x0,
    0x0, 0x0,

    /* U+F0F3 "" */
    0x0, 0x0, 0x0, 0x0, 0x3, 0xdd, 0x30, 0x0,
    0x0, 0x0, 0x0, 0x0, 0x0, 0x0, 0x0, 0xc,
    0xff, 0xc0, 0x0, 0x0, 0x0, 0x0, 0x0, 0x0,
    0x0, 0x0, 0xe, 0xff, 0xe0, 0x0, 0x0, 0x0,
    0x0, 0x0, 0x0, 0x0, 0x19, 0xff, 0xff, 0xff,
    0x91, 0x0, 0x0, 0x0, 0x0, 0x0, 0x2, 0xdf,
    0xff, 0xff, 0xff, 0xfd, 0x20, 0x0, 0x0, 0x0,
    0x0, 0xd, 0xff, 0xff, 0xff, 0xff, 0xff, 0xd0,
    0x0, 0x0, 0x0, 0x0, 0x8f, 0xff, 0xff, 0xff,
    0xff, 0xff, 0xf8, 0x0, 0x0, 0x0, 0x0, 0xef,
    0xff, 0xff, 0xff, 0xff, 0xff, 0xfe, 0x0, 0x0,
    0x0, 0x3, 0xff, 0xff, 0xff, 0xff, 0xff, 0xff,
    0xff, 0x30, 0x0, 0x0, 0x6, 0xff, 0xff, 0xff,
    0xff, 0xff, 0xff, 0xff, 0x60, 0x0, 0x0, 0x7,
    0xff, 0xff, 0xff, 0xff, 0xff, 0xff, 0xff, 0x70,
    0x0, 0x0, 0x8, 0xff, 0xff, 0xff, 0xff, 0xff,
    0xff, 0xff, 0x80, 0x0, 0x0, 0x8, 0xff, 0xff,
    0xff, 0xff, 0xff, 0xff, 0xff, 0x80, 0x0, 0x0,
    0x8, 0xff, 0xff, 0xff, 0xff, 0xff, 0xff, 0xff,
    0x80, 0x0, 0x0, 0x8, 0xff, 0xff, 0xff, 0xff,
    0xff, 0xff, 0xff, 0x80, 0x0, 0x0, 0x8, 0xff,
    0xff, 0xff, 0xff, 0xff, 0xff, 0xff, 0x80, 0x0,
    0x0, 0x8, 0xff, 0xff, 0xff, 0xff, 0xff, 0xff,
    0xff, 0x80, 0x0, 0x0, 0x2e, 0xff, 0xff, 0xff,
    0xff, 0xff, 0xff, 0xff, 0xe2, 0x0, 0x2, 0xef,
    0xff, 0xff, 0xff, 0xff, 0xff, 0xff, 0xff, 0xfe,
    0x20, 0xe, 0xff, 0xff, 0xff, 0xff, 0xff, 0xff,
    0xff, 0xff, 0xff, 0xe0, 0xa, 0xaa, 0xaa, 0xaa,
    0xaa, 0xaa, 0xaa, 0xaa, 0xaa, 0xaa, 0xa0, 0x0,
    0x0, 0x0, 0x0, 0x0, 0x0, 0x0, 0x0, 0x0,
    0x0, 0x0, 0x0, 0x0, 0x0, 0x0, 0x6f, 0xff,
    0xf6, 0x0, 0x0, 0x0, 0x0, 0x0, 0x0, 0x0,
    0x0, 0x1e, 0xff, 0xd0, 0x0, 0x0, 0x0, 0x0,
    0x0, 0x0, 0x0, 0x0, 0x1, 0x66, 0x0, 0x0,
    0x0, 0x0, 0x0,

    /* U+F100 "" */
    0x0, 0x0, 0x0, 0x3, 0x0, 0x0, 0x0, 0x2,
    0x10, 0x0, 0x0, 0x0, 0x4f, 0xb0, 0x0, 0x0,
    0x2e, 0xd1, 0x0, 0x0, 0x4, 0xff, 0xf3, 0x0,
    0x2, 0xef, 0xf6, 0x0, 0x0, 0x4f, 0xff, 0x40,
    0x0, 0x2e, 0xff, 0x70, 0x0, 0x4, 0xff, 0xf4,
    0x0, 0x2, 0xef, 0xf8, 0x0, 0x0, 0x4f, 0xff,
    0x40, 0x0, 0x2e, 0xff, 0x80, 0x0, 0x4, 0xff,
    0xf4, 0x0, 0x2, 0xef, 0xf8, 0x0, 0x0, 0x4f,
    0xff, 0x40, 0x0, 0x2e, 0xff, 0x80, 0x0, 0x0,
    0x4f, 0xff, 0x40, 0x0, 0x2e, 0xff, 0x80, 0x0,
    0x0, 0x4, 0xff, 0xf4, 0x0, 0x2, 0xef, 0xf8,
    0x0, 0x0, 0x0, 0x4f, 0xff, 0x40, 0x0, 0x2e,
    0xff, 0x80, 0x0, 0x0, 0x4, 0xff, 0xf4, 0x0,
    0x2, 0xef, 0xf8, 0x0, 0x0, 0x0, 0x4f, 0xff,
    0x50, 0x0, 0x2e, 0xff, 0x80, 0x0, 0x0, 0x4,
    0xff, 0xf3, 0x0, 0x2, 0xef, 0xf6, 0x0, 0x0,
    0x0, 0x4f, 0xb0, 0x0, 0x0, 0x2e, 0xd1, 0x0,
    0x0, 0x0, 0x3, 0x0, 0x0, 0x0, 0x2, 0x10,

    /* U+F101 "" */
    0x1, 0x20, 0x0, 0x0, 0x0, 0x30, 0x0, 0x0,
    0x0, 0x1d, 0xe2, 0x0, 0x0, 0xb, 0xf4, 0x0,
    0x0, 0x0, 0x6f, 0xfe, 0x20, 0x0, 0x3f, 0xff,
    0x40, 0x0, 0x0, 0x7, 0xff, 0xe2, 0x0, 0x4,
    0xff, 0xf4, 0x0, 0x0, 0x0, 0x8f, 0xfe, 0x20,
    0x0, 0x4f, 0xff, 0x40, 0x0, 0x0, 0x8, 0xff,
    0xe2, 0x0, 0x4, 0xff, 0xf4, 0x0, 0x0, 0x0,
    0x8f, 0xfe, 0x20, 0x0, 0x4f, 0xff, 0x40, 0x0,
    0x0, 0x8, 0xff, 0xe2, 0x0, 0x4, 0xff, 0xf4,
    0x0, 0x0, 0x8, 0xff, 0xe2, 0x0, 0x4, 0xff,
    0xf4, 0x0, 0x0, 0x8f, 0xfe, 0x20, 0x0, 0x4f,
    0xff, 0x40, 0x0, 0x8, 0xff, 0xe2, 0x0, 0x4,
    0xff, 0xf4, 0x0, 0x0, 0x8f, 0xfe, 0x20, 0x0,
    0x5f, 0xff, 0x40, 0x0, 0x8, 0xff, 0xe2, 0x0,
    0x5, 0xff, 0xf4, 0x0, 0x0, 0x6f, 0xfe, 0x20,
    0x0, 0x3f, 0xff, 0x40, 0x0, 0x0, 0x1d, 0xe2,
    0x0, 0x0, 0xb, 0xf4, 0x0, 0x0, 0x0, 0x1,
    0x20, 0x0, 0x0, 0x0, 0x30, 0x0, 0x0, 0x0,

    /* U+F102 "" */
    0x0, 0x0, 0x0, 0x4, 0x40, 0x0, 0x0, 0x0,
    0x0, 0x0, 0x0, 0x4f, 0xf4, 0x0, 0x0, 0x0,
    0x0, 0x0, 0x4, 0xff, 0xff, 0x40, 0x0, 0x0,
    0x0, 0x0, 0x4f, 0xff, 0xff, 0xf4, 0x0, 0x0,
    0x0, 0x4, 0xff, 0xf4, 0x4f, 0xff, 0x40, 0x0,
    0x0, 0x4f, 0xff, 0x40, 0x4, 0xff, 0xf4, 0x0,
    0x4, 0xff, 0xf4, 0x0, 0x0, 0x4f, 0xff, 0x40,
    0x3f, 0xff, 0x50, 0x0, 0x0, 0x4, 0xff, 0xf3,
    0xb, 0xf5, 0x0, 0x2, 0x20, 0x0, 0x4f, 0xb0,
    0x0, 0x30, 0x0, 0x2e, 0xe2, 0x0, 0x3, 0x0,
    0x0, 0x0, 0x2, 0xef, 0xfe, 0x20, 0x0, 0x0,
    0x0, 0x0, 0x2e, 0xff, 0xff, 0xe2, 0x0, 0x0,
    0x0, 0x2, 0xef, 0xf8, 0x8f, 0xfe, 0x20, 0x0,
    0x0, 0x2e, 0xff, 0x80, 0x8, 0xff, 0xe2, 0x0,
    0x2, 0xef, 0xf8, 0x0, 0x0, 0x8f, 0xfe, 0x20,
    0x2e, 0xff, 0x80, 0x0, 0x0, 0x8, 0xff, 0xe2,
    0x1d, 0xf8, 0x0, 0x0, 0x0, 0x0, 0x7f, 0xd1,
    0x1, 0x60, 0x0, 0x0, 0x0, 0x0, 0x6, 0x10,

    /* U+F103 "" */
    0x1, 0x60, 0x0, 0x0, 0x0, 0x0, 0x6, 0x10,
    0x1d, 0xf8, 0x0, 0x0, 0x0, 0x0, 0x7f, 0xd1,
    0x2e, 0xff, 0x80, 0x0, 0x0, 0x8, 0xff, 0xe2,
    0x2, 0xef, 0xf8, 0x0, 0x0, 0x8f, 0xfe, 0x20,
    0x0, 0x2e, 0xff, 0x80, 0x8, 0xff, 0xe2, 0x0,
    0x0, 0x2, 0xef, 0xf8, 0x8f, 0xfe, 0x20, 0x0,
    0x0, 0x0, 0x2e, 0xff, 0xff, 0xe2, 0x0, 0x0,
    0x0, 0x0, 0x2, 0xef, 0xfe, 0x20, 0x0, 0x0,
    0x0, 0x30, 0x0, 0x2e, 0xe2, 0x0, 0x3, 0x0,
    0xb, 0xf5, 0x0, 0x2, 0x20, 0x0, 0x4f, 0xb0,
    0x3f, 0xff, 0x40, 0x0, 0x0, 0x4, 0xff, 0xf3,
    0x4, 0xff, 0xf4, 0x0, 0x0, 0x4f, 0xff, 0x40,
    0x0, 0x4f, 0xff, 0x40, 0x4, 0xff, 0xf4, 0x0,
    0x0, 0x4, 0xff, 0xf4, 0x4f, 0xff, 0x40, 0x0,
    0x0, 0x0, 0x4f, 0xff, 0xff, 0xf4, 0x0, 0x0,
    0x0, 0x0, 0x4, 0xff, 0xff, 0x40, 0x0, 0x0,
    0x0, 0x0, 0x0, 0x4f, 0xf4, 0x0, 0x0, 0x0,
    0x0, 0x0, 0x0, 0x4, 0x40, 0x0, 0x0, 0x0,

    /* U+F104 "" */
    0x0, 0x0, 0x0, 0x4, 0x0, 0x0, 0x0, 0x0,
    0x7f, 0x80, 0x0, 0x0, 0x7, 0xff, 0xe1, 0x0,
    0x0, 0x7f, 0xfe, 0x20, 0x0, 0x7, 0xff, 0xe2,
    0x0, 0x0, 0x7f, 0xfe, 0x20, 0x0, 0x7, 0xff,
    0xe2, 0x0, 0x0, 0x7f, 0xfe, 0x20, 0x0, 0x0,
    0x7f, 0xfe, 0x20, 0x0, 0x0, 0x7, 0xff, 0xe2,
    0x0, 0x0, 0x0, 0x7f, 0xfe, 0x20, 0x0, 0x0,
    0x7, 0xff, 0xe2, 0x0, 0x0, 0x0, 0x7f, 0xfe,
    0x20, 0x0, 0x0, 0x7, 0xff, 0xe1, 0x0, 0x0,
    0x0, 0x7f, 0x80, 0x0, 0x0, 0x0, 0x4, 0x0,

    /* U+F105 "" */
    0x0, 0x30, 0x0, 0x0, 0x0, 0x8, 0xf7, 0x0,
    0x0, 0x0, 0x1e, 0xff, 0x70, 0x0, 0x0, 0x2,
    0xef, 0xf7, 0x0, 0x0, 0x0, 0x2e, 0xff, 0x70,
    0x0, 0x0, 0x2, 0xef, 0xf7, 0x0, 0x0, 0x0,
    0x2e, 0xff, 0x70, 0x0, 0x0, 0x2, 0xef, 0xf7,
    0x0, 0x0, 0x2, 0xef, 0xf7, 0x0, 0x0, 0x2e,
    0xff, 0x70, 0x0, 0x2, 0xef, 0xf7, 0x0, 0x0,
    0x2e, 0xff, 0x70, 0x0, 0x2, 0xef, 0xf7, 0x0,
    0x0, 0x1e, 0xff, 0x70, 0x0, 0x0, 0x8, 0xf7,
    0x0, 0x0, 0x0, 0x0, 0x30, 0x0, 0x0, 0x0,

    /* U+F106 "" */
    0x0, 0x0, 0x0, 0x7, 0x70, 0x0, 0x0, 0x0,
    0x0, 0x0, 0x0, 0x7f, 0xf7, 0x0, 0x0, 0x0,
    0x0, 0x0, 0x7, 0xff, 0xff, 0x70, 0x0, 0x0,
    0x0, 0x0, 0x7f, 0xfe, 0xef, 0xf7, 0x0, 0x0,
    0x0, 0x7, 0xff, 0xe2, 0x2e, 0xff, 0x70, 0x0,
    0x0, 0x7f, 0xfe, 0x20, 0x2, 0xef, 0xf7, 0x0,
    0x7, 0xff, 0xe2, 0x0, 0x0, 0x2e, 0xff, 0x70,
    0x3f, 0xfe, 0x20, 0x0, 0x0, 0x2, 0xef, 0xf3,
    0x8, 0xe2, 0x0, 0x0, 0x0, 0x0, 0x2e, 0x80,
    0x0, 0x10, 0x0, 0x0, 0x0, 0x0, 0x1, 0x0,

    /* U+F107 "" */
    0x0, 0x10, 0x0, 0x0, 0x0, 0x0, 0x1, 0x0,
    0x8, 0xe2, 0x0, 0x0, 0x0, 0x0, 0x2e, 0x80,
    0x4f, 0xfe, 0x20, 0x0, 0x0, 0x2, 0xef, 0xf4,
    0x7, 0xff, 0xe2, 0x0, 0x0, 0x2e, 0xff, 0x70,
    0x0, 0x7f, 0xfe, 0x20, 0x2, 0xef, 0xf7, 0x0,
    0x0, 0x7, 0xff, 0xe2, 0x2e, 0xff, 0x70, 0x0,
    0x0, 0x0, 0x7f, 0xfe, 0xef, 0xf7, 0x0, 0x0,
    0x0, 0x0, 0x7, 0xff, 0xff, 0x70, 0x0, 0x0,
    0x0, 0x0, 0x0, 0x7f, 0xf7, 0x0, 0x0, 0x0,
    0x0, 0x0, 0x0, 0x7, 0x70, 0x0, 0x0, 0x0,

    /* U+F110 "" */
    0x0, 0x0, 0x0, 0x0, 0x0, 0x40, 0x0, 0x0,
    0x0, 0x0, 0x0, 0x0, 0x0, 0x0, 0x0, 0x4,
    0xf0, 0x0, 0x0, 0x0, 0x0, 0x0, 0x0, 0x0,
    0x0, 0x0, 0x4f, 0xf0, 0x0, 0x0, 0x0, 0x0,
    0x0, 0x0, 0x0, 0x0, 0x4, 0xff, 0xf0, 0x0,
    0x0, 0x0, 0x0, 0x0, 0x0, 0x0, 0x0, 0x4f,
    0xff, 0xff, 0xda, 0x50, 0x0, 0x0, 0x0, 0x0,
    0x0, 0x0, 0xaf, 0xff, 0xff, 0xff, 0xfd, 0x50,
    0x0, 0x0, 0x0, 0x0, 0x0, 0xb, 0xff, 0xf8,
    0xae, 0xff, 0xf8, 0x0, 0x0, 0x0, 0x0, 0x0,
    0x0, 0xbf, 0xf0, 0x0, 0x6e, 0xff, 0x80, 0x0,
    0x0, 0x10, 0x0, 0x0, 0xb, 0xf0, 0x0, 0x1,
    0xdf, 0xf5, 0x0, 0x0, 0xd6, 0x0, 0x0, 0x0,
    0xb0, 0x0, 0x0, 0x1e, 0xfd, 0x0, 0x5, 0xff,
    0x30, 0x0, 0x0, 0x0, 0x0, 0x0, 0x6, 0xff,
    0x50, 0xa, 0xff, 0x0, 0x0, 0x0, 0x0, 0x0,
    0x0, 0x0, 0xef, 0xa0, 0xe, 0xfa, 0x0, 0x0,
    0x0, 0x0, 0x0, 0x0, 0x0, 0xaf, 0xd0, 0xf,
    0xf8, 0x0, 0x0, 0x0, 0x0, 0x0, 0x0, 0x0,
    0x8f, 0xf0, 0xf, 0xf8, 0x0, 0x0, 0x0, 0x0,
    0x0, 0x0, 0x0, 0x9f, 0xf0, 0xe, 0xfa, 0x0,
    0x0, 0x0, 0x0, 0x0, 0x0, 0x0, 0xaf, 0xe0,
    0xa, 0xfe, 0x0, 0x0, 0x0, 0x0, 0x0, 0x0,
    0x0, 0xff, 0xa0, 0x5, 0xff, 0x60, 0x0, 0x0,
    0x0, 0x0, 0x0, 0x3, 0xff, 0x50, 0x0, 0xef,
    0xe1, 0x0, 0x0, 0xb, 0x0, 0x0, 0x0, 0x6d,
    0x0, 0x0, 0x5f, 0xfd, 0x10, 0x0, 0xf, 0xb0,
    0x0, 0x0, 0x1, 0x0, 0x0, 0x8, 0xff, 0xe6,
    0x0, 0xf, 0xfb, 0x0, 0x0, 0x0, 0x0, 0x0,
    0x0, 0x8f, 0xff, 0xea, 0x8f, 0xff, 0xb0, 0x0,
    0x0, 0x0, 0x0, 0x0, 0x5, 0xef, 0xff, 0xff,
    0xff, 0xfa, 0x0, 0x0, 0x0, 0x0, 0x0, 0x0,
    0x5, 0xae, 0xff, 0xff, 0xf4, 0x0, 0x0, 0x0,
    0x0, 0x0, 0x0, 0x0, 0x0, 0xf, 0xff, 0x40,
    0x0, 0x0, 0x0, 0x0, 0x0, 0x0, 0x0, 0x0,
    0xf, 0xf4, 0x0, 0x0, 0x0, 0x0, 0x0, 0x0,
    0x0, 0x0, 0x0, 0xf, 0x40, 0x0, 0x0, 0x0,
    0x0, 0x0, 0x0, 0x0, 0x0, 0x0, 0x4, 0x0,
    0x0, 0x0, 0x0, 0x0,

    /* U+F118 "" */
    0x0, 0x0, 0x0, 0x0, 0x0, 0x35, 0x67, 0x53,
    0x0, 0x0, 0x0, 0x0, 0x0, 0x0, 0x0, 0x0,
    0x2, 0xae, 0xff, 0xff, 0xff, 0xea, 0x20, 0x0,
    0x0, 0x0, 0x0, 0x0, 0x1, 0xaf, 0xff, 0xff,
    0xff, 0xff, 0xff, 0xfa, 0x10, 0x0, 0x0, 0x0,
    0x0, 0x2d, 0xff, 0xfa, 0x52, 0x0, 0x25, 0xaf,
    0xff, 0xd2, 0x0, 0x0, 0x0, 0x2, 0xef, 0xfa,
    0x20, 0x0, 0x0, 0x0, 0x2, 0xaf, 0xfe, 0x20,
    0x0, 0x0, 0x1d, 0xff, 0x70, 0x0, 0x0, 0x0,
    0x0, 0x0, 0x7, 0xff, 0xd1, 0x0, 0x0, 0xaf,
    0xf7, 0x0, 0x0, 0x0, 0x0, 0x0, 0x0, 0x0,
    0x7f, 0xfa, 0x0, 0x3, 0xff, 0xa0, 0x0, 0x0,
    0x0, 0x0, 0x0, 0x0, 0x0, 0xa, 0xff, 0x20,
    0xa, 0xff, 0x10, 0x8, 0xeb, 0x0, 0x0, 0x0,
    0xbe, 0x80, 0x2, 0xff, 0xa0, 0xe, 0xfa, 0x0,
    0x2f, 0xff, 0x60, 0x0, 0x6, 0xff, 0xf2, 0x0,
    0xaf, 0xe0, 0x3f, 0xf5, 0x0, 0x1f, 0xff, 0x50,
    0x0, 0x5, 0xff, 0xf1, 0x0, 0x5f, 0xf3, 0x5f,
    0xf1, 0x0, 0x5, 0xb7, 0x0, 0x0, 0x0, 0x7b,
    0x50, 0x0, 0x2f, 0xf5, 0x7f, 0xf0, 0x0, 0x0,
    0x0, 0x0, 0x0, 0x0, 0x0, 0x0, 0x0, 0xf,
    0xf7, 0x7f, 0xf0, 0x0, 0x0, 0x0, 0x0, 0x0,
    0x0, 0x0, 0x0, 0x0, 0xf, 0xf6, 0x5f, 0xf1,
    0x0, 0x0, 0x0, 0x0, 0x0, 0x0, 0x0, 0x0,
    0x0, 0x2f, 0xf5, 0x3f, 0xf5, 0x0, 0x0, 0x0,
    0x0, 0x0, 0x0, 0x0, 0x0, 0x0, 0x5f, 0xf3,
    0xf, 0xfa, 0x0, 0x0, 0x0, 0x0, 0x0, 0x0,
    0x0, 0x0, 0x0, 0xaf, 0xe0, 0xa, 0xff, 0x10,
    0x0, 0x0, 0x64, 0x11, 0x46, 0x0, 0x0, 0x2,
    0xff, 0xa0, 0x3, 0xff, 0xa0, 0x0, 0x5, 0xff,
    0xff, 0xff, 0x60, 0x0, 0xa, 0xff, 0x20, 0x0,
    0xaf, 0xf7, 0x0, 0x0, 0x5a, 0xdd, 0xa6, 0x0,
    0x0, 0x7f, 0xfa, 0x0, 0x0, 0x1d, 0xff, 0x70,
    0x0, 0x0, 0x0, 0x0, 0x0, 0x7, 0xff, 0xd1,
    0x0, 0x0, 0x2, 0xef, 0xfa, 0x10, 0x0, 0x0,
    0x0, 0x1, 0xaf, 0xfe, 0x20, 0x0, 0x0, 0x0,
    0x2d, 0xff, 0xfa, 0x51, 0x0, 0x15, 0xaf, 0xff,
    0xd2, 0x0, 0x0, 0x0, 0x0, 0x1, 0xaf, 0xff,
    0xff, 0xff, 0xff, 0xff, 0xfa, 0x10, 0x0, 0x0,
    0x0, 0x0, 0x0, 0x3, 0xaf, 0xff, 0xff, 0xff,
    0xea, 0x30, 0x0, 0x0, 0x0, 0x0, 0x0, 0x0,
    0x0, 0x0, 0x35, 0x77, 0x53, 0x0, 0x0, 0x0,
    0x0, 0x0,

    /* U+F11B "" */
    0x0, 0x0, 0x7, 0xab, 0xbb, 0xbb, 0xbb, 0xbb,
    0xbb, 0xb9, 0x40, 0x0, 0x0, 0x0, 0x3, 0xef,
    0xff, 0xff, 0xff, 0xff, 0xff, 0xff, 0xff, 0xfa,
    0x0, 0x0, 0x0, 0x1e, 0xff, 0xff, 0xff, 0xff,
    0xff, 0xff, 0xff, 0xff, 0xff, 0x90, 0x0, 0x0,
    0x8f, 0xff, 0xff, 0xff, 0xff, 0xff, 0xff, 0xff,
    0xff, 0xff, 0xf2, 0x0, 0x0, 0xcf, 0xff, 0xfd,
    0xe, 0xff, 0xff, 0xfa, 0x18, 0xff, 0xff, 0xf6,
    0x0, 0x0, 0xef, 0xff, 0xfd, 0xe, 0xff, 0xff,
    0xf6, 0x4, 0xff, 0xff, 0xf9, 0x0, 0x0, 0xff,
    0xfa, 0x76, 0x7, 0x7b, 0xff, 0xfe, 0x8d, 0xff,
    0xff, 0xfb, 0x0, 0x3, 0xff, 0xf7, 0x33, 0x3,
    0x38, 0xff, 0xff, 0xff, 0xed, 0xff, 0xfd, 0x0,
    0x5, 0xff, 0xff, 0xfd, 0xe, 0xff, 0xff, 0xff,
    0xfe, 0x0, 0xdf, 0xff, 0x0, 0x7, 0xff, 0xff,
    0xfd, 0xe, 0xff, 0xff, 0xff, 0xfe, 0x0, 0xdf,
    0xff, 0x20, 0x9, 0xff, 0xff, 0xff, 0xcf, 0xff,
    0xff, 0xff, 0xff, 0xed, 0xff, 0xff, 0x40, 0xc,
    0xff, 0xff, 0xff, 0xff, 0xff, 0xff, 0xff, 0xff,
    0xff, 0xff, 0xff, 0x60, 0xe, 0xff, 0xff, 0xff,
    0xff, 0xff, 0xff, 0xff, 0xff, 0xff, 0xff, 0xff,
    0x80, 0xf, 0xff, 0xff, 0xff, 0xff, 0xff, 0xff,
    0xff, 0xff, 0xff, 0xff, 0xff, 0xb0, 0x2f, 0xff,
    0xff, 0xff, 0x80, 0x0, 0x0, 0x0, 0x1d, 0xff,
    0xff, 0xff, 0xc0, 0xf, 0xff, 0xff, 0xf8, 0x0,
    0x0, 0x0, 0x0, 0x1, 0xdf, 0xff, 0xff, 0xa0,
    0x7, 0xff, 0xff, 0x80, 0x0, 0x0, 0x0, 0x0,
    0x0, 0x1d, 0xff, 0xff, 0x20, 0x0, 0x5a, 0xa4,
    0x0, 0x0, 0x0, 0x0, 0x0, 0x0, 0x0, 0x7b,
    0x92, 0x0,

    /* U+F124 "" */
    0x0, 0x0, 0x0, 0x0, 0x0, 0x0, 0x0, 0x0,
    0x0, 0x0, 0x0, 0x0, 0x0, 0x0, 0x6, 0x60,
    0x0, 0x0, 0x0, 0x0, 0x0, 0x0, 0x0, 0x0,
    0xd, 0xc0, 0x0, 0x0, 0x0, 0x0, 0x0, 0x0,
    0x0, 0x0, 0x3f, 0xf3, 0x0, 0x0, 0x0, 0x0,
    0x0, 0x0, 0x0, 0x0, 0xaf, 0xfa, 0x0, 0x0,
    0x0, 0x0, 0x0, 0x0, 0x0, 0x1, 0xff, 0xff,
    0x10, 0x0, 0x0, 0x0, 0x0, 0x0, 0x0, 0x7,
    0xff, 0xff, 0x70, 0x0, 0x0, 0x0, 0x0, 0x0,
    0x0, 0xd, 0xff, 0xff, 0xd0, 0x0, 0x0, 0x0,
    0x0, 0x0, 0x0, 0x4f, 0xff, 0xff, 0xf4, 0x0,
    0x0, 0x0, 0x0, 0x0, 0x0, 0xaf, 0xff, 0xff,
    0xfa, 0x0, 0x0, 0x0, 0x0, 0x0, 0x1, 0xff,
    0xff, 0xff, 0xff, 0x10, 0x0, 0x0, 0x0, 0x0,
    0x8, 0xff, 0xff, 0xff, 0xff, 0x80, 0x0, 0x0,
    0x0, 0x0, 0xe, 0xff, 0xff, 0xff, 0xff, 0xe0,
    0x0, 0x0, 0x0, 0x0, 0x5f, 0xff, 0xff, 0xff,
    0xff, 0xf5, 0x0, 0x0, 0x0, 0x0, 0xbf, 0xff,
    0xff, 0xff, 0xff, 0xfb, 0x0, 0x0, 0x0, 0x2,
    0xff, 0xff, 0xff, 0xff, 0xff, 0xff, 0x20, 0x0,
    0x0, 0x8, 0xff, 0xff, 0xff, 0xff, 0xff, 0xff,
    0x80, 0x0, 0x0, 0xe, 0xff, 0xff, 0xff, 0xff,
    0xff, 0xff, 0xe0, 0x0, 0x0, 0x6f, 0xff, 0xff,
    0xff, 0xff, 0xff, 0xff, 0xf5, 0x0, 0x0, 0xcf,
    0xff, 0xff, 0xff, 0xff, 0xff, 0xff, 0xfc, 0x0,
    0x3, 0xff, 0xff, 0xff, 0xfb, 0xbf, 0xff, 0xff,
    0xff, 0x30, 0x9, 0xff, 0xff, 0xf9, 0x20, 0x2,
    0x9f, 0xff, 0xff, 0x90, 0xf, 0xff, 0xe7, 0x10,
    0x0, 0x0, 0x1, 0x7e, 0xff, 0xf0, 0x2f, 0xc5,
    0x0, 0x0, 0x0, 0x0, 0x0, 0x0, 0x5c, 0xf2,
    0x1, 0x0, 0x0, 0x0, 0x0, 0x0, 0x0, 0x0,
    0x0, 0x10,

    /* U+F130 "" */
    0x0, 0x0, 0x0, 0x0, 0x32, 0x0, 0x0, 0x0,
    0x0, 0x0, 0x0, 0x0, 0x6f, 0xff, 0xd2, 0x0,
    0x0, 0x0, 0x0, 0x0, 0x4, 0xff, 0xff, 0xfe,
    0x0, 0x0, 0x0, 0x0, 0x0, 0xc, 0xff, 0xff,
    0xff, 0x60, 0x0, 0x0, 0x0, 0x0, 0xe, 0xff,
    0xff, 0xff, 0x90, 0x0, 0x0, 0x0, 0x0, 0xe,
    0xff, 0xff, 0xff, 0x90, 0x0, 0x0, 0x0, 0x0,
    0xe, 0xff, 0xff, 0xff, 0x90, 0x0, 0x0, 0x0,
    0x0, 0xe, 0xff, 0xff, 0xff, 0x90, 0x0, 0x0,
    0x0, 0x0, 0xe, 0xff, 0xff, 0xff, 0x90, 0x0,
    0x0, 0x0, 0x0, 0xe, 0xff, 0xff, 0xff, 0x90,
    0x0, 0x0, 0x0, 0x0, 0xe, 0xff, 0xff, 0xff,
    0x90, 0x0, 0x0, 0x0, 0x0, 0xe, 0xff, 0xff,
    0xff, 0x90, 0x0, 0x0, 0xbf, 0x60, 0xd, 0xff,
    0xff, 0xff, 0x80, 0x6, 0xfb, 0x9f, 0x80, 0x9,
    0xff, 0xff, 0xff, 0x30, 0x8, 0xf9, 0x5f, 0xe0,
    0x1, 0xdf, 0xff, 0xf8, 0x0, 0xe, 0xf4, 0xe,
    0xf8, 0x0, 0x7, 0xba, 0x50, 0x0, 0x8f, 0xd0,
    0x4, 0xff, 0x80, 0x0, 0x0, 0x0, 0x8, 0xff,
    0x30, 0x0, 0x7f, 0xfd, 0x61, 0x0, 0x16, 0xdf,
    0xf5, 0x0, 0x0, 0x5, 0xef, 0xff, 0xff, 0xff,
    0xfd, 0x30, 0x0, 0x0, 0x0, 0x17, 0xdf, 0xff,
    0xfc, 0x60, 0x0, 0x0, 0x0, 0x0, 0x0, 0x6,
    0xff, 0x10, 0x0, 0x0, 0x0, 0x0, 0x0, 0x0,
    0x6, 0xff, 0x10, 0x0, 0x0, 0x0, 0x0, 0x0,
    0x0, 0x6, 0xff, 0x10, 0x0, 0x0, 0x0, 0x0,
    0x0, 0x0, 0x6, 0xff, 0x10, 0x0, 0x0, 0x0,
    0x0, 0x0, 0x0, 0x1, 0x33, 0x0, 0x0, 0x0,
    0x0,

    /* U+F131 "" */
    0x0, 0x0, 0x0, 0x0, 0x0, 0x3, 0x20, 0x0,
    0x0, 0x0, 0x0, 0x0, 0x0, 0x0, 0x0, 0x0,
    0x6, 0xff, 0xfd, 0x20, 0x0, 0x0, 0x0, 0x0,
    0x4, 0xb0, 0x0, 0x0, 0x4f, 0xff, 0xff, 0xe0,
    0x0, 0x0, 0x0, 0x0, 0x1f, 0xfc, 0x0, 0x0,
    0xcf, 0xff, 0xff, 0xf6, 0x0, 0x0, 0x0, 0x0,
    0x5, 0xff, 0xc1, 0x0, 0xdf, 0xff, 0xff, 0xf9,
    0x0, 0x0, 0x0, 0x0, 0x0, 0x5f, 0xfc, 0x10,
    0x3e, 0xff, 0xff, 0xf9, 0x0, 0x0, 0x0, 0x0,
    0x0, 0x6, 0xff, 0xd1, 0x3, 0xef, 0xff, 0xf9,
    0x0, 0x0, 0x0, 0x0, 0x0, 0x0, 0x6f, 0xfd,
    0x10, 0x3e, 0xff, 0xf9, 0x0, 0x0, 0x0, 0x0,
    0x0, 0x0, 0x6, 0xff, 0xd1, 0x2, 0xef, 0xf9,
    0x0, 0x0, 0x0, 0x0, 0x0, 0x0, 0x0, 0x7f,
    0xfd, 0x10, 0x2e, 0xf9, 0x0, 0x0, 0x0, 0x0,
    0x0, 0x0, 0x0, 0x7, 0xff, 0xd1, 0x2, 0xe9,
    0x0, 0x0, 0x0, 0x0, 0x0, 0x0, 0x0, 0x0,
    0xef, 0xfd, 0x10, 0x27, 0x0, 0x0, 0x0, 0x0,
    0x0, 0xb, 0xf6, 0x0, 0xdf, 0xff, 0xd1, 0x0,
    0x0, 0x6f, 0xb0, 0x0, 0x0, 0x9, 0xf8, 0x0,
    0x9f, 0xff, 0xfd, 0x20, 0x0, 0x9f, 0x90, 0x0,
    0x0, 0x5, 0xfe, 0x0, 0x1d, 0xff, 0xff, 0xe2,
    0x0, 0xbf, 0x50, 0x0, 0x0, 0x0, 0xef, 0x80,
    0x0, 0x7b, 0xbf, 0xfe, 0x20, 0x1b, 0x0, 0x0,
    0x0, 0x0, 0x4f, 0xf8, 0x0, 0x0, 0x6, 0xff,
    0xe2, 0x0, 0x0, 0x0, 0x0, 0x0, 0x7, 0xff,
    0xc5, 0x10, 0x2, 0xbf, 0xfe, 0x20, 0x0, 0x0,
    0x0, 0x0, 0x0, 0x5e, 0xff, 0xff, 0xff, 0xff,
    0xff, 0xe2, 0x0, 0x0, 0x0, 0x0, 0x0, 0x1,
    0x7d, 0xff, 0xff, 0xc6, 0x3e, 0xfe, 0x20, 0x0,
    0x0, 0x0, 0x0, 0x0, 0x0, 0x6f, 0xf1, 0x0,
    0x3, 0xef, 0xe2, 0x0, 0x0, 0x0, 0x0, 0x0,
    0x0, 0x6f, 0xf1, 0x0, 0x0, 0x2e, 0xfe, 0x30,
    0x0, 0x0, 0x0, 0x0, 0x0, 0x6f, 0xf1, 0x0,
    0x0, 0x2, 0xef, 0xe1, 0x0, 0x0, 0x0, 0x0,
    0x0, 0x6f, 0xf1, 0x0, 0x0, 0x0, 0x2e, 0x60,
    0x0, 0x0, 0x0, 0x0, 0x0, 0x13, 0x30, 0x0,
    0x0, 0x0, 0x0, 0x0,

    /* U+F133 "" */
    0x0, 0x0, 0x37, 0x70, 0x0, 0x0, 0x0, 0x0,
    0x7, 0x74, 0x0, 0x0, 0x0, 0x0, 0x6f, 0xf1,
    0x0, 0x0, 0x0, 0x0, 0xe, 0xf9, 0x0, 0x0,
    0x0, 0x0, 0x7f, 0xf1, 0x0, 0x0, 0x0, 0x0,
    0xe, 0xf9, 0x0, 0x0, 0x2, 0xcf, 0xff, 0xff,
    0xff, 0xff, 0xff, 0xff, 0xff, 0xff, 0xfe, 0x60,
    0xd, 0xff, 0xff, 0xff, 0xff, 0xff, 0xff, 0xff,
    0xff, 0xff, 0xff, 0xf2, 0xf, 0xff, 0xff, 0xff,
    0xff, 0xff, 0xff, 0xff, 0xff, 0xff, 0xff, 0xf6,
    0x1f, 0xff, 0xff, 0xff, 0xff, 0xff, 0xff, 0xff,
    0xff, 0xff, 0xff, 0xf6, 0x1f, 0xff, 0xff, 0xff,
    0xff, 0xff, 0xff, 0xff, 0xff, 0xff, 0xff, 0xf6,
    0x1f, 0xff, 0xff, 0xff, 0xff, 0xff, 0xff, 0xff,
    0xff, 0xff, 0xff, 0xf6, 0x1f, 0xff, 0xff, 0xff,
    0xff, 0xff, 0xff, 0xff, 0xff, 0xff, 0xff, 0xf6,
    0x1f, 0xfb, 0x77, 0x77, 0x77, 0x77, 0x77, 0x77,
    0x77, 0x77, 0x8f, 0xf6, 0x1f, 0xf6, 0x0, 0x0,
    0x0, 0x0, 0x0, 0x0, 0x0, 0x0, 0x1f, 0xf6,
    0x1f, 0xf6, 0x0, 0x0, 0x0, 0x0, 0x0, 0x0,
    0x0, 0x0, 0x1f, 0xf6, 0x1f, 0xf6, 0x1, 0xff,
    0x60, 0x1f, 0xf6, 0x1, 0xff, 0x70, 0x1f, 0xf6,
    0x1f, 0xf6, 0x1, 0xff, 0x60, 0x1f, 0xf6, 0x1,
    0xff, 0x70, 0x1f, 0xf6, 0x1f, 0xf6, 0x0, 0x88,
    0x30, 0x8, 0x83, 0x0, 0x88, 0x30, 0x1f, 0xf6,
    0x1f, 0xf6, 0x0, 0x0, 0x0, 0x0, 0x0, 0x0,
    0x0, 0x0, 0x1f, 0xf6, 0x1f, 0xf6, 0x0, 0x0,
    0x0, 0x0, 0x0, 0x0, 0x0, 0x0, 0x1f, 0xf6,
    0x1f, 0xf6, 0x1, 0xff, 0x60, 0x1f, 0xf6, 0x1,
    0xff, 0x70, 0x1f, 0xf6, 0x1f, 0xf6, 0x1, 0xff,
    0x60, 0x1f, 0xf6, 0x1, 0xff, 0x70, 0x1f, 0xf6,
    0x1f, 0xf6, 0x0, 0x88, 0x30, 0x8, 0x83, 0x0,
    0x88, 0x30, 0x1f, 0xf6, 0x1f, 0xf6, 0x0, 0x0,
    0x0, 0x0, 0x0, 0x0, 0x0, 0x0, 0x1f, 0xf6,
    0x1f, 0xf6, 0x0, 0x0, 0x0, 0x0, 0x0, 0x0,
    0x0, 0x0, 0x1f, 0xf6, 0xf, 0xff, 0xff, 0xff,
    0xff, 0xff, 0xff, 0xff, 0xff, 0xff, 0xff, 0xf5,
    0x7, 0xff, 0xff, 0xff, 0xff, 0xff, 0xff, 0xff,
    0xff, 0xff, 0xff, 0xd0, 0x0, 0x47, 0x77, 0x77,
    0x77, 0x77, 0x77, 0x77, 0x77, 0x77, 0x75, 0x0,

    /* U+F14E "" */
    0x0, 0x0, 0x0, 0x0, 0x1, 0x68, 0xaa, 0x87,
    0x20, 0x0, 0x0, 0x0, 0x0, 0x0, 0x0, 0x0,
    0x5, 0xcf, 0xff, 0xff, 0xff, 0xfe, 0x60, 0x0,
    0x0, 0x0, 0x0, 0x0, 0x1, 0xcf, 0xff, 0xff,
    0xff, 0xff, 0xff, 0xfd, 0x30, 0x0, 0x0, 0x0,
    0x0, 0x3e, 0xff, 0xff, 0xff, 0xff, 0xff, 0xff,
    0xff, 0xf5, 0x0, 0x0, 0x0, 0x3, 0xff, 0xff,
    0xff, 0xff, 0xff, 0xff, 0xff, 0xff, 0xff, 0x50,
    0x0, 0x0, 0x1e, 0xff, 0xff, 0xff, 0xff, 0xff,
    0xff, 0xff, 0xfc, 0xcf, 0xf3, 0x0, 0x0, 0xaf,
    0xff, 0xff, 0xff, 0xff, 0xff, 0xff, 0xfb, 0x40,
    0xef, 0xfd, 0x0, 0x3, 0xff, 0xff, 0xff, 0xff,
    0xff, 0xff, 0xfa, 0x30, 0x6, 0xff, 0xff, 0x60,
    0x9, 0xff, 0xff, 0xff, 0xff, 0xff, 0xf9, 0x20,
    0x0, 0xd, 0xff, 0xff, 0xd0, 0xe, 0xff, 0xff,
    0xff, 0xff, 0xe8, 0x10, 0x0, 0x0, 0x5f, 0xff,
    0xff, 0xf1, 0x2f, 0xff, 0xff, 0xff, 0xff, 0x20,
    0x0, 0x0, 0x0, 0xcf, 0xff, 0xff, 0xf5, 0x4f,
    0xff, 0xff, 0xff, 0xfa, 0x0, 0x57, 0x0, 0x4,
    0xff, 0xff, 0xff, 0xf7, 0x5f, 0xff, 0xff, 0xff,
    0xf3, 0x2, 0xff, 0x60, 0xb, 0xff, 0xff, 0xff,
    0xf8, 0x5f, 0xff, 0xff, 0xff, 0xc0, 0x1, 0xef,
    0x30, 0x3f, 0xff, 0xff, 0xff, 0xf8, 0x3f, 0xff,
    0xff, 0xff, 0x40, 0x0, 0x1, 0x0, 0xaf, 0xff,
    0xff, 0xff, 0xf6, 0x1f, 0xff, 0xff, 0xfd, 0x0,
    0x0, 0x0, 0x4, 0xff, 0xff, 0xff, 0xff, 0xf4,
    0xc, 0xff, 0xff, 0xf5, 0x0, 0x0, 0x5, 0xdf,
    0xff, 0xff, 0xff, 0xff, 0xf0, 0x7, 0xff, 0xff,
    0xe0, 0x0, 0x6, 0xef, 0xff, 0xff, 0xff, 0xff,
    0xff, 0xa0, 0x0, 0xef, 0xff, 0x70, 0x18, 0xef,
    0xff, 0xff, 0xff, 0xff, 0xff, 0xff, 0x20, 0x0,
    0x6f, 0xfe, 0x29, 0xff, 0xff, 0xff, 0xff, 0xff,
    0xff, 0xff, 0xf9, 0x0, 0x0, 0xa, 0xff, 0xff,
    0xff, 0xff, 0xff, 0xff, 0xff, 0xff, 0xff, 0xd0,
    0x0, 0x0, 0x0, 0xcf, 0xff, 0xff, 0xff, 0xff,
    0xff, 0xff, 0xff, 0xfe, 0x10, 0x0, 0x0, 0x0,
    0xa, 0xff, 0xff, 0xff, 0xff, 0xff, 0xff, 0xff,
    0xc1, 0x0, 0x0, 0x0, 0x0, 0x0, 0x6e, 0xff,
    0xff, 0xff, 0xff, 0xff, 0xf8, 0x0, 0x0, 0x0,
    0x0, 0x0, 0x0, 0x0, 0x6b, 0xff, 0xff, 0xff,
    0xc7, 0x10, 0x0, 0x0, 0x0, 0x0, 0x0, 0x0,
    0x0, 0x0, 0x2, 0x33, 0x20, 0x0, 0x0, 0x0,
    0x0, 0x0,

    /* U+F185 "" */
    0x0, 0x0, 0x0, 0x0, 0x0, 0x0, 0xa, 0xb0,
    0x0, 0x0, 0x0, 0x0, 0x0, 0x0, 0x0, 0x0,
    0x0, 0x0, 0x0, 0x0, 0x3f, 0xf3, 0x0, 0x0,
    0x0, 0x0, 0x0, 0x0, 0x0, 0x0, 0x0, 0x0,
    0x0, 0x0, 0x3f, 0xf4, 0x0, 0x0, 0x0, 0x0,
    0x0, 0x0, 0x0, 0x0, 0x0, 0x0, 0x0, 0x0,
    0x3f, 0xf4, 0x0, 0x0, 0x0, 0x0, 0x0, 0x0,
    0x0, 0x0, 0x2b, 0x50, 0x0, 0x0, 0x1e, 0xf1,
    0x0, 0x0, 0x5, 0xb2, 0x0, 0x0, 0x0, 0x0,
    0x9f, 0xf6, 0x0, 0x0, 0x0, 0x10, 0x0, 0x0,
    0x5f, 0xf9, 0x0, 0x0, 0x0, 0x0, 0x3e, 0xff,
    0x20, 0x0, 0x0, 0x0, 0x0, 0x1, 0xff, 0xf3,
    0x0, 0x0, 0x0, 0x0, 0x3, 0xed, 0x0, 0x0,
    0x25, 0x52, 0x0, 0x0, 0xce, 0x30, 0x0, 0x0,
    0x0, 0x0, 0x0, 0x0, 0x0, 0x4c, 0xff, 0xff,
    0xd4, 0x0, 0x0, 0x0, 0x0, 0x0, 0x0, 0x0,
    0x0, 0x0, 0x6, 0xff, 0xff, 0xff, 0xff, 0x70,
    0x0, 0x0, 0x0, 0x0, 0x0, 0x0, 0x0, 0x0,
    0x3f, 0xff, 0xff, 0xff, 0xff, 0xf4, 0x0, 0x0,
    0x0, 0x0, 0x0, 0x0, 0x0, 0x0, 0xbf, 0xff,
    0xff, 0xff, 0xff, 0xfc, 0x0, 0x0, 0x0, 0x0,
    0x5, 0x55, 0x30, 0x0, 0xff, 0xff, 0xff, 0xff,
    0xff, 0xff, 0x10, 0x3, 0x55, 0x50, 0xaf, 0xff,
    0xf2, 0x2, 0xff, 0xff, 0xff, 0xff, 0xff, 0xff,
    0x30, 0x2f, 0xff, 0xfa, 0x8f, 0xff, 0xe1, 0x2,
    0xff, 0xff, 0xff, 0xff, 0xff, 0xff, 0x30, 0x1e,
    0xff, 0xf8, 0x1, 0x11, 0x0, 0x0, 0xff, 0xff,
    0xff, 0xff, 0xff, 0xff, 0x10, 0x0, 0x11, 0x10,
    0x0, 0x0, 0x0, 0x0, 0x9f, 0xff, 0xff, 0xff,
    0xff, 0xfa, 0x0, 0x0, 0x0, 0x0, 0x0, 0x0,
    0x0, 0x0, 0x1e, 0xff, 0xff, 0xff, 0xff, 0xf2,
    0x0, 0x0, 0x0, 0x0, 0x0, 0x0, 0x0, 0x0,
    0x3, 0xef, 0xff, 0xff, 0xfe, 0x40, 0x0, 0x0,
    0x0, 0x0, 0x0, 0x0, 0x0, 0x22, 0x0, 0x18,
    0xef, 0xfe, 0x91, 0x0, 0x23, 0x0, 0x0, 0x0,
    0x0, 0x0, 0x5, 0xff, 0x10, 0x0, 0x1, 0x10,
    0x0, 0x0, 0xef, 0x50, 0x0, 0x0, 0x0, 0x0,
    0x4f, 0xff, 0x10, 0x0, 0x0, 0x0, 0x0, 0x1,
    0xff, 0xf4, 0x0, 0x0, 0x0, 0x0, 0x9f, 0xf5,
    0x0, 0x0, 0x0, 0x10, 0x0, 0x0, 0x4f, 0xf9,
    0x0, 0x0, 0x0, 0x0, 0x2a, 0x50, 0x0, 0x0,
    0x1e, 0xf1, 0x0, 0x0, 0x4, 0xb2, 0x0, 0x0,
    0x0, 0x0, 0x0, 0x0, 0x0, 0x0, 0x3f, 0xf4,
    0x0, 0x0, 0x0, 0x0, 0x0, 0x0, 0x0, 0x0,
    0x0, 0x0, 0x0, 0x0, 0x3f, 0xf4, 0x0, 0x0,
    0x0, 0x0, 0x0, 0x0, 0x0, 0x0, 0x0, 0x0,
    0x0, 0x0, 0x2f, 0xf3, 0x0, 0x0, 0x0, 0x0,
    0x0, 0x0, 0x0, 0x0, 0x0, 0x0, 0x0, 0x0,
    0xa, 0xb0, 0x0, 0x0, 0x0, 0x0, 0x0, 0x0,

    /* U+F186 "" */
    0x0, 0x0, 0x0, 0x0, 0x0, 0x13, 0x31, 0x0,
    0x0, 0x0, 0x0, 0x0, 0x0, 0x0, 0x0, 0x4,
    0xae, 0xff, 0xd2, 0x0, 0x0, 0x0, 0x0, 0x0,
    0x0, 0x0, 0x2, 0xcf, 0xff, 0xff, 0x20, 0x0,
    0x0, 0x0, 0x0, 0x0, 0x0, 0x0, 0x4f, 0xff,
    0xff, 0xf8, 0x0, 0x0, 0x0, 0x0, 0x0, 0x0,
    0x0, 0x4, 0xff, 0xff, 0xff, 0xf2, 0x0, 0x0,
    0x0, 0x0, 0x0, 0x0, 0x0, 0x2f, 0xff, 0xff,
    0xff, 0xf0, 0x0, 0x0, 0x0, 0x0, 0x0, 0x0,
    0x0, 0xbf, 0xff, 0xff, 0xff, 0xe0, 0x0, 0x0,
    0x0, 0x0, 0x0, 0x0, 0x4, 0xff, 0xff, 0xff,
    0xff, 0xf0, 0x0, 0x0, 0x0, 0x0, 0x0, 0x0,
    0xa, 0xff, 0xff, 0xff, 0xff, 0xf4, 0x0, 0x0,
    0x0, 0x0, 0x0, 0x0, 0xe, 0xff, 0xff, 0xff,
    0xff, 0xfa, 0x0, 0x0, 0x0, 0x0, 0x0, 0x0,
    0x1f, 0xff, 0xff, 0xff, 0xff, 0xff, 0x50, 0x0,
    0x0, 0x0, 0x0, 0x21, 0x3f, 0xff, 0xff, 0xff,
    0xff, 0xff, 0xf5, 0x0, 0x0, 0x0, 0x2, 0xd3,
    0x3f, 0xff, 0xff, 0xff, 0xff, 0xff, 0xff, 0xa4,
    0x0, 0x2, 0x8f, 0xf3, 0x1f, 0xff, 0xff, 0xff,
    0xff, 0xff, 0xff, 0xff, 0xfe, 0xff, 0xff, 0xf1,
    0xf, 0xff, 0xff, 0xff, 0xff, 0xff, 0xff, 0xff,
    0xff, 0xff, 0xff, 0xe0, 0xa, 0xff, 0xff, 0xff,
    0xff, 0xff, 0xff, 0xff, 0xff, 0xff, 0xff, 0xa0,
    0x4, 0xff, 0xff, 0xff, 0xff, 0xff, 0xff, 0xff,
    0xff, 0xff, 0xff, 0x40, 0x0, 0xbf, 0xff, 0xff,
    0xff, 0xff, 0xff, 0xff, 0xff, 0xff, 0xfc, 0x0,
    0x0, 0x2f, 0xff, 0xff, 0xff, 0xff, 0xff, 0xff,
    0xff, 0xff, 0xf2, 0x0, 0x0, 0x4, 0xff, 0xff,
    0xff, 0xff, 0xff, 0xff, 0xff, 0xff, 0x40, 0x0,
    0x0, 0x0, 0x4f, 0xff, 0xff, 0xff, 0xff, 0xff,
    0xff, 0xf4, 0x0, 0x0, 0x0, 0x0, 0x2, 0xbf,
    0xff, 0xff, 0xff, 0xff, 0xfb, 0x20, 0x0, 0x0,
    0x0, 0x0, 0x0, 0x4, 0xaf, 0xff, 0xff, 0xea,
    0x40, 0x0, 0x0, 0x0, 0x0, 0x0, 0x0, 0x0,
    0x0, 0x13, 0x31, 0x0, 0x0, 0x0, 0x0, 0x0,

    /* U+F1EB "" */
    0x0, 0x0, 0x0, 0x0, 0x0, 0x24, 0x56, 0x65,
    0x42, 0x0, 0x0, 0x0, 0x0, 0x0, 0x0, 0x0,
    0x0, 0x5, 0xae, 0xff, 0xff, 0xff, 0xff, 0xeb,
    0x50, 0x0, 0x0, 0x0, 0x0, 0x0, 0x18, 0xff,
    0xff, 0xff, 0xff, 0xff, 0xff, 0xff, 0xff, 0x81,
    0x0, 0x0, 0x0, 0x6, 0xef, 0xff, 0xff, 0xff,
    0xff, 0xff, 0xff, 0xff, 0xff, 0xfe, 0x60, 0x0,
    0x1, 0xaf, 0xff, 0xff, 0xfc, 0x85, 0x32, 0x23,
    0x58, 0xcf, 0xff, 0xff, 0xfb, 0x10, 0x1d, 0xff,
    0xff, 0xe7, 0x10, 0x0, 0x0, 0x0, 0x0, 0x1,
    0x7e, 0xff, 0xff, 0xd1, 0x7f, 0xff, 0xf8, 0x0,
    0x0, 0x0, 0x0, 0x0, 0x0, 0x0, 0x0, 0x8f,
    0xff, 0xf7, 0x7, 0xfe, 0x40, 0x0, 0x0, 0x1,
    0x35, 0x53, 0x10, 0x0, 0x0, 0x4, 0xef, 0x70,
    0x0, 0x62, 0x0, 0x0, 0x18, 0xdf, 0xff, 0xff,
    0xfd, 0x81, 0x0, 0x0, 0x26, 0x0, 0x0, 0x0,
    0x0, 0x8, 0xff, 0xff, 0xff, 0xff, 0xff, 0xff,
    0x80, 0x0, 0x0, 0x0, 0x0, 0x0, 0x1, 0xcf,
    0xff, 0xff, 0xff, 0xff, 0xff, 0xff, 0xfc, 0x10,
    0x0, 0x0, 0x0, 0x0, 0x6, 0xff, 0xff, 0xea,
    0x53, 0x35, 0x9e, 0xff, 0xff, 0x60, 0x0, 0x0,
    0x0, 0x0, 0x0, 0x7f, 0xf7, 0x0, 0x0, 0x0,
    0x0, 0x7f, 0xf7, 0x0, 0x0, 0x0, 0x0, 0x0,
    0x0, 0x6, 0x20, 0x0, 0x0, 0x0, 0x0, 0x2,
    0x60, 0x0, 0x0, 0x0, 0x0, 0x0, 0x0, 0x0,
    0x0, 0x0, 0x14, 0x41, 0x0, 0x0, 0x0, 0x0,
    0x0, 0x0, 0x0, 0x0, 0x0, 0x0, 0x0, 0x1a,
    0xff, 0xff, 0xa1, 0x0, 0x0, 0x0, 0x0, 0x0,
    0x0, 0x0, 0x0, 0x0, 0x0, 0x6f, 0xff, 0xff,
    0xf6, 0x0, 0x0, 0x0, 0x0, 0x0, 0x0, 0x0,
    0x0, 0x0, 0x0, 0x7, 0xff, 0xff, 0x70, 0x0,
    0x0, 0x0, 0x0, 0x0, 0x0, 0x0, 0x0, 0x0,
    0x0, 0x0, 0x7f, 0xf7, 0x0, 0x0, 0x0, 0x0,
    0x0, 0x0, 0x0, 0x0, 0x0, 0x0, 0x0, 0x0,
    0x7, 0x70, 0x0, 0x0, 0x0, 0x0, 0x0, 0x0,

    /* U+F1EC "" */
    0x0, 0x0, 0x0, 0x0, 0x0, 0x0, 0x0, 0x0,
    0x0, 0x0, 0x0, 0x0, 0x3, 0xdf, 0xff, 0xff,
    0xff, 0xff, 0xff, 0xff, 0xff, 0xff, 0xff, 0x80,
    0xe, 0xff, 0xff, 0xff, 0xff, 0xff, 0xff, 0xff,
    0xff, 0xff, 0xff, 0xf5, 0x1f, 0xff, 0xff, 0xff,
    0xff, 0xff, 0xff, 0xff, 0xff, 0xff, 0xff, 0xf9,
    0x1f, 0xff, 0xff, 0xff, 0xff, 0xff, 0xff, 0xef,
    0xff, 0xef, 0xff, 0xf9, 0x1f, 0xff, 0xff, 0xff,
    0xff, 0xff, 0xfc, 0x8, 0xf8, 0xb, 0xff, 0xf9,
    0x1f, 0xff, 0xfd, 0xdd, 0xdd, 0xdf, 0xfb, 0x0,
    0x30, 0xa, 0xff, 0xf9, 0x1f, 0xff, 0xe0, 0x0,
    0x0, 0x9, 0xff, 0xb0, 0x0, 0xbf, 0xff, 0xf9,
    0x1f, 0xff, 0xf3, 0x33, 0x33, 0x3b, 0xff, 0x50,
    0x0, 0x6f, 0xff, 0xf9, 0x1f, 0xff, 0xff, 0xff,
    0xff, 0xff, 0xf7, 0x0, 0x91, 0x7, 0xff, 0xf9,
    0x1f, 0xff, 0xff, 0xff, 0xff, 0xff, 0xff, 0x5d,
    0xfd, 0x5f, 0xff, 0xf9, 0x1f, 0xff, 0xff, 0xff,
    0xff, 0xff, 0xff, 0xff, 0xff, 0xff, 0xff, 0xf9,
    0x1f, 0xff, 0xff, 0xfe, 0xef, 0xff, 0xff, 0xff,
    0xff, 0xff, 0xff, 0xf9, 0x1f, 0xff, 0xff, 0xf2,
    0x3f, 0xff, 0xfc, 0xcc, 0xcc, 0xcd, 0xff, 0xf9,
    0x1f, 0xff, 0xff, 0xf2, 0x3f, 0xff, 0xf2, 0x0,
    0x0, 0x2, 0xff, 0xf9, 0x1f, 0xff, 0xb5, 0x50,
    0x15, 0x5d, 0xf6, 0x55, 0x55, 0x56, 0xff, 0xf9,
    0x1f, 0xff, 0xb3, 0x30, 0x3, 0x3c, 0xfe, 0xee,
    0xee, 0xee, 0xff, 0xf9, 0x1f, 0xff, 0xff, 0xf2,
    0x3f, 0xff, 0xf2, 0x0, 0x0, 0x2, 0xff, 0xf9,
    0x1f, 0xff, 0xff, 0xf2, 0x3f, 0xff, 0xfb, 0xaa,
    0xaa, 0xab, 0xff, 0xf9, 0x1f, 0xff, 0xff, 0xfb,
    0xcf, 0xff, 0xff, 0xff, 0xff, 0xff, 0xff, 0xf9,
    0x1f, 0xff, 0xff, 0xff, 0xff, 0xff, 0xff, 0xff,
    0xff, 0xff, 0xff, 0xf9, 0xe, 0xff, 0xff, 0xff,
    0xff, 0xff, 0xff, 0xff, 0xff, 0xff, 0xff, 0xf5,
    0x3, 0xdf, 0xff, 0xff, 0xff, 0xff, 0xff, 0xff,
    0xff, 0xff, 0xff, 0x80, 0x0, 0x0, 0x0, 0x0,
    0x0, 0x0, 0x0, 0x0, 0x0, 0x0, 0x0, 0x0,

    /* U+F1F8 "" */
    0x0, 0x0, 0x1, 0x44, 0x44, 0x43, 0x0, 0x0,
    0x0, 0x0, 0x0, 0x2e, 0xff, 0xff, 0xff, 0xa0,
    0x0, 0x0, 0xef, 0xff, 0xff, 0xff, 0xff, 0xff,
    0xff, 0xff, 0xf8, 0xef, 0xff, 0xff, 0xff, 0xff,
    0xff, 0xff, 0xff, 0xf8, 0x78, 0x88, 0x88, 0x88,
    0x88, 0x88, 0x88, 0x88, 0x84, 0x5, 0x77, 0x77,
    0x77, 0x77, 0x77, 0x77, 0x77, 0x20, 0xb, 0xff,
    0xff, 0xff, 0xff, 0xff, 0xff, 0xff, 0x50, 0xb,
    0xff, 0xff, 0xff, 0xff, 0xff, 0xff, 0xff, 0x50,
    0xb, 0xff, 0xff, 0xff, 0xff, 0xff, 0xff, 0xff,
    0x50, 0xb, 0xff, 0xff, 0xff, 0xff, 0xff, 0xff,
    0xff, 0x50, 0xb, 0xff, 0xff, 0xff, 0xff, 0xff,
    0xff, 0xff, 0x50, 0xb, 0xff, 0xff, 0xff, 0xff,
    0xff, 0xff, 0xff, 0x50, 0xb, 0xff, 0xff, 0xff,
    0xff, 0xff, 0xff, 0xff, 0x50, 0xb, 0xff, 0xff,
    0xff, 0xff, 0xff, 0xff, 0xff, 0x50, 0xb, 0xff,
    0xff, 0xff, 0xff, 0xff, 0xff, 0xff, 0x50, 0xb,
    0xff, 0xff, 0xff, 0xff, 0xff, 0xff, 0xff, 0x50,
    0xb, 0xff, 0xff, 0xff, 0xff, 0xff, 0xff, 0xff,
    0x50, 0xb, 0xff, 0xff, 0xff, 0xff, 0xff, 0xff,
    0xff, 0x50, 0xb, 0xff, 0xff, 0xff, 0xff, 0xff,
    0xff, 0xff, 0x50, 0xb, 0xff, 0xff, 0xff, 0xff,
    0xff, 0xff, 0xff, 0x50, 0xa, 0xff, 0xff, 0xff,
    0xff, 0xff, 0xff, 0xff, 0x40, 0x6, 0xff, 0xff,
    0xff, 0xff, 0xff, 0xff, 0xff, 0x10, 0x0, 0x9f,
    0xff, 0xff, 0xff, 0xff, 0xff, 0xe4, 0x0, 0x0,
    0x0, 0x0, 0x0, 0x0, 0x0, 0x0, 0x0, 0x0,

    /* U+F240 "" */
    0x0, 0x0, 0x3b, 0xbb, 0xb7, 0x0, 0x0, 0x0,
    0x0, 0x5f, 0xff, 0xfb, 0x0, 0x0, 0x0, 0x33,
    0x7f, 0xff, 0xfc, 0x33, 0x10, 0xb, 0xff, 0xff,
    0xff, 0xff, 0xff, 0xe2, 0xf, 0xff, 0xff, 0xff,
    0xff, 0xff, 0xf6, 0x1f, 0xff, 0xff, 0xff, 0xff,
    0xff, 0xf7, 0x1f, 0xff, 0xff, 0xff, 0xff, 0xff,
    0xf7, 0x1f, 0xff, 0xff, 0xff, 0xff, 0xff, 0xf7,
    0x1f, 0xff, 0xff, 0xff, 0xff, 0xff, 0xf7, 0x1f,
    0xff, 0xff, 0xff, 0xff, 0xff, 0xf7, 0x1f, 0xff,
    0xff, 0xff, 0xff, 0xff, 0xf7, 0x1f, 0xff, 0xff,
    0xff, 0xff, 0xff, 0xf7, 0x1f, 0xff, 0xff, 0xff,
    0xff, 0xff, 0xf7, 0x1f, 0xff, 0xff, 0xff, 0xff,
    0xff, 0xf7, 0x1f, 0xff, 0xff, 0xff, 0xff, 0xff,
    0xf7, 0x1f, 0xff, 0xff, 0xff, 0xff, 0xff, 0xf7,
    0x1f, 0xff, 0xff, 0xff, 0xff, 0xff, 0xf7, 0x1f,
    0xff, 0xff, 0xff, 0xff, 0xff, 0xf7, 0x1f, 0xff,
    0xff, 0xff, 0xff, 0xff, 0xf7, 0x1f, 0xff, 0xff,
    0xff, 0xff, 0xff, 0xf7, 0x1f, 0xff, 0xff, 0xff,
    0xff, 0xff, 0xf7, 0x1f, 0xff, 0xff, 0xff, 0xff,
    0xff, 0xf7, 0x1f, 0xff, 0xff, 0xff, 0xff, 0xff,
    0xf7, 0x1f, 0xff, 0xff, 0xff, 0xff, 0xff, 0xf7,
    0xc, 0xff, 0xff, 0xff, 0xff, 0xff, 0xf2, 0x0,
    0x34, 0x44, 0x44, 0x44, 0x44, 0x10,

    /* U+F241 "" */
    0x0, 0x0, 0x77, 0x77, 0x70, 0x0, 0x0, 0x0,
    0x0, 0xef, 0xff, 0xf2, 0x0, 0x0, 0x0, 0x0,
    0xef, 0xff, 0xf2, 0x0, 0x0, 0x2e, 0xff, 0xff,
    0xff, 0xff, 0xff, 0xb0, 0x6f, 0xff, 0xff, 0xff,
    0xff, 0xff, 0xf1, 0x7f, 0xf8, 0x88, 0x88, 0x88,
    0xbf, 0xf1, 0x7f, 0xf1, 0x0, 0x0, 0x0, 0x7f,
    0xf1, 0x7f, 0xf1, 0x0, 0x0, 0x0, 0x7f, 0xf1,
    0x7f, 0xf1, 0x0, 0x0, 0x0, 0x7f, 0xf1, 0x7f,
    0xf1, 0x0, 0x0, 0x0, 0x7f, 0xf1, 0x7f, 0xfc,
    0xbb, 0xbb, 0xbb, 0xdf, 0xf1, 0x7f, 0xff, 0xff,
    0xff, 0xff, 0xff, 0xf1, 0x7f, 0xff, 0xff, 0xff,
    0xff, 0xff, 0xf1, 0x7f, 0xff, 0xff, 0xff, 0xff,
    0xff, 0xf1, 0x7f, 0xff, 0xff, 0xff, 0xff, 0xff,
    0xf1, 0x7f, 0xff, 0xff, 0xff, 0xff, 0xff, 0xf1,
    0x7f, 0xff, 0xff, 0xff, 0xff, 0xff, 0xf1, 0x7f,
    0xff, 0xff, 0xff, 0xff, 0xff, 0xf1, 0x7f, 0xff,
    0xff, 0xff, 0xff, 0xff, 0xf1, 0x7f, 0xff, 0xff,
    0xff, 0xff, 0xff, 0xf1, 0x7f, 0xff, 0xff, 0xff,
    0xff, 0xff, 0xf1, 0x7f, 0xff, 0xff, 0xff, 0xff,
    0xff, 0xf1, 0x7f, 0xff, 0xff, 0xff, 0xff, 0xff,
    0xf1, 0x7f, 0xff, 0xff, 0xff, 0xff, 0xff, 0xf1,
    0x4f, 0xff, 0xff, 0xff, 0xff, 0xff, 0xe0, 0x2,
    0x44, 0x44, 0x44, 0x44, 0x44, 0x10,

    /* U+F242 "" */
    0x0, 0x0, 0x77, 0x77, 0x70, 0x0, 0x0, 0x0,
    0x0, 0xef, 0xff, 0xf2, 0x0, 0x0, 0x0, 0x0,
    0xef, 0xff, 0xf2, 0x0, 0x0, 0x2e, 0xff, 0xff,
    0xff, 0xff, 0xff, 0xb0, 0x6f, 0xff, 0xff, 0xff,
    0xff, 0xff, 0xf1, 0x7f, 0xf8, 0x88, 0x88, 0x88,
    0xbf, 0xf1, 0x7f, 0xf1, 0x0, 0x0, 0x0, 0x7f,
    0xf1, 0x7f, 0xf1, 0x0, 0x0, 0x0, 0x7f, 0xf1,
    0x7f, 0xf1, 0x0, 0x0, 0x0, 0x7f, 0xf1, 0x7f,
    0xf1, 0x0, 0x0, 0x0, 0x7f, 0xf1, 0x7f, 0xf1,
    0x0, 0x0, 0x0, 0x7f, 0xf1, 0x7f, 0xf1, 0x0,
    0x0, 0x0, 0x7f, 0xf1, 0x7f, 0xf1, 0x0, 0x0,
    0x0, 0x7f, 0xf1, 0x7f, 0xf1, 0x0, 0x0, 0x0,
    0x7f, 0xf1, 0x7f, 0xf1, 0x0, 0x0, 0x0, 0x7f,
    0xf1, 0x7f, 0xfb, 0xbb, 0xbb, 0xbb, 0xdf, 0xf1,
    0x7f, 0xff, 0xff, 0xff, 0xff, 0xff, 0xf1, 0x7f,
    0xff, 0xff, 0xff, 0xff, 0xff, 0xf1, 0x7f, 0xff,
    0xff, 0xff, 0xff, 0xff, 0xf1, 0x7f, 0xff, 0xff,
    0xff, 0xff, 0xff, 0xf1, 0x7f, 0xff, 0xff, 0xff,
    0xff, 0xff, 0xf1, 0x7f, 0xff, 0xff, 0xff, 0xff,
    0xff, 0xf1, 0x7f, 0xff, 0xff, 0xff, 0xff, 0xff,
    0xf1, 0x7f, 0xff, 0xff, 0xff, 0xff, 0xff, 0xf1,
    0x4f, 0xff, 0xff, 0xff, 0xff, 0xff, 0xe0, 0x2,
    0x44, 0x44, 0x44, 0x44, 0x44, 0x10,

    /* U+F243 "" */
    0x0, 0x0, 0x77, 0x77, 0x70, 0x0, 0x0, 0x0,
    0x0, 0xef, 0xff, 0xf2, 0x0, 0x0, 0x0, 0x0,
    0xef, 0xff, 0xf2, 0x0, 0x0, 0x2e, 0xff, 0xff,
    0xff, 0xff, 0xff, 0xb0, 0x6f, 0xff, 0xff, 0xff,
    0xff, 0xff, 0xf1, 0x7f, 0xf8, 0x88, 0x88, 0x88,
    0xbf, 0xf1, 0x7f, 0xf1, 0x0, 0x0, 0x0, 0x7f,
    0xf1, 0x7f, 0xf1, 0x0, 0x0, 0x0, 0x7f, 0xf1,
    0x7f, 0xf1, 0x0, 0x0, 0x0, 0x7f, 0xf1, 0x7f,
    0xf1, 0x0, 0x0, 0x0, 0x7f, 0xf1, 0x7f, 0xf1,
    0x0, 0x0, 0x0, 0x7f, 0xf1, 0x7f, 0xf1, 0x0,
    0x0, 0x0, 0x7f, 0xf1, 0x7f, 0xf1, 0x0, 0x0,
    0x0, 0x7f, 0xf1, 0x7f, 0xf1, 0x0, 0x0, 0x0,
    0x7f, 0xf1, 0x7f, 0xf1, 0x0, 0x0, 0x0, 0x7f,
    0xf1, 0x7f, 0xf1, 0x0, 0x0, 0x0, 0x7f, 0xf1,
    0x7f, 0xf1, 0x0, 0x0, 0x0, 0x7f, 0xf1, 0x7f,
    0xf1, 0x0, 0x0, 0x0, 0x7f, 0xf1, 0x7f, 0xf1,
    0x0, 0x0, 0x0, 0x7f, 0xf1, 0x7f, 0xf1, 0x0,
    0x0, 0x0, 0x7f, 0xf1, 0x7f, 0xfb, 0xbb, 0xbb,
    0xbb, 0xdf, 0xf1, 0x7f, 0xff, 0xff, 0xff, 0xff,
    0xff, 0xf1, 0x7f, 0xff, 0xff, 0xff, 0xff, 0xff,
    0xf1, 0x7f, 0xff, 0xff, 0xff, 0xff, 0xff, 0xf1,
    0x4f, 0xff, 0xff, 0xff, 0xff, 0xff, 0xe0, 0x2,
    0x44, 0x44, 0x44, 0x44, 0x44, 0x10,

    /* U+F244 "" */
    0x0, 0x0, 0x77, 0x77, 0x70, 0x0, 0x0, 0x0,
    0x0, 0xef, 0xff, 0xf2, 0x0, 0x0, 0x0, 0x0,
    0xef, 0xff, 0xf2, 0x0, 0x0, 0x2e, 0xff, 0xff,
    0xff, 0xff, 0xff, 0xb0, 0x6f, 0xff, 0xff, 0xff,
    0xff, 0xff, 0xf1, 0x7f, 0xf8, 0x88, 0x88, 0x88,
    0xbf, 0xf1, 0x7f, 0xf1, 0x0, 0x0, 0x0, 0x7f,
    0xf1, 0x7f, 0xf1, 0x0, 0x0, 0x0, 0x7f, 0xf1,
    0x7f, 0xf1, 0x0, 0x0, 0x0, 0x7f, 0xf1, 0x7f,
    0xf1, 0x0, 0x0, 0x0, 0x7f, 0xf1, 0x7f, 0xf1,
    0x0, 0x0, 0x0, 0x7f, 0xf1, 0x7f, 0xf1, 0x0,
    0x0, 0x0, 0x7f, 0xf1, 0x7f, 0xf1, 0x0, 0x0,
    0x0, 0x7f, 0xf1, 0x7f, 0xf1, 0x0, 0x0, 0x0,
    0x7f, 0xf1, 0x7f, 0xf1, 0x0, 0x0, 0x0, 0x7f,
    0xf1, 0x7f, 0xf1, 0x0, 0x0, 0x0, 0x7f, 0xf1,
    0x7f, 0xf1, 0x0, 0x0, 0x0, 0x7f, 0xf1, 0x7f,
    0xf1, 0x0, 0x0, 0x0, 0x7f, 0xf1, 0x7f, 0xf1,
    0x0, 0x0, 0x0, 0x7f, 0xf1, 0x7f, 0xf1, 0x0,
    0x0, 0x0, 0x7f, 0xf1, 0x7f, 0xf1, 0x0, 0x0,
    0x0, 0x7f, 0xf1, 0x7f, 0xf1, 0x0, 0x0, 0x0,
    0x7f, 0xf1, 0x7f, 0xf1, 0x0, 0x0, 0x0, 0x7f,
    0xf1, 0x7f, 0xff, 0xff, 0xff, 0xff, 0xff, 0xf1,
    0x5f, 0xff, 0xff, 0xff, 0xff, 0xff, 0xf0, 0x6,
    0x77, 0x77, 0x77, 0x77, 0x77, 0x30,

    /* U+F293 "" */
    0x0, 0x0, 0x0, 0x2, 0xb3, 0x0, 0x0, 0x0,
    0x0, 0x0, 0x0, 0x0, 0x3f, 0xf4, 0x0, 0x0,
    0x0, 0x0, 0x0, 0x0, 0x3, 0xff, 0xf4, 0x0,
    0x0, 0x0, 0x0, 0x0, 0x0, 0x3f, 0xff, 0xf4,
    0x0, 0x0, 0x6, 0x70, 0x0, 0x3, 0xff, 0xff,
    0xf4, 0x0, 0x6, 0xff, 0x70, 0x0, 0x3f, 0xf9,
    0xff, 0xf4, 0x0, 0x2e, 0xff, 0x70, 0x3, 0xff,
    0x35, 0xff, 0xf4, 0x0, 0x2e, 0xff, 0x70, 0x3f,
    0xf3, 0xa, 0xff, 0xd0, 0x0, 0x2e, 0xff, 0x73,
    0xff, 0x38, 0xff, 0xe2, 0x0, 0x0, 0x2e, 0xff,
    0xaf, 0xfb, 0xff, 0xe2, 0x0, 0x0, 0x0, 0x2e,
    0xff, 0xff, 0xff, 0xe2, 0x0, 0x0, 0x0, 0x0,
    0x2e, 0xff, 0xff, 0xe2, 0x0, 0x0, 0x0, 0x0,
    0x0, 0x2f, 0xff, 0xf2, 0x0, 0x0, 0x0, 0x0,
    0x0, 0x7, 0xff, 0xff, 0x70, 0x0, 0x0, 0x0,
    0x0, 0x7, 0xff, 0xff, 0xff, 0x70, 0x0, 0x0,
    0x0, 0x7, 0xff, 0xff, 0xff, 0xff, 0x70, 0x0,
    0x0, 0x7, 0xff, 0xe6, 0xff, 0x6e, 0xff, 0x70,
    0x0, 0x7, 0xff, 0xe2, 0x3f, 0xf3, 0x2e, 0xff,
    0x70, 0x7, 0xff, 0xe2, 0x3, 0xff, 0x30, 0xbf,
    0xfc, 0x6, 0xff, 0xe2, 0x0, 0x3f, 0xf4, 0xbf,
    0xfc, 0x0, 0x1d, 0xe2, 0x0, 0x3, 0xff, 0xdf,
    0xfc, 0x0, 0x0, 0x12, 0x0, 0x0, 0x3f, 0xff,
    0xfc, 0x0, 0x0, 0x0, 0x0, 0x0, 0x3, 0xff,
    0xfb, 0x0, 0x0, 0x0, 0x0, 0x0, 0x0, 0x3f,
    0xfb, 0x0, 0x0, 0x0, 0x0, 0x0, 0x0, 0x3,
    0xfb, 0x0, 0x0, 0x0, 0x0, 0x0, 0x0, 0x0,
    0x4, 0x0, 0x0, 0x0, 0x0,

    /* U+F2C9 "" */
    0x0, 0x0, 0x2, 0x66, 0x20, 0x0, 0x0, 0x0,
    0x0, 0x7f, 0xff, 0xf7, 0x0, 0x0, 0x0, 0x4,
    0xff, 0xff, 0xff, 0x40, 0x0, 0x0, 0x9, 0xff,
    0x22, 0xff, 0xa0, 0x0, 0x0, 0xb, 0xfc, 0x0,
    0xcf, 0xc0, 0x0, 0x0, 0xb, 0xfc, 0x4, 0xdf,
    0xc0, 0x0, 0x0, 0xb, 0xfc, 0xf, 0xff, 0xc0,
    0x0, 0x0, 0xb, 0xfc, 0x0, 0xcf, 0xc0, 0x0,
    0x0, 0xb, 0xfc, 0x0, 0xcf, 0xc0, 0x0, 0x0,
    0xb, 0xfc, 0xf, 0xff, 0xc0, 0x0, 0x0, 0xb,
    0xfc, 0x4, 0xdf, 0xc0, 0x0, 0x0, 0xb, 0xfc,
    0x0, 0xcf, 0xc0, 0x0, 0x0, 0xb, 0xff, 0xff,
    0xff, 0xc0, 0x0, 0x0, 0xb, 0xff, 0xff, 0xff,
    0xc0, 0x0, 0x0, 0xd, 0xff, 0xff, 0xff, 0xd0,
    0x0, 0x0, 0xcf, 0xff, 0xff, 0xff, 0xfc, 0x0,
    0x7, 0xff, 0xff, 0xff, 0xff, 0xff, 0x70, 0xd,
    0xff, 0xff, 0xff, 0xff, 0xff, 0xe0, 0x1f, 0xff,
    0xff, 0xff, 0xff, 0xff, 0xf2, 0x3f, 0xff, 0xff,
    0xff, 0xff, 0xff, 0xf4, 0x1f, 0xff, 0xff, 0xff,
    0xff, 0xff, 0xf2, 0xd, 0xff, 0xff, 0xff, 0xff,
    0xff, 0xe0, 0x6, 0xff, 0xff, 0xff, 0xff, 0xff,
    0x70, 0x0, 0xaf, 0xff, 0xff, 0xff, 0xfb, 0x0,
    0x0, 0x8, 0xff, 0xff, 0xff, 0x90, 0x0, 0x0,
    0x0, 0x17, 0x99, 0x72, 0x0, 0x0,

    /* U+F2DC "" */
    0x0, 0x0, 0x0, 0x0, 0x0, 0x0, 0xbb, 0x50,
    0x0, 0x0, 0x0, 0x0, 0x0, 0x0, 0x0, 0x0,
    0x2, 0x10, 0x0, 0xff, 0x70, 0x0, 0x40, 0x0,
    0x0, 0x0, 0x0, 0x0, 0x0, 0x3e, 0xd1, 0x0,
    0xff, 0x70, 0x8, 0xf9, 0x0, 0x0, 0x0, 0x0,
    0x0, 0x0, 0x8f, 0xfd, 0x10, 0xff, 0x70, 0x8f,
    0xfe, 0x10, 0x0, 0x0, 0x0, 0x0, 0x0, 0x9,
    0xff, 0xd1, 0xff, 0x78, 0xff, 0xe2, 0x0, 0x0,
    0x0, 0x0, 0x1, 0x0, 0x0, 0x9f, 0xfd, 0xff,
    0xdf, 0xfe, 0x20, 0x0, 0x10, 0x0, 0x0, 0x3e,
    0x70, 0x0, 0x9, 0xff, 0xff, 0xff, 0xe2, 0x0,
    0x2, 0xe9, 0x0, 0x0, 0xdf, 0xf7, 0x0, 0x0,
    0x8f, 0xff, 0xfd, 0x20, 0x0, 0x2e, 0xff, 0x40,
    0x0, 0x2e, 0xff, 0x70, 0x0, 0x8, 0xff, 0xd1,
    0x0, 0x2, 0xef, 0xf8, 0x0, 0x0, 0x2, 0xef,
    0xf7, 0x0, 0x0, 0xff, 0x70, 0x0, 0x2e, 0xff,
    0x80, 0x0, 0x0, 0x0, 0x2e, 0xff, 0x60, 0x0,
    0xff, 0x70, 0x1, 0xdf, 0xf8, 0x0, 0x0, 0x17,
    0x77, 0x7a, 0xff, 0xf9, 0x77, 0xff, 0xb7, 0x7d,
    0xff, 0xd7, 0x77, 0x75, 0x4f, 0xff, 0xff, 0xff,
    0xff, 0xff, 0xff, 0xff, 0xff, 0xff, 0xff, 0xff,
    0xfb, 0x4f, 0xff, 0xff, 0xff, 0xff, 0xff, 0xff,
    0xff, 0xff, 0xff, 0xff, 0xff, 0xfb, 0x0, 0x0,
    0x8, 0xff, 0xd2, 0x0, 0xff, 0x70, 0x8, 0xff,
    0xd1, 0x0, 0x0, 0x0, 0x0, 0x8f, 0xfe, 0x10,
    0x0, 0xff, 0x70, 0x0, 0x8f, 0xfd, 0x10, 0x0,
    0x0, 0x8, 0xff, 0xe2, 0x0, 0x2, 0xff, 0x90,
    0x0, 0x9, 0xff, 0xd1, 0x0, 0x0, 0x8f, 0xfe,
    0x20, 0x0, 0x1d, 0xff, 0xf6, 0x0, 0x0, 0x9f,
    0xfd, 0x10, 0x0, 0xaf, 0xe2, 0x0, 0x2, 0xef,
    0xff, 0xff, 0x70, 0x0, 0x9, 0xfe, 0x20, 0x0,
    0x9, 0x20, 0x0, 0x2e, 0xff, 0xff, 0xff, 0xf7,
    0x0, 0x0, 0x83, 0x0, 0x0, 0x0, 0x0, 0x2,
    0xef, 0xf8, 0xff, 0xae, 0xff, 0x70, 0x0, 0x0,
    0x0, 0x0, 0x0, 0x0, 0x2e, 0xff, 0x80, 0xff,
    0x72, 0xef, 0xf7, 0x0, 0x0, 0x0, 0x0, 0x0,
    0x0, 0x9f, 0xf8, 0x0, 0xff, 0x70, 0x2e, 0xfe,
    0x10, 0x0, 0x0, 0x0, 0x0, 0x0, 0xa, 0x80,
    0x0, 0xff, 0x70, 0x2, 0xd3, 0x0, 0x0, 0x0,
    0x0, 0x0, 0x0, 0x0, 0x0, 0x0, 0xff, 0x70,
    0x0, 0x0, 0x0, 0x0, 0x0, 0x0, 0x0, 0x0,
    0x0, 0x0, 0x0, 0x44, 0x10, 0x0, 0x0, 0x0,
    0x0, 0x0,

    /* U+F2E1 "" */
    0x0, 0x0, 0x1, 0xff, 0xff, 0xff, 0xff, 0xff,
    0x10, 0x0, 0x0, 0x0, 0x0, 0x3, 0xff, 0xff,
    0xff, 0xff, 0xff, 0x30, 0x0, 0x0, 0x0, 0x0,
    0x6, 0xff, 0xff, 0xff, 0xff, 0xff, 0x60, 0x0,
    0x0, 0x0, 0x0, 0x9, 0xff, 0xff, 0xff, 0xff,
    0xff, 0x90, 0x0, 0x0, 0x0, 0x0, 0xc, 0xff,
    0xff, 0xff, 0xff, 0xff, 0xc0, 0x0, 0x0, 0x0,
    0x0, 0xe, 0xff, 0xff, 0xff, 0xff, 0xff, 0xe0,
    0x0, 0x0, 0x0, 0x0, 0x1f, 0xff, 0xff, 0xff,
    0xff, 0xff, 0xf1, 0x0, 0x0, 0x0, 0x0, 0x9f,
    0xff, 0xea, 0x88, 0xae, 0xff, 0xf9, 0x0, 0x0,
    0x0, 0x9, 0xff, 0xe6, 0x0, 0x0, 0x0, 0x6e,
    0xff, 0x90, 0x0, 0x0, 0x5f, 0xfd, 0x10, 0x0,
    0x0, 0x0, 0x1, 0xdf, 0xf5, 0x0, 0x0, 0xef,
    0xe1, 0x0, 0x0, 0x0, 0x0, 0x0, 0x1e, 0xfe,
    0x0, 0x6, 0xff, 0x60, 0x0, 0x0, 0x0, 0x0,
    0x0, 0x6, 0xff, 0x50, 0xb, 0xfe, 0x0, 0x0,
    0x0, 0x0, 0x0, 0x0, 0x0, 0xef, 0xb0, 0xd,
    0xfa, 0x0, 0x0, 0x0, 0x0, 0x0, 0x0, 0x0,
    0xaf, 0xd0, 0xf, 0xf8, 0x0, 0x0, 0x0, 0x0,
    0x0, 0x0, 0x0, 0x8f, 0xf0, 0xf, 0xf8, 0x0,
    0x0, 0x0, 0x0, 0x0, 0x0, 0x0, 0x8f, 0xf0,
    0xd, 0xfa, 0x0, 0x0, 0x0, 0x0, 0x0, 0x0,
    0x0, 0xaf, 0xd0, 0xb, 0xfe, 0x0, 0x0, 0x0,
    0x0, 0x0, 0x0, 0x0, 0xef, 0x90, 0x6, 0xff,
    0x60, 0x0, 0x0, 0x0, 0x0, 0x0, 0x6, 0xff,
    0x40, 0x0, 0xef, 0xe1, 0x0, 0x0, 0x0, 0x0,
    0x0, 0x1e, 0xfc, 0x0, 0x0, 0x5f, 0xfd, 0x10,
    0x0, 0x0, 0x0, 0x1, 0xdf, 0xf4, 0x0, 0x0,
    0x9, 0xff, 0xe6, 0x0, 0x0, 0x0, 0x6e, 0xff,
    0x80, 0x0, 0x0, 0x0, 0x9f, 0xff, 0xea, 0x88,
    0xae, 0xff, 0xf9, 0x0, 0x0, 0x0, 0x0, 0x1f,
    0xff, 0xff, 0xff, 0xff, 0xff, 0xf1, 0x0, 0x0,
    0x0, 0x0, 0xe, 0xff, 0xff, 0xff, 0xff, 0xff,
    0xe0, 0x0, 0x0, 0x0, 0x0, 0xc, 0xff, 0xff,
    0xff, 0xff, 0xff, 0xc0, 0x0, 0x0, 0x0, 0x0,
    0x9, 0xff, 0xff, 0xff, 0xff, 0xff, 0x90, 0x0,
    0x0, 0x0, 0x0, 0x6, 0xff, 0xff, 0xff, 0xff,
    0xff, 0x60, 0x0, 0x0, 0x0, 0x0, 0x3, 0xff,
    0xff, 0xff, 0xff, 0xff, 0x30, 0x0, 0x0, 0x0,
    0x0, 0x1, 0xff, 0xff, 0xff, 0xff, 0xff, 0x10,
    0x0, 0x0,

    /* U+F34E "" */
    0x0, 0x0, 0x1, 0x50, 0x0, 0x0, 0x0, 0x0,
    0x0, 0x2, 0x40, 0x0, 0x0, 0x0, 0x0, 0x3e,
    0xf4, 0x0, 0x0, 0x0, 0x0, 0x0, 0x1d, 0xf7,
    0x0, 0x0, 0x0, 0x5, 0xff, 0xf8, 0x0, 0x0,
    0x0, 0x0, 0x0, 0x3f, 0xff, 0x90, 0x0, 0x0,
    0x7f, 0xff, 0x50, 0x16, 0xbd, 0xff, 0xec, 0x83,
    0x2, 0xdf, 0xfc, 0x10, 0xa, 0xff, 0xe3, 0x8,
    0xff, 0xff, 0xff, 0xff, 0xff, 0xb2, 0x1c, 0xff,
    0xd2, 0x3f, 0xfd, 0x11, 0xdf, 0xff, 0xea, 0x98,
    0x9d, 0xff, 0xff, 0x50, 0x9f, 0xf8, 0x5, 0xa0,
    0x2e, 0xff, 0xc4, 0x0, 0x0, 0x0, 0x29, 0xff,
    0xf6, 0x7, 0xb0, 0x0, 0x1, 0xdf, 0xf8, 0x0,
    0x0, 0x0, 0x0, 0x0, 0x4e, 0xff, 0x40, 0x0,
    0x0, 0x9, 0xff, 0x70, 0x0, 0x1, 0xfc, 0x0,
    0x0, 0x2, 0xff, 0xe0, 0x0, 0x0, 0x2f, 0xfb,
    0x0, 0x0, 0x1, 0xfc, 0x0, 0x0, 0x0, 0x5f,
    0xf8, 0x0, 0x0, 0x9f, 0xf2, 0x0, 0x0, 0x1,
    0xfc, 0x0, 0x0, 0x0, 0xc, 0xfe, 0x0, 0x0,
    0xef, 0xb0, 0x0, 0x0, 0x1, 0xfc, 0x0, 0x0,
    0x0, 0x6, 0xff, 0x30, 0x1, 0xff, 0x70, 0x0,
    0x0, 0x1, 0xfc, 0x0, 0x0, 0x0, 0x1, 0xff,
    0x60, 0x2, 0xff, 0x50, 0x0, 0x0, 0x1, 0xfc,
    0x0, 0x0, 0x0, 0x0, 0xff, 0x80, 0x3, 0xff,
    0x40, 0x0, 0x0, 0x1, 0xfd, 0x10, 0x0, 0x0,
    0x0, 0xff, 0x90, 0x1, 0xff, 0x60, 0x0, 0x0,
    0x0, 0xdf, 0xe7, 0x0, 0x0, 0x0, 0xff, 0x70,
    0x0, 0xff, 0x90, 0x0, 0x0, 0x0, 0x7, 0xff,
    0xd4, 0x0, 0x3, 0xff, 0x50, 0x0, 0xbf, 0xe0,
    0x0, 0x0, 0x0, 0x0, 0x19, 0xff, 0x90, 0x9,
    0xff, 0x10, 0x0, 0x6f, 0xf6, 0x0, 0x0, 0x0,
    0x0, 0x0, 0x3c, 0x40, 0x1f, 0xfb, 0x0, 0x0,
    0xd, 0xfe, 0x20, 0x0, 0x0, 0x0, 0x0, 0x0,
    0x0, 0xbf, 0xf3, 0x0, 0x0, 0x4, 0xff, 0xd2,
    0x0, 0x0, 0x0, 0x0, 0x0, 0x9, 0xff, 0xa0,
    0x0, 0x0, 0x0, 0x7f, 0xfe, 0x40, 0x0, 0x0,
    0x0, 0x2, 0xbf, 0xfc, 0x0, 0x0, 0x0, 0x0,
    0x8, 0xff, 0xfc, 0x62, 0x0, 0x14, 0x9f, 0xff,
    0xc1, 0x0, 0x0, 0x0, 0x0, 0x0, 0x5e, 0xff,
    0xff, 0xff, 0xff, 0xff, 0xf9, 0x0, 0x0, 0x0,
    0x0, 0x0, 0x0, 0x0, 0x8d, 0xff, 0xff, 0xff,
    0xfa, 0x20, 0x0, 0x0, 0x0, 0x0, 0x0, 0x0,
    0x0, 0x0, 0x25, 0x67, 0x53, 0x0, 0x0, 0x0,
    0x0, 0x0,

    /* U+F364 "" */
    0x0, 0x0, 0x0, 0x0, 0x0, 0x0, 0x0, 0x0,
    0x0, 0x0, 0x0, 0x0, 0x0, 0x0, 0x0, 0x0,
    0x0, 0x0, 0x0, 0x0, 0x0, 0xb0, 0x0, 0x0,
    0x0, 0x0, 0x0, 0x0, 0x0, 0x0, 0x0, 0x0,
    0x0, 0xec, 0x0, 0x0, 0x0, 0x0, 0x0, 0x0,
    0x0, 0x0, 0x0, 0x0, 0x0, 0xef, 0xc0, 0x0,
    0x0, 0x7, 0x88, 0x88, 0x88, 0x88, 0x88, 0x88,
    0x88, 0xff, 0xfc, 0x0, 0x0, 0xe, 0xff, 0xff,
    0xff, 0xff, 0xff, 0xff, 0xff, 0xff, 0xff, 0xc0,
    0x0, 0xe, 0xff, 0xff, 0xff, 0xff, 0xff, 0xff,
    0xff, 0xff, 0xff, 0x40, 0x0, 0xe, 0xf8, 0x0,
    0x0, 0x0, 0x0, 0x0, 0x0, 0xef, 0xf4, 0x0,
    0x0, 0xe, 0xf8, 0x0, 0x0, 0x0, 0x0, 0x0,
    0x0, 0xef, 0x40, 0x0, 0x0, 0xe, 0xf8, 0x0,
    0x0, 0x0, 0x0, 0x0, 0x0, 0xe4, 0x0, 0x0,
    0x0, 0xe, 0xf8, 0x0, 0x0, 0x0, 0x0, 0x0,
    0x0, 0x30, 0x0, 0x0, 0x0, 0xe, 0xf8, 0x0,
    0x0, 0x0, 0x0, 0x0, 0x0, 0x0, 0x0, 0x0,
    0x0, 0x0, 0x0, 0x0, 0x0, 0x0, 0x0, 0x0,
    0x0, 0x0, 0x0, 0x0, 0x0, 0x0, 0x0, 0x0,
    0x0, 0x0, 0x0, 0x0, 0x0, 0x0, 0x0, 0x0,
    0x0, 0x0, 0x0, 0x0, 0x0, 0x0, 0x0, 0x0,
    0x0, 0x88, 0x40, 0x0, 0x0, 0x0, 0x0, 0x0,
    0x0, 0x0, 0x0, 0x0, 0x0, 0xef, 0x80, 0x0,
    0x0, 0x0, 0x48, 0x0, 0x0, 0x0, 0x0, 0x0,
    0x0, 0xef, 0x80, 0x0, 0x0, 0x4, 0xf8, 0x0,
    0x0, 0x0, 0x0, 0x0, 0x0, 0xef, 0x80, 0x0,
    0x0, 0x4f, 0xf8, 0x0, 0x0, 0x0, 0x0, 0x0,
    0x0, 0xef, 0x80, 0x0, 0x4, 0xff, 0xfc, 0x88,
    0x88, 0x88, 0x88, 0x88, 0x88, 0xff, 0x80, 0x0,
    0x2f, 0xff, 0xff, 0xff, 0xff, 0xff, 0xff, 0xff,
    0xff, 0xff, 0x80, 0x0, 0xa, 0xff, 0xff, 0xff,
    0xff, 0xff, 0xff, 0xff, 0xff, 0xff, 0x80, 0x0,
    0x0, 0xaf, 0xf8, 0x0, 0x0, 0x0, 0x0, 0x0,
    0x0, 0x0, 0x0, 0x0, 0x0, 0xa, 0xf8, 0x0,
    0x0, 0x0, 0x0, 0x0, 0x0, 0x0, 0x0, 0x0,
    0x0, 0x0, 0xa8, 0x0, 0x0, 0x0, 0x0, 0x0,
    0x0, 0x0, 0x0, 0x0, 0x0, 0x0, 0x3, 0x0,
    0x0, 0x0, 0x0, 0x0, 0x0, 0x0, 0x0, 0x0,

    /* U+F376 "" */
    0x0, 0x0, 0x27, 0x77, 0x73, 0x0, 0x0, 0x0,
    0x0, 0x5f, 0xff, 0xf7, 0x0, 0x0, 0x0, 0x0,
    0x5f, 0xff, 0xf7, 0x0, 0x0, 0x8, 0xff, 0xff,
    0xff, 0xff, 0xff, 0x90, 0x1f, 0xff, 0xff, 0xff,
    0xff, 0xff, 0xf2, 0x1f, 0xff, 0xff, 0xff, 0xff,
    0xff, 0xf3, 0x1f, 0xff, 0xff, 0xff, 0xff, 0xff,
    0xf3, 0x1f, 0xff, 0xff, 0xfc, 0xdf, 0xff, 0xf3,
    0x1f, 0xff, 0xff, 0xf4, 0xdf, 0xff, 0xf3, 0x1f,
    0xff, 0xff, 0xc0, 0xdf, 0xff, 0xf3, 0x1f, 0xff,
    0xff, 0x30, 0xdf, 0xff, 0xf3, 0x1f, 0xff, 0xfb,
    0x0, 0xdf, 0xff, 0xf3, 0x1f, 0xff, 0xf3, 0x0,
    0xdf, 0xff, 0xf3, 0x1f, 0xff, 0xb0, 0x0, 0x8a,
    0xcf, 0xf3, 0x1f, 0xff, 0x30, 0x0, 0x0, 0xcf,
    0xf3, 0x1f, 0xfa, 0x0, 0x0, 0x4, 0xff, 0xf3,
    0x1f, 0xff, 0xfe, 0x0, 0xc, 0xff, 0xf3, 0x1f,
    0xff, 0xfe, 0x0, 0x4f, 0xff, 0xf3, 0x1f, 0xff,
    0xfe, 0x0, 0xcf, 0xff, 0xf3, 0x1f, 0xff, 0xfe,
    0x5, 0xff, 0xff, 0xf3, 0x1f, 0xff, 0xfe, 0xd,
    0xff, 0xff, 0xf3, 0x1f, 0xff, 0xfe, 0x5f, 0xff,
    0xff, 0xf3, 0x1f, 0xff, 0xfe, 0xdf, 0xff, 0xff,
    0xf3, 0x1f, 0xff, 0xff, 0xff, 0xff, 0xff, 0xf3,
    0xe, 0xff, 0xff, 0xff, 0xff, 0xff, 0xe0, 0x1,
    0x66, 0x66, 0x66, 0x66, 0x66, 0x20,

    /* U+F377 "" */
    0x0, 0x0, 0x77, 0x77, 0x70, 0x0, 0x0, 0x0,
    0x0, 0xef, 0xff, 0xf2, 0x0, 0x0, 0x0, 0x0,
    0xef, 0xff, 0xf2, 0x0, 0x0, 0x1d, 0xff, 0xff,
    0xff, 0xff, 0xff, 0x80, 0x6f, 0xff, 0xff, 0xff,
    0xff, 0xff, 0xf0, 0x7f, 0xff, 0xff, 0xff, 0xff,
    0xff, 0xf1, 0x7f, 0xff, 0xff, 0xff, 0xff, 0xff,
    0xf1, 0x7f, 0xff, 0xff, 0xff, 0xff, 0xff, 0xf1,
    0x7f, 0xff, 0xc4, 0x1, 0x7f, 0xff, 0xf1, 0x7f,
    0xfc, 0x0, 0x0, 0x4, 0xff, 0xf1, 0x7f, 0xf4,
    0xa, 0xfd, 0x10, 0xaf, 0xf1, 0x7f, 0xf8, 0x8f,
    0xff, 0x80, 0x7f, 0xf1, 0x7f, 0xff, 0xff, 0xff,
    0x60, 0x9f, 0xf1, 0x7f, 0xff, 0xff, 0xfa, 0x1,
    0xff, 0xf1, 0x7f, 0xff, 0xff, 0xb0, 0x1d, 0xff,
    0xf1, 0x7f, 0xff, 0xff, 0x10, 0xbf, 0xff, 0xf1,
    0x7f, 0xff, 0xfe, 0x45, 0xff, 0xff, 0xf1, 0x7f,
    0xff, 0xff, 0xff, 0xff, 0xff, 0xf1, 0x7f, 0xff,
    0xfa, 0x0, 0xff, 0xff, 0xf1, 0x7f, 0xff, 0xfa,
    0x0, 0xff, 0xff, 0xf1, 0x7f, 0xff, 0xfe, 0xcc,
    0xff, 0xff, 0xf1, 0x7f, 0xff, 0xff, 0xff, 0xff,
    0xff, 0xf1, 0x7f, 0xff, 0xff, 0xff, 0xff, 0xff,
    0xf1, 0x6f, 0xff, 0xff, 0xff, 0xff, 0xff, 0xf1,
    0x2f, 0xff, 0xff, 0xff, 0xff, 0xff, 0xc0, 0x1,
    0x44, 0x44, 0x44, 0x44, 0x43, 0x0,

    /* U+F3C5 "" */
    0x0, 0x0, 0x0, 0x15, 0x67, 0x51, 0x0, 0x0,
    0x0, 0x0, 0x0, 0x3c, 0xff, 0xff, 0xff, 0xc3,
    0x0, 0x0, 0x0, 0x8, 0xff, 0xff, 0xff, 0xff,
    0xff, 0x80, 0x0, 0x0, 0x8f, 0xff, 0xff, 0xff,
    0xff, 0xff, 0xf8, 0x0, 0x5, 0xff, 0xff, 0xff,
    0xff, 0xff, 0xff, 0xff, 0x50, 0xd, 0xff, 0xff,
    0xff, 0xff, 0xff, 0xff, 0xff, 0xd0, 0x4f, 0xff,
    0xff, 0xf9, 0x33, 0x9f, 0xff, 0xff, 0xf4, 0x8f,
    0xff, 0xff, 0x70, 0x0, 0x7, 0xff, 0xff, 0xf8,
    0xaf, 0xff, 0xff, 0x0, 0x0, 0x0, 0xff, 0xff,
    0xfa, 0xbf, 0xff, 0xff, 0x0, 0x0, 0x0, 0xff,
    0xff, 0xfb, 0x9f, 0xff, 0xff, 0x30, 0x0, 0x3,
    0xff, 0xff, 0xf9, 0x6f, 0xff, 0xff, 0xd1, 0x0,
    0x1d, 0xff, 0xff, 0xf6, 0x1f, 0xff, 0xff, 0xff,
    0xbb, 0xff, 0xff, 0xff, 0xf1, 0xc, 0xff, 0xff,
    0xff, 0xff, 0xff, 0xff, 0xff, 0xc0, 0x5, 0xff,
    0xff, 0xff, 0xff, 0xff, 0xff, 0xff, 0x50, 0x0,
    0xef, 0xff, 0xff, 0xff, 0xff, 0xff, 0xfe, 0x0,
    0x0, 0x6f, 0xff, 0xff, 0xff, 0xff, 0xff, 0xf5,
    0x0, 0x0, 0xd, 0xff, 0xff, 0xff, 0xff, 0xff,
    0xc0, 0x0, 0x0, 0x4, 0xff, 0xff, 0xff, 0xff,
    0xff, 0x30, 0x0, 0x0, 0x0, 0x9f, 0xff, 0xff,
    0xff, 0xf8, 0x0, 0x0, 0x0, 0x0, 0xd, 0xff,
    0xff, 0xff, 0xd0, 0x0, 0x0, 0x0, 0x0, 0x3,
    0xff, 0xff, 0xff, 0x30, 0x0, 0x0, 0x0, 0x0,
    0x0, 0x7f, 0xff, 0xf7, 0x0, 0x0, 0x0, 0x0,
    0x0, 0x0, 0xa, 0xff, 0xb0, 0x0, 0x0, 0x0,
    0x0, 0x0, 0x0, 0x0, 0xcd, 0x10, 0x0, 0x0,
    0x0, 0x0, 0x0, 0x0, 0x0, 0x11, 0x0, 0x0,
    0x0, 0x0,

    /* U+F4DA "" */
    0x0, 0x0, 0x0, 0x0, 0x0, 0x35, 0x67, 0x53,
    0x0, 0x0, 0x0, 0x0, 0x0, 0x0, 0x0, 0x0,
    0x2, 0xae, 0xff, 0xff, 0xff, 0xea, 0x20, 0x0,
    0x0, 0x0, 0x0, 0x0, 0x1, 0xaf, 0xff, 0xff,
    0xff, 0xff, 0xff, 0xfa, 0x10, 0x0, 0x0, 0x0,
    0x0, 0x2d, 0xff, 0xfa, 0x52, 0x0, 0x25, 0xaf,
    0xff, 0xd2, 0x0, 0x0, 0x0, 0x2, 0xef, 0xfa,
    0x20, 0x0, 0x0, 0x0, 0x2, 0xaf, 0xfe, 0x20,
    0x0, 0x0, 0x1d, 0xff, 0x70, 0x0, 0x0, 0x0,
    0x0, 0x0, 0x7, 0xff, 0xd1, 0x0, 0x0, 0xaf,
    0xf7, 0x0, 0x0, 0x0, 0x0, 0x0, 0x0, 0x0,
    0x7f, 0xfa, 0x0, 0x3, 0xff, 0xa0, 0x0, 0x0,
    0x0, 0x0, 0x0, 0x0, 0x0, 0xa, 0xff, 0x20,
    0xa, 0xff, 0x10, 0x8, 0xeb, 0x0, 0x0, 0x0,
    0xbe, 0x80, 0x2, 0xff, 0xa0, 0xe, 0xfa, 0x0,
    0x2f, 0xff, 0x60, 0x0, 0x6, 0xff, 0xf2, 0x0,
    0xaf, 0xe0, 0x3f, 0xf5, 0x0, 0x1f, 0xff, 0x50,
    0x0, 0x5, 0xff, 0xf1, 0x0, 0x5f, 0xf3, 0x5f,
    0xf1, 0x0, 0x5, 0xb7, 0x0, 0x0, 0x0, 0x7b,
    0x50, 0x0, 0x2f, 0xf5, 0x7f, 0xf0, 0x0, 0x0,
    0x0, 0x0, 0x0, 0x0, 0x0, 0x0, 0x0, 0xf,
    0xf7, 0x7f, 0xf0, 0x0, 0x0, 0x0, 0x0, 0x0,
    0x0, 0x0, 0x0, 0x0, 0xf, 0xf6, 0x5f, 0xf1,
    0x0, 0x0, 0x0, 0x0, 0x0, 0x0, 0x0, 0x0,
    0x0, 0x2f, 0xf5, 0x3f, 0xf5, 0x0, 0x17, 0x60,
    0x0, 0x0, 0x0, 0x6, 0x71, 0x0, 0x5f, 0xf3,
    0xf, 0xfa, 0x0, 0xc, 0xf7, 0x0, 0x0, 0x0,
    0x7f, 0xc0, 0x0, 0xaf, 0xe0, 0xa, 0xff, 0x10,
    0x2, 0xef, 0xa3, 0x11, 0x4a, 0xfe, 0x20, 0x2,
    0xff, 0xa0, 0x3, 0xff, 0xa0, 0x0, 0x2d, 0xff,
    0xff, 0xff, 0xd2, 0x0, 0xa, 0xff, 0x20, 0x0,
    0xaf, 0xf7, 0x0, 0x0, 0x6a, 0xdd, 0xa6, 0x0,
    0x0, 0x7f, 0xfa, 0x0, 0x0, 0x1d, 0xff, 0x70,
    0x0, 0x0, 0x0, 0x0, 0x0, 0x7, 0xff, 0xd1,
    0x0, 0x0, 0x2, 0xef, 0xfa, 0x10, 0x0, 0x0,
    0x0, 0x1, 0xaf, 0xfe, 0x20, 0x0, 0x0, 0x0,
    0x2d, 0xff, 0xfa, 0x51, 0x0, 0x15, 0xaf, 0xff,
    0xd2, 0x0, 0x0, 0x0, 0x0, 0x1, 0xaf, 0xff,
    0xff, 0xff, 0xff, 0xff, 0xfa, 0x10, 0x0, 0x0,
    0x0, 0x0, 0x0, 0x3, 0xaf, 0xff, 0xff, 0xff,
    0xea, 0x30, 0x0, 0x0, 0x0, 0x0, 0x0, 0x0,
    0x0, 0x0, 0x35, 0x77, 0x53, 0x0, 0x0, 0x0,
    0x0, 0x0,

    /* U+F530 "" */
    0x0, 0x0, 0x0, 0x0, 0x0, 0x0, 0x23, 0x32,
    0x0, 0x0, 0x0, 0x0, 0x0, 0x0, 0x0, 0x0,
    0x0, 0x0, 0x28, 0xcf, 0xff, 0xff, 0xfc, 0x82,
    0x0, 0x0, 0x0, 0x0, 0x0, 0x0, 0x0, 0x3c,
    0xff, 0xff, 0xff, 0xff, 0xff, 0xff, 0xb2, 0x0,
    0x0, 0x0, 0x0, 0x0, 0x9, 0xff, 0xff, 0xff,
    0xfe, 0xef, 0xff, 0xff, 0xff, 0x80, 0x0, 0x0,
    0x0, 0x1, 0xcf, 0xff, 0xff, 0xd6, 0x0, 0x1,
    0x6e, 0xff, 0xff, 0xfb, 0x10, 0x0, 0x0, 0xc,
    0xff, 0xff, 0xfb, 0x0, 0x0, 0x0, 0x1, 0xcf,
    0xff, 0xff, 0xc0, 0x0, 0x0, 0xbf, 0xff, 0xff,
    0xd0, 0x0, 0x49, 0x94, 0x0, 0xd, 0xff, 0xff,
    0xfb, 0x0, 0x6, 0xff, 0xff, 0xff, 0x40, 0xa,
    0xff, 0xff, 0x90, 0x4, 0xff, 0xff, 0xff, 0x60,
    0x1f, 0xff, 0xff, 0xfe, 0x0, 0x6f, 0xff, 0xff,
    0xf5, 0x0, 0xff, 0xff, 0xff, 0xe0, 0x7f, 0xff,
    0xff, 0xfc, 0x0, 0xbf, 0xff, 0xff, 0xfa, 0x0,
    0xcf, 0xff, 0xff, 0xf7, 0x9f, 0xff, 0xff, 0xfc,
    0x0, 0xbf, 0xff, 0xff, 0xfb, 0x0, 0xcf, 0xff,
    0xff, 0xf8, 0x2f, 0xff, 0xff, 0xfe, 0x0, 0x7f,
    0xff, 0xff, 0xf6, 0x0, 0xff, 0xff, 0xff, 0xf1,
    0x8, 0xff, 0xff, 0xff, 0x40, 0xc, 0xff, 0xff,
    0xc0, 0x4, 0xff, 0xff, 0xff, 0x70, 0x0, 0xcf,
    0xff, 0xff, 0xd0, 0x0, 0x8c, 0xc8, 0x0, 0xd,
    0xff, 0xff, 0xfc, 0x0, 0x0, 0x1d, 0xff, 0xff,
    0xfb, 0x0, 0x0, 0x0, 0x1, 0xbf, 0xff, 0xff,
    0xd1, 0x0, 0x0, 0x2, 0xdf, 0xff, 0xff, 0xd5,
    0x0, 0x1, 0x6e, 0xff, 0xff, 0xfc, 0x10, 0x0,
    0x0, 0x0, 0xa, 0xff, 0xff, 0xff, 0xfe, 0xef,
    0xff, 0xff, 0xff, 0x90, 0x0, 0x0, 0x0, 0x0,
    0x0, 0x3c, 0xff, 0xff, 0xff, 0xff, 0xff, 0xff,
    0xc3, 0x0, 0x0, 0x0, 0x0, 0x0, 0x0, 0x0,
    0x39, 0xdf, 0xff, 0xff, 0xfd, 0x93, 0x0, 0x0,
    0x0, 0x0, 0x0, 0x0, 0x0, 0x0, 0x0, 0x0,
    0x23, 0x32, 0x0, 0x0, 0x0, 0x0, 0x0, 0x0,

    /* U+F556 "" */
    0x0, 0x0, 0x0, 0x0, 0x0, 0x35, 0x67, 0x53,
    0x0, 0x0, 0x0, 0x0, 0x0, 0x0, 0x0, 0x0,
    0x2, 0xae, 0xff, 0xff, 0xff, 0xea, 0x20, 0x0,
    0x0, 0x0, 0x0, 0x0, 0x1, 0xaf, 0xff, 0xff,
    0xff, 0xff, 0xff, 0xfa, 0x10, 0x0, 0x0, 0x0,
    0x0, 0x2d, 0xff, 0xfa, 0x52, 0x0, 0x25, 0xaf,
    0xff, 0xd2, 0x0, 0x0, 0x0, 0x2, 0xef, 0xfa,
    0x20, 0x0, 0x0, 0x0, 0x2, 0xaf, 0xfe, 0x20,
    0x0, 0x0, 0x1d, 0xff, 0x70, 0x0, 0x0, 0x0,
    0x0, 0x0, 0x7, 0xff, 0xd1, 0x0, 0x0, 0xaf,
    0xf7, 0x0, 0x0, 0x0, 0x0, 0x0, 0x0, 0x0,
    0x7f, 0xfa, 0x0, 0x3, 0xff, 0xa0, 0x0, 0x0,
    0x0, 0x0, 0x0, 0x0, 0x0, 0xa, 0xff, 0x20,
    0xa, 0xff, 0x10, 0x8, 0xeb, 0x0, 0x0, 0x0,
    0xbe, 0x80, 0x2, 0xff, 0xa0, 0xe, 0xfa, 0x0,
    0x2f, 0xff, 0x60, 0x0, 0x6, 0xff, 0xf2, 0x0,
    0xaf, 0xe0, 0x3f, 0xf5, 0x0, 0x1f, 0xff, 0x50,
    0x0, 0x5, 0xff, 0xf1, 0x0, 0x5f, 0xf3, 0x5f,
    0xf1, 0x0, 0x5, 0xb7, 0x0, 0x0, 0x0, 0x7b,
    0x50, 0x0, 0x2f, 0xf5, 0x7f, 0xf0, 0x0, 0x0,
    0x0, 0x0, 0x0, 0x0, 0x0, 0x0, 0x0, 0xf,
    0xf7, 0x7f, 0xf0, 0x0, 0x0, 0x0, 0x0, 0x0,
    0x0, 0x0, 0x0, 0x0, 0xf, 0xf6, 0x5f, 0xf1,
    0x0, 0x0, 0x0, 0x0, 0x0, 0x0, 0x0, 0x0,
    0x0, 0x2f, 0xf5, 0x3f, 0xf5, 0x0, 0x0, 0x0,
    0x3, 0x55, 0x30, 0x0, 0x0, 0x0, 0x5f, 0xf3,
    0xf, 0xfa, 0x0, 0x0, 0x6, 0xef, 0xff, 0xfe,
    0x60, 0x0, 0x0, 0xaf, 0xe0, 0xa, 0xff, 0x10,
    0x0, 0x9f, 0xff, 0xff, 0xff, 0xf9, 0x0, 0x2,
    0xff, 0xa0, 0x3, 0xff, 0xa0, 0x8, 0xff, 0xff,
    0xff, 0xff, 0xff, 0x80, 0xa, 0xff, 0x20, 0x0,
    0xaf, 0xf7, 0x1e, 0xff, 0xff, 0xff, 0xff, 0xff,
    0xe1, 0x7f, 0xfa, 0x0, 0x0, 0x1d, 0xff, 0x70,
    0x0, 0x0, 0x0, 0x0, 0x0, 0x7, 0xff, 0xd1,
    0x0, 0x0, 0x2, 0xef, 0xfa, 0x10, 0x0, 0x0,
    0x0, 0x1, 0xaf, 0xfe, 0x20, 0x0, 0x0, 0x0,
    0x2d, 0xff, 0xfa, 0x51, 0x0, 0x15, 0xaf, 0xff,
    0xd2, 0x0, 0x0, 0x0, 0x0, 0x1, 0xaf, 0xff,
    0xff, 0xff, 0xff, 0xff, 0xfa, 0x10, 0x0, 0x0,
    0x0, 0x0, 0x0, 0x3, 0xaf, 0xff, 0xff, 0xff,
    0xea, 0x30, 0x0, 0x0, 0x0, 0x0, 0x0, 0x0,
    0x0, 0x0, 0x35, 0x77, 0x53, 0x0, 0x0, 0x0,
    0x0, 0x0,

    /* U+F579 "" */
    0x0, 0x0, 0x0, 0x0, 0x2, 0x78, 0xaa, 0x87,
    0x20, 0x0, 0x0, 0x0, 0x0, 0x0, 0x0, 0x0,
    0x6, 0xdf, 0xff, 0xff, 0xff, 0xfd, 0x60, 0x0,
    0x0, 0x0, 0x0, 0x0, 0x2, 0xdf, 0xff, 0xff,
    0xff, 0xff, 0xff, 0xfd, 0x20, 0x0, 0x0, 0x0,
    0x0, 0x4f, 0xff, 0xff, 0xff, 0xff, 0xff, 0xff,
    0xff, 0xf4, 0x0, 0x0, 0x0, 0x4, 0xff, 0xff,
    0xff, 0xff, 0xff, 0xff, 0xff, 0xff, 0xff, 0x30,
    0x0, 0x0, 0x2e, 0xff, 0xff, 0xf6, 0xef, 0xff,
    0xff, 0xff, 0xff, 0xff, 0xe2, 0x0, 0x0, 0xbf,
    0xff, 0xff, 0xc0, 0x2e, 0xff, 0xff, 0xff, 0xff,
    0xff, 0xfb, 0x0, 0x4, 0xff, 0xff, 0xff, 0x30,
    0x1, 0xcf, 0xff, 0xff, 0xff, 0xff, 0xff, 0x40,
    0xb, 0xff, 0xff, 0xf6, 0x0, 0x0, 0x6, 0xef,
    0xff, 0xff, 0xff, 0xff, 0xb0, 0xf, 0xff, 0xff,
    0x70, 0x0, 0x0, 0x0, 0x5, 0xbf, 0xff, 0xff,
    0xff, 0xf0, 0x4f, 0xff, 0xe5, 0x0, 0x0, 0x0,
    0x0, 0x0, 0x0, 0x23, 0x32, 0x4f, 0xf3, 0x5f,
    0xf8, 0x0, 0x0, 0x0, 0x0, 0x0, 0x0, 0x0,
    0x0, 0x0, 0x1f, 0xf5, 0x7f, 0xf0, 0x0, 0x0,
    0x12, 0x0, 0x0, 0x0, 0x21, 0x0, 0x0, 0xf,
    0xf7, 0x6f, 0xf0, 0x0, 0x1, 0xef, 0x80, 0x0,
    0x8, 0xfe, 0x10, 0x0, 0xf, 0xf6, 0x5f, 0xf2,
    0x0, 0x4, 0xff, 0xc0, 0x0, 0xc, 0xff, 0x40,
    0x0, 0x2f, 0xf5, 0x3f, 0xf5, 0x0, 0x0, 0x9c,
    0x30, 0x0, 0x3, 0xc9, 0x0, 0x0, 0x5f, 0xf3,
    0xe, 0xfa, 0x0, 0x0, 0x0, 0x0, 0x0, 0x0,
    0x0, 0x0, 0x0, 0xaf, 0xe0, 0xa, 0xff, 0x20,
    0x0, 0x0, 0x0, 0x0, 0x0, 0x0, 0x0, 0x2,
    0xff, 0x90, 0x2, 0xff, 0xb0, 0x0, 0x0, 0x0,
    0x0, 0x0, 0x0, 0x0, 0xb, 0xff, 0x20, 0x0,
    0x9f, 0xf8, 0x0, 0x0, 0x0, 0x0, 0x0, 0x0,
    0x0, 0x8f, 0xf9, 0x0, 0x0, 0xd, 0xff, 0x80,
    0x0, 0x0, 0x0, 0x0, 0x0, 0x8, 0xff, 0xd0,
    0x0, 0x0, 0x2, 0xef, 0xfb, 0x20, 0x0, 0x0,
    0x0, 0x2, 0xbf, 0xfe, 0x20, 0x0, 0x0, 0x0,
    0x2d, 0xff, 0xfa, 0x52, 0x0, 0x25, 0xaf, 0xff,
    0xd2, 0x0, 0x0, 0x0, 0x0, 0x1, 0xaf, 0xff,
    0xff, 0xff, 0xff, 0xff, 0xf9, 0x0, 0x0, 0x0,
    0x0, 0x0, 0x0, 0x2, 0xae, 0xff, 0xff, 0xff,
    0xea, 0x20, 0x0, 0x0, 0x0, 0x0, 0x0, 0x0,
    0x0, 0x0, 0x35, 0x77, 0x53, 0x0, 0x0, 0x0,
    0x0, 0x0,

    /* U+F584 "" */
    0x0, 0x0, 0x0, 0x23, 0x20, 0x0, 0x0, 0x0,
    0x1, 0x33, 0x0, 0x0, 0x0, 0x0, 0x0, 0x8e,
    0xff, 0xff, 0xa2, 0x0, 0x6, 0xdf, 0xff, 0xfb,
    0x30, 0x0, 0x0, 0x2d, 0xff, 0xff, 0xff, 0xff,
    0x51, 0xcf, 0xff, 0xff, 0xff, 0xf6, 0x0, 0x0,
    0xdf, 0xff, 0xff, 0xff, 0xff, 0xfd, 0xff, 0xff,
    0xff, 0xff, 0xff, 0x50, 0x8, 0xff, 0xff, 0xff,
    0xff, 0xff, 0xff, 0xff, 0xff, 0xff, 0xff, 0xff,
    0xe0, 0xe, 0xff, 0xff, 0xff, 0xff, 0xff, 0xff,
    0xff, 0xff, 0xff, 0xff, 0xff, 0xf5, 0x2f, 0xff,
    0xff, 0xff, 0xff, 0xff, 0xff, 0xff, 0xff, 0xff,
    0xff, 0xff, 0xf9, 0x3f, 0xff, 0xff, 0xff, 0xff,
    0xff, 0xff, 0xff, 0xff, 0xff, 0xff, 0xff, 0xfa,
    0x2f, 0xff, 0xff, 0xff, 0xff, 0xff, 0xff, 0xff,
    0xff, 0xff, 0xff, 0xff, 0xf9, 0xf, 0xff, 0xff,
    0xff, 0xff, 0xff, 0xff, 0xff, 0xff, 0xff, 0xff,
    0xff, 0xf6, 0xb, 0xff, 0xff, 0xff, 0xff, 0xff,
    0xff, 0xff, 0xff, 0xff, 0xff, 0xff, 0xf1, 0x5,
    0xff, 0xff, 0xff, 0xff, 0xff, 0xff, 0xff, 0xff,
    0xff, 0xff, 0xff, 0xa0, 0x0, 0xcf, 0xff, 0xff,
    0xff, 0xff, 0xff, 0xff, 0xff, 0xff, 0xff, 0xff,
    0x10, 0x0, 0x2f, 0xff, 0xff, 0xff, 0xff, 0xff,
    0xff, 0xff, 0xff, 0xff, 0xf6, 0x0, 0x0, 0x4,
    0xff, 0xff, 0xff, 0xff, 0xff, 0xff, 0xff, 0xff,
    0xff, 0xa0, 0x0, 0x0, 0x0, 0x6f, 0xff, 0xff,
    0xff, 0xff, 0xff, 0xff, 0xff, 0xfc, 0x0, 0x0,
    0x0, 0x0, 0x7, 0xff, 0xff, 0xff, 0xff, 0xff,
    0xff, 0xff, 0xd1, 0x0, 0x0, 0x0, 0x0, 0x0,
    0x7f, 0xff, 0xff, 0xff, 0xff, 0xff, 0xfd, 0x10,
    0x0, 0x0, 0x0, 0x0, 0x0, 0x6, 0xff, 0xff,
    0xff, 0xff, 0xff, 0xd1, 0x0, 0x0, 0x0, 0x0,
    0x0, 0x0, 0x0, 0x5f, 0xff, 0xff, 0xff, 0xfc,
    0x10, 0x0, 0x0, 0x0, 0x0, 0x0, 0x0, 0x0,
    0x4, 0xff, 0xff, 0xff, 0xb0, 0x0, 0x0, 0x0,
    0x0, 0x0, 0x0, 0x0, 0x0, 0x0, 0x3e, 0xff,
    0xfa, 0x0, 0x0, 0x0, 0x0, 0x0, 0x0, 0x0,
    0x0, 0x0, 0x0, 0x2, 0xef, 0x80, 0x0, 0x0,
    0x0, 0x0, 0x0, 0x0, 0x0, 0x0, 0x0, 0x0,
    0x0, 0x15, 0x0, 0x0, 0x0, 0x0, 0x0, 0x0,

    /* U+F588 "" */
    0x0, 0x0, 0x0, 0x0, 0x0, 0x35, 0x67, 0x53,
    0x0, 0x0, 0x0, 0x0, 0x0, 0x0, 0x0, 0x0,
    0x2, 0xae, 0xff, 0xff, 0xff, 0xea, 0x20, 0x0,
    0x0, 0x0, 0x0, 0x0, 0x1, 0xaf, 0xff, 0xff,
    0xff, 0xff, 0xff, 0xfa, 0x10, 0x0, 0x0, 0x0,
    0x0, 0x2d, 0xff, 0xfa, 0x52, 0x0, 0x25, 0xaf,
    0xff, 0xd2, 0x0, 0x0, 0x0, 0x2, 0xef, 0xfa,
    0x20, 0x0, 0x0, 0x0, 0x2, 0xaf, 0xfe, 0x20,
    0x0, 0x0, 0x1d, 0xff, 0x70, 0x0, 0x0, 0x0,
    0x0, 0x0, 0x7, 0xff, 0xd1, 0x0, 0x0, 0xaf,
    0xf7, 0x0, 0x0, 0x0, 0x0, 0x0, 0x0, 0x0,
    0x7f, 0xfa, 0x0, 0x3, 0xff, 0xa0, 0x0, 0x0,
    0x0, 0x0, 0x0, 0x0, 0x0, 0xa, 0xff, 0x20,
    0xa, 0xff, 0x10, 0x8, 0xeb, 0x0, 0x0, 0x0,
    0xbe, 0x80, 0x2, 0xff, 0xa0, 0xe, 0xfa, 0x0,
    0x2f, 0xff, 0x60, 0x0, 0x6, 0xff, 0xf2, 0x0,
    0xaf, 0xe0, 0x3f, 0xf5, 0x0, 0x1f, 0xff, 0x50,
    0x0, 0x5, 0xff, 0xf1, 0x0, 0x5f, 0xf3, 0x5f,
    0xf1, 0x0, 0x5, 0xb7, 0x0, 0x0, 0x0, 0x7b,
    0x50, 0x0, 0x2f, 0xf5, 0x7f, 0xf0, 0x0, 0x0,
    0x0, 0x0, 0x0, 0x0, 0x0, 0x0, 0x0, 0xf,
    0xf7, 0x7f, 0xf0, 0x0, 0x0, 0x0, 0x0, 0x0,
    0x0, 0x0, 0x0, 0x0, 0xf, 0xf6, 0x5f, 0xf1,
    0x0, 0x0, 0x0, 0x0, 0x0, 0x0, 0x0, 0x0,
    0x0, 0x2f, 0xf5, 0x3f, 0xf5, 0x0, 0x16, 0x66,
    0x66, 0x66, 0x66, 0x66, 0x61, 0x0, 0x5f, 0xf3,
    0xf, 0xfa, 0x0, 0xd, 0xff, 0xff, 0xff, 0xff,
    0xff, 0xd0, 0x0, 0xaf, 0xe0, 0xa, 0xff, 0x10,
    0x3, 0xff, 0xff, 0xff, 0xff, 0xff, 0x30, 0x2,
    0xff, 0xa0, 0x3, 0xff, 0xa0, 0x0, 0x3e, 0xff,
    0xff, 0xff, 0xe3, 0x0, 0xa, 0xff, 0x20, 0x0,
    0xaf, 0xf7, 0x0, 0x0, 0x7c, 0xee, 0xc7, 0x0,
    0x0, 0x7f, 0xfa, 0x0, 0x0, 0x1d, 0xff, 0x70,
    0x0, 0x0, 0x0, 0x0, 0x0, 0x7, 0xff, 0xd1,
    0x0, 0x0, 0x2, 0xef, 0xfa, 0x10, 0x0, 0x0,
    0x0, 0x1, 0xaf, 0xfe, 0x20, 0x0, 0x0, 0x0,
    0x2d, 0xff, 0xfa, 0x51, 0x0, 0x15, 0xaf, 0xff,
    0xd2, 0x0, 0x0, 0x0, 0x0, 0x1, 0xaf, 0xff,
    0xff, 0xff, 0xff, 0xff, 0xfa, 0x10, 0x0, 0x0,
    0x0, 0x0, 0x0, 0x3, 0xaf, 0xff, 0xff, 0xff,
    0xea, 0x30, 0x0, 0x0, 0x0, 0x0, 0x0, 0x0,
    0x0, 0x0, 0x35, 0x77, 0x53, 0x0, 0x0, 0x0,
    0x0, 0x0,

    /* U+F598 "" */
    0x0, 0x0, 0x0, 0x1, 0x0, 0x0, 0x0, 0x0,
    0x0, 0x10, 0x0, 0x0, 0x0, 0x0, 0x1, 0x8e,
    0xff, 0xfc, 0x60, 0x0, 0x6, 0xcf, 0xff, 0xe8,
    0x10, 0x0, 0x0, 0x3e, 0xff, 0xff, 0xff, 0xfd,
    0x11, 0xdf, 0xff, 0xff, 0xff, 0xe3, 0x0, 0x1,
    0xef, 0xfc, 0x76, 0x8e, 0xff, 0xdd, 0xff, 0xe8,
    0x67, 0xcf, 0xfe, 0x10, 0xb, 0xff, 0x60, 0x0,
    0x0, 0x8f, 0xff, 0xf8, 0x0, 0x0, 0x6, 0xff,
    0xb0, 0x1f, 0xf9, 0x0, 0x0, 0x0, 0xa, 0xff,
    0xa0, 0x0, 0x0, 0x0, 0x9f, 0xf1, 0x5f, 0xf2,
    0x0, 0x0, 0x0, 0x1, 0x55, 0x10, 0x0, 0x0,
    0x0, 0x2f, 0xf5, 0x7f, 0xf0, 0x0, 0x0, 0x0,
    0x0, 0x0, 0x0, 0x0, 0x0, 0x0, 0xf, 0xf7,
    0x6f, 0xf1, 0x0, 0x0, 0x0, 0x0, 0x0, 0x0,
    0x0, 0x0, 0x0, 0x1f, 0xf6, 0x3f, 0xf4, 0x0,
    0x0, 0x0, 0x0, 0x0, 0x0, 0x0, 0x0, 0x0,
    0x4f, 0xf4, 0xe, 0xfb, 0x0, 0x0, 0x0, 0x0,
    0x0, 0x0, 0x0, 0x0, 0x0, 0xbf, 0xf0, 0x7,
    0xff, 0x40, 0x0, 0x0, 0x0, 0x0, 0x0, 0x0,
    0x0, 0x4, 0xff, 0x90, 0x0, 0xef, 0xe1, 0x0,
    0x0, 0x0, 0x0, 0x0, 0x0, 0x0, 0x1e, 0xff,
    0x10, 0x0, 0x4f, 0xfc, 0x0, 0x0, 0x0, 0x0,
    0x0, 0x0, 0x0, 0xcf, 0xf5, 0x0, 0x0, 0x8,
    0xff, 0xb0, 0x0, 0x0, 0x0, 0x0, 0x0, 0xb,
    0xff, 0x90, 0x0, 0x0, 0x0, 0xbf, 0xfb, 0x0,
    0x0, 0x0, 0x0, 0x0, 0xbf, 0xfa, 0x0, 0x0,
    0x0, 0x0, 0xc, 0xff, 0xa0, 0x0, 0x0, 0x0,
    0xa, 0xff, 0xb0, 0x0, 0x0, 0x0, 0x0, 0x1,
    0xcf, 0xfb, 0x0, 0x0, 0x0, 0xbf, 0xfc, 0x0,
    0x0, 0x0, 0x0, 0x0, 0x0, 0xc, 0xff, 0xc1,
    0x0, 0x1c, 0xff, 0xb0, 0x0, 0x0, 0x0, 0x0,
    0x0, 0x0, 0x0, 0xbf, 0xfd, 0x21, 0xdf, 0xfa,
    0x0, 0x0, 0x0, 0x0, 0x0, 0x0, 0x0, 0x0,
    0xa, 0xff, 0xee, 0xff, 0x90, 0x0, 0x0, 0x0,
    0x0, 0x0, 0x0, 0x0, 0x0, 0x0, 0x9f, 0xff,
    0xf8, 0x0, 0x0, 0x0, 0x0, 0x0, 0x0, 0x0,
    0x0, 0x0, 0x0, 0x7, 0xff, 0x60, 0x0, 0x0,
    0x0, 0x0, 0x0, 0x0, 0x0, 0x0, 0x0, 0x0,
    0x0, 0x55, 0x0, 0x0, 0x0, 0x0, 0x0, 0x0,

    /* U+F59B "" */
    0x0, 0x0, 0x0, 0x0, 0x0, 0x35, 0x67, 0x53,
    0x0, 0x0, 0x0, 0x0, 0x0, 0x0, 0x0, 0x0,
    0x2, 0xae, 0xff, 0xff, 0xff, 0xea, 0x20, 0x0,
    0x0, 0x0, 0x0, 0x0, 0x1, 0xaf, 0xff, 0xff,
    0xff, 0xff, 0xff, 0xfa, 0x10, 0x0, 0x0, 0x0,
    0x0, 0x2d, 0xff, 0xfa, 0x52, 0x0, 0x25, 0xaf,
    0xff, 0xd2, 0x0, 0x0, 0x0, 0x2, 0xef, 0xfa,
    0x20, 0x0, 0x0, 0x0, 0x2, 0xaf, 0xfe, 0x20,
    0x0, 0x0, 0x1d, 0xff, 0x70, 0x0, 0x0, 0x0,
    0x0, 0x0, 0x7, 0xff, 0xd1, 0x0, 0x0, 0xaf,
    0xf7, 0x0, 0x0, 0x0, 0x0, 0x0, 0x0, 0x0,
    0x7f, 0xfa, 0x0, 0x3, 0xff, 0xa0, 0x0, 0x0,
    0x0, 0x0, 0x0, 0x0, 0x0, 0xa, 0xff, 0x20,
    0xa, 0xff, 0x10, 0x8, 0xeb, 0x0, 0x0, 0x0,
    0xbe, 0x80, 0x2, 0xff, 0xa0, 0xe, 0xfa, 0x0,
    0x2f, 0xff, 0x60, 0x0, 0x6, 0xff, 0xf2, 0x0,
    0xaf, 0xe0, 0x3f, 0xf5, 0x0, 0x1f, 0xff, 0x50,
    0x0, 0x5, 0xff, 0xf1, 0x0, 0x5f, 0xf3, 0x5f,
    0xf1, 0x0, 0x5, 0xb7, 0x0, 0x0, 0x0, 0x7b,
    0x50, 0x0, 0x2f, 0xf5, 0x7f, 0xf0, 0x0, 0x0,
    0x0, 0x0, 0x0, 0x0, 0x0, 0x0, 0x0, 0xf,
    0xf7, 0x7f, 0xf0, 0x0, 0x0, 0x0, 0x0, 0x0,
    0x0, 0x0, 0x0, 0x0, 0xf, 0xf6, 0x5f, 0xf1,
    0x0, 0x0, 0x0, 0x0, 0x0, 0x0, 0x0, 0x0,
    0x0, 0x2f, 0xf5, 0x3f, 0xf5, 0x0, 0x4, 0x44,
    0x44, 0x44, 0x44, 0x44, 0x40, 0x0, 0x5f, 0xf3,
    0xf, 0xfa, 0x0, 0xd, 0xff, 0xff, 0xff, 0xff,
    0xff, 0xd0, 0x0, 0xaf, 0xe0, 0xa, 0xff, 0x10,
    0x5, 0xff, 0xff, 0xff, 0xff, 0xff, 0x50, 0x2,
    0xff, 0xa0, 0x3, 0xff, 0xa0, 0x0, 0x8f, 0xff,
    0xff, 0xff, 0xf8, 0x0, 0xa, 0xff, 0x20, 0x0,
    0xaf, 0xf7, 0x0, 0x8, 0xff, 0xff, 0xff, 0x80,
    0x0, 0x7f, 0xfa, 0x0, 0x0, 0x1d, 0xff, 0x70,
    0x0, 0x28, 0xaa, 0x82, 0x0, 0x7, 0xff, 0xd1,
    0x0, 0x0, 0x2, 0xef, 0xfa, 0x10, 0x0, 0x0,
    0x0, 0x1, 0xaf, 0xfe, 0x20, 0x0, 0x0, 0x0,
    0x2d, 0xff, 0xfa, 0x51, 0x0, 0x15, 0xaf, 0xff,
    0xd2, 0x0, 0x0, 0x0, 0x0, 0x1, 0xaf, 0xff,
    0xff, 0xff, 0xff, 0xff, 0xfa, 0x10, 0x0, 0x0,
    0x0, 0x0, 0x0, 0x3, 0xaf, 0xff, 0xff, 0xff,
    0xea, 0x30, 0x0, 0x0, 0x0, 0x0, 0x0, 0x0,
    0x0, 0x0, 0x35, 0x77, 0x53, 0x0, 0x0, 0x0,
    0x0, 0x0,

    /* U+F5A4 "" */
    0x0, 0x0, 0x0, 0x0, 0x0, 0x35, 0x67, 0x53,
    0x0, 0x0, 0x0, 0x0, 0x0, 0x0, 0x0, 0x0,
    0x2, 0xae, 0xff, 0xff, 0xff, 0xea, 0x20, 0x0,
    0x0, 0x0, 0x0, 0x0, 0x1, 0xaf, 0xff, 0xff,
    0xff, 0xff, 0xff, 0xfa, 0x10, 0x0, 0x0, 0x0,
    0x0, 0x2d, 0xff, 0xfa, 0x52, 0x0, 0x25, 0xaf,
    0xff, 0xd2, 0x0, 0x0, 0x0, 0x2, 0xef, 0xfa,
    0x20, 0x0, 0x0, 0x0, 0x2, 0xaf, 0xfe, 0x20,
    0x0, 0x0, 0x1d, 0xff, 0x70, 0x0, 0x0, 0x0,
    0x0, 0x0, 0x7, 0xff, 0xd1, 0x0, 0x0, 0xaf,
    0xf7, 0x0, 0x0, 0x0, 0x0, 0x0, 0x0, 0x0,
    0x7f, 0xfa, 0x0, 0x3, 0xff, 0xa0, 0x0, 0x0,
    0x0, 0x0, 0x0, 0x0, 0x0, 0xa, 0xff, 0x20,
    0xa, 0xff, 0x10, 0x8, 0xeb, 0x0, 0x0, 0x0,
    0xbe, 0x80, 0x2, 0xff, 0xa0, 0xe, 0xfa, 0x0,
    0x2f, 0xff, 0x60, 0x0, 0x6, 0xff, 0xf2, 0x0,
    0xaf, 0xe0, 0x3f, 0xf5, 0x0, 0x1f, 0xff, 0x50,
    0x0, 0x5, 0xff, 0xf1, 0x0, 0x5f, 0xf3, 0x5f,
    0xf1, 0x0, 0x5, 0xb7, 0x0, 0x0, 0x0, 0x7b,
    0x50, 0x0, 0x2f, 0xf5, 0x7f, 0xf0, 0x0, 0x0,
    0x0, 0x0, 0x0, 0x0, 0x0, 0x0, 0x0, 0xf,
    0xf7, 0x7f, 0xf0, 0x0, 0x0, 0x0, 0x0, 0x0,
    0x0, 0x0, 0x0, 0x0, 0xf, 0xf6, 0x5f, 0xf1,
    0x0, 0x0, 0x0, 0x0, 0x0, 0x0, 0x0, 0x0,
    0x0, 0x2f, 0xf5, 0x3f, 0xf5, 0x0, 0x0, 0x0,
    0x0, 0x0, 0x0, 0x0, 0x0, 0x0, 0x5f, 0xf3,
    0xf, 0xfa, 0x0, 0x0, 0x0, 0x0, 0x0, 0x0,
    0x0, 0x0, 0x0, 0xaf, 0xe0, 0xa, 0xff, 0x10,
    0x0, 0x4, 0x66, 0x66, 0x66, 0x40, 0x0, 0x2,
    0xff, 0xa0, 0x3, 0xff, 0xa0, 0x0, 0x9, 0xdd,
    0xdd, 0xdd, 0x90, 0x0, 0xa, 0xff, 0x20, 0x0,
    0xaf, 0xf7, 0x0, 0x0, 0x0, 0x0, 0x0, 0x0,
    0x0, 0x7f, 0xfa, 0x0, 0x0, 0x1d, 0xff, 0x70,
    0x0, 0x0, 0x0, 0x0, 0x0, 0x7, 0xff, 0xd1,
    0x0, 0x0, 0x2, 0xef, 0xfa, 0x10, 0x0, 0x0,
    0x0, 0x1, 0xaf, 0xfe, 0x20, 0x0, 0x0, 0x0,
    0x2d, 0xff, 0xfa, 0x51, 0x0, 0x15, 0xaf, 0xff,
    0xd2, 0x0, 0x0, 0x0, 0x0, 0x1, 0xaf, 0xff,
    0xff, 0xff, 0xff, 0xff, 0xfa, 0x10, 0x0, 0x0,
    0x0, 0x0, 0x0, 0x3, 0xaf, 0xff, 0xff, 0xff,
    0xea, 0x30, 0x0, 0x0, 0x0, 0x0, 0x0, 0x0,
    0x0, 0x0, 0x35, 0x77, 0x53, 0x0, 0x0, 0x0,
    0x0, 0x0,

    /* U+F5B3 "" */
    0x0, 0x0, 0x0, 0x0, 0x0, 0x35, 0x67, 0x53,
    0x0, 0x0, 0x0, 0x0, 0x0, 0x0, 0x0, 0x0,
    0x2, 0xae, 0xff, 0xff, 0xff, 0xea, 0x20, 0x0,
    0x0, 0x0, 0x0, 0x0, 0x1, 0xaf, 0xff, 0xff,
    0xff, 0xff, 0xff, 0xfa, 0x10, 0x0, 0x0, 0x0,
    0x0, 0x2d, 0xff, 0xfa, 0x52, 0x0, 0x25, 0xaf,
    0xff, 0xd2, 0x0, 0x0, 0x0, 0x2, 0xef, 0xfa,
    0x20, 0x0, 0x0, 0x0, 0x2, 0xaf, 0xfe, 0x20,
    0x0, 0x0, 0x1d, 0xff, 0x70, 0x0, 0x0, 0x0,
    0x0, 0x0, 0x7, 0xff, 0xd1, 0x0, 0x0, 0xaf,
    0xf7, 0x0, 0x0, 0x0, 0x0, 0x0, 0x0, 0x0,
    0x7f, 0xfa, 0x0, 0x3, 0xff, 0xa0, 0x0, 0x0,
    0x0, 0x0, 0x0, 0x0, 0x0, 0xa, 0xff, 0x20,
    0xa, 0xff, 0x10, 0x8, 0xeb, 0x0, 0x0, 0x0,
    0xbe, 0x80, 0x2, 0xff, 0xa0, 0xe, 0xfa, 0x0,
    0x2f, 0xff, 0x60, 0x0, 0x6, 0xff, 0xf2, 0x0,
    0xaf, 0xe0, 0x3f, 0xf5, 0x0, 0x1f, 0xff, 0x50,
    0x0, 0x5, 0xff, 0xf1, 0x0, 0x5f, 0xf3, 0x5f,
    0xf1, 0x0, 0x5, 0xb7, 0x0, 0x0, 0x0, 0x7b,
    0x50, 0x0, 0x2f, 0xf5, 0x7f, 0xf0, 0x0, 0x0,
    0x0, 0x0, 0x0, 0x0, 0x0, 0x0, 0x0, 0xf,
    0xf7, 0x7f, 0xf0, 0x0, 0x0, 0x0, 0x0, 0x0,
    0x0, 0x0, 0x0, 0x0, 0xf, 0xf6, 0x5f, 0xf1,
    0x0, 0x0, 0x0, 0x0, 0x0, 0x0, 0x0, 0x0,
    0x0, 0x2f, 0xf5, 0x3f, 0xf5, 0x0, 0x0, 0x0,
    0x38, 0xaa, 0x83, 0x0, 0x0, 0x0, 0x5f, 0xf3,
    0xf, 0xfa, 0x0, 0x0, 0xa, 0xff, 0xff, 0xff,
    0xa0, 0x0, 0x0, 0xaf, 0xe0, 0xa, 0xff, 0x10,
    0x0, 0xcf, 0xd6, 0x33, 0x6d, 0xfc, 0x0, 0x2,
    0xff, 0xa0, 0x3, 0xff, 0xa0, 0x9, 0xfb, 0x0,
    0x0, 0x0, 0xbf, 0x90, 0xa, 0xff, 0x20, 0x0,
    0xaf, 0xf7, 0x1d, 0xc0, 0x0, 0x0, 0x0, 0x1c,
    0xd1, 0x7f, 0xfa, 0x0, 0x0, 0x1d, 0xff, 0x70,
    0x0, 0x0, 0x0, 0x0, 0x0, 0x7, 0xff, 0xd1,
    0x0, 0x0, 0x2, 0xef, 0xfa, 0x10, 0x0, 0x0,
    0x0, 0x1, 0xaf, 0xfe, 0x20, 0x0, 0x0, 0x0,
    0x2d, 0xff, 0xfa, 0x51, 0x0, 0x15, 0xaf, 0xff,
    0xd2, 0x0, 0x0, 0x0, 0x0, 0x1, 0xaf, 0xff,
    0xff, 0xff, 0xff, 0xff, 0xfa, 0x10, 0x0, 0x0,
    0x0, 0x0, 0x0, 0x3, 0xaf, 0xff, 0xff, 0xff,
    0xea, 0x30, 0x0, 0x0, 0x0, 0x0, 0x0, 0x0,
    0x0, 0x0, 0x35, 0x77, 0x53, 0x0, 0x0, 0x0,
    0x0, 0x0,

    /* U+F68C "" */
    0x0, 0x0, 0x0, 0x0, 0x0, 0x0, 0x0, 0x0,
    0x0, 0x0, 0x0, 0x0, 0x1, 0x0, 0x0, 0x0,
    0x0, 0x0, 0x0, 0x0, 0x0, 0x0, 0x0, 0x0,
    0x0, 0x87, 0x0, 0x0, 0x0, 0x0, 0x0, 0x0,
    0x0, 0x0, 0x0, 0x0, 0x0, 0x8, 0xf7, 0x0,
    0x0, 0x0, 0x0, 0x0, 0x0, 0x0, 0x0, 0x0,
    0x0, 0x0, 0x8f, 0xf7, 0x0, 0x0, 0x0, 0x0,
    0x0, 0x0, 0x0, 0x0, 0x0, 0x0, 0x8, 0xff,
    0xf7, 0x0, 0x0, 0x0, 0x0, 0x0, 0x0, 0x0,
    0x0, 0x0, 0x0, 0x8f, 0xff, 0xf7, 0x0, 0x0,
    0x0, 0x0, 0x0, 0x0, 0x0, 0x0, 0x0, 0x8,
    0xff, 0xff, 0xf7, 0x0, 0x0, 0x0, 0x0, 0x0,
    0x0, 0x0, 0x0, 0x0, 0x8f, 0xff, 0xff, 0xf7,
    0x0, 0x0, 0x0, 0x0, 0x0, 0x0, 0x0, 0x0,
    0x8, 0xff, 0xff, 0xff, 0xf7, 0x0, 0x0, 0x0,
    0x0, 0x0, 0x0, 0x0, 0x0, 0x8f, 0xff, 0xff,
    0xff, 0xf7, 0x0, 0x0, 0x0, 0x0, 0x0, 0x0,
    0x0, 0x8, 0xff, 0xff, 0xff, 0xff, 0xf7, 0x0,
    0x0, 0x0, 0x0, 0x0, 0x0, 0x0, 0x8f, 0xff,
    0xff, 0xff, 0xff, 0xf7, 0x0, 0x0, 0x0, 0x0,
    0x0, 0x0, 0x8, 0xff, 0xff, 0xff, 0xff, 0xff,
    0xf7, 0x0, 0x0, 0x0, 0x0, 0x0, 0x0, 0x8f,
    0xff, 0xff, 0xff, 0xff, 0xff, 0xf7, 0x0, 0x0,
    0x0, 0x0, 0x0, 0x8, 0xff, 0xff, 0xff, 0xff,
    0xff, 0xff, 0xf7, 0x0, 0x0, 0x0, 0x0, 0x0,
    0x8f, 0xff, 0xff, 0xff, 0xff, 0xff, 0xff, 0xf7,
    0x0, 0x0, 0x0, 0x0, 0x8, 0xff, 0xff, 0xff,
    0xff, 0xff, 0xff, 0xff, 0xf7, 0x0, 0x0, 0x0,
    0x0, 0x8f, 0xff, 0xff, 0xff, 0xff, 0xff, 0xff,
    0xff, 0xf7, 0x0, 0x0, 0x0, 0x8, 0xff, 0xff,
    0xff, 0xff, 0xff, 0xff, 0xff, 0xff, 0xf7, 0x0,
    0x0, 0x0, 0x8f, 0xff, 0xff, 0xff, 0xff, 0xff,
    0xff, 0xff, 0xff, 0xf7, 0x0, 0x0, 0x8, 0xff,
    0xff, 0xff, 0xff, 0xff, 0xff, 0xff, 0xff, 0xff,
    0xf7, 0x0, 0x0, 0x8f, 0xff, 0xff, 0xff, 0xff,
    0xff, 0xff, 0xff, 0xff, 0xff, 0xf7, 0x0, 0x8,
    0xff, 0xff, 0xff, 0xff, 0xff, 0xff, 0xff, 0xff,
    0xff, 0xff, 0xf7, 0x0, 0x8f, 0xff, 0xff, 0xff,
    0xff, 0xff, 0xff, 0xff, 0xff, 0xff, 0xff, 0xf7,
    0x8, 0xff, 0xff, 0xff, 0xff, 0xff, 0xff, 0xff,
    0xff, 0xff, 0xff, 0xff, 0xf7, 0x17, 0x77, 0x77,
    0x77, 0x77, 0x77, 0x77, 0x77, 0x77, 0x77, 0x77,
    0x77, 0x73,

    /* U+F68D "" */
    0x57, 0x77, 0xb, 0xff, 0xf0, 0xbf, 0xff, 0xb,
    0xff, 0xf0, 0xbf, 0xff, 0xb, 0xff, 0xf0, 0xbf,
    0xff, 0xb, 0xff, 0xf0, 0x0, 0x0, 0x0,

    /* U+F68E "" */
    0x0, 0x0, 0x0, 0x0, 0xcc, 0xc8, 0x0, 0x0,
    0x0, 0x1, 0xff, 0xfa, 0x0, 0x0, 0x0, 0x1,
    0xff, 0xfa, 0x0, 0x0, 0x0, 0x1, 0xff, 0xfa,
    0x0, 0x0, 0x0, 0x1, 0xff, 0xfa, 0x0, 0x0,
    0x0, 0x1, 0xff, 0xfa, 0x57, 0x77, 0x0, 0x1,
    0xff, 0xfa, 0xbf, 0xff, 0x0, 0x1, 0xff, 0xfa,
    0xbf, 0xff, 0x0, 0x1, 0xff, 0xfa, 0xbf, 0xff,
    0x0, 0x1, 0xff, 0xfa, 0xbf, 0xff, 0x0, 0x1,
    0xff, 0xfa, 0xbf, 0xff, 0x0, 0x1, 0xff, 0xfa,
    0xbf, 0xff, 0x0, 0x1, 0xff, 0xfa, 0xbf, 0xff,
    0x0, 0x1, 0xff, 0xfa, 0x0, 0x0, 0x0, 0x0,
    0x0, 0x0,

    /* U+F68F "" */
    0x0, 0x0, 0x0, 0x0, 0x0, 0x0, 0x0, 0x0,
    0x0, 0x0, 0x0, 0x0, 0x0, 0x0, 0x0, 0x0,
    0x0, 0x6, 0xff, 0xf5, 0x0, 0x0, 0x0, 0x0,
    0x0, 0x0, 0x0, 0x6, 0xff, 0xf5, 0x0, 0x0,
    0x0, 0x0, 0x0, 0x0, 0x0, 0x6, 0xff, 0xf5,
    0x0, 0x0, 0x0, 0x0, 0x0, 0x0, 0x0, 0x6,
    0xff, 0xf5, 0x0, 0x0, 0x0, 0x0, 0x0, 0x0,
    0x0, 0x6, 0xff, 0xf5, 0x0, 0x0, 0x0, 0x0,
    0x0, 0x0, 0x0, 0x6, 0xff, 0xf5, 0x0, 0x0,
    0x0, 0x0, 0xcc, 0xc8, 0x0, 0x6, 0xff, 0xf5,
    0x0, 0x0, 0x0, 0x1, 0xff, 0xfa, 0x0, 0x6,
    0xff, 0xf5, 0x0, 0x0, 0x0, 0x1, 0xff, 0xfa,
    0x0, 0x6, 0xff, 0xf5, 0x0, 0x0, 0x0, 0x1,
    0xff, 0xfa, 0x0, 0x6, 0xff, 0xf5, 0x0, 0x0,
    0x0, 0x1, 0xff, 0xfa, 0x0, 0x6, 0xff, 0xf5,
    0x0, 0x0, 0x0, 0x1, 0xff, 0xfa, 0x0, 0x6,
    0xff, 0xf5, 0x57, 0x77, 0x0, 0x1, 0xff, 0xfa,
    0x0, 0x6, 0xff, 0xf5, 0xbf, 0xff, 0x0, 0x1,
    0xff, 0xfa, 0x0, 0x6, 0xff, 0xf5, 0xbf, 0xff,
    0x0, 0x1, 0xff, 0xfa, 0x0, 0x6, 0xff, 0xf5,
    0xbf, 0xff, 0x0, 0x1, 0xff, 0xfa, 0x0, 0x6,
    0xff, 0xf5, 0xbf, 0xff, 0x0, 0x1, 0xff, 0xfa,
    0x0, 0x6, 0xff, 0xf5, 0xbf, 0xff, 0x0, 0x1,
    0xff, 0xfa, 0x0, 0x6, 0xff, 0xf5, 0xbf, 0xff,
    0x0, 0x1, 0xff, 0xfa, 0x0, 0x6, 0xff, 0xf5,
    0xbf, 0xff, 0x0, 0x1, 0xff, 0xfa, 0x0, 0x6,
    0xff, 0xf5, 0x0, 0x0, 0x0, 0x0, 0x0, 0x0,
    0x0, 0x0, 0x0, 0x0,

    /* U+F695 "" */
    0x0, 0x0, 0x0, 0x0, 0x0, 0x0, 0x0, 0x0,
    0x0, 0x0, 0x0, 0x0, 0x22, 0x0, 0x0, 0x0,
    0x0, 0x0, 0x0, 0x0, 0x0, 0x0, 0x0, 0x0,
    0x0, 0x2e, 0x40, 0x0, 0x0, 0x0, 0x0, 0x0,
    0x0, 0x0, 0x0, 0x0, 0x0, 0x0, 0x2e, 0xf4,
    0x0, 0x0, 0x0, 0x0, 0x0, 0x0, 0x0, 0x0,
    0x0, 0x0, 0x0, 0x1d, 0xff, 0x40, 0x0, 0x0,
    0x11, 0x0, 0x0, 0x0, 0x0, 0x0, 0x0, 0x0,
    0x1d, 0xff, 0xf4, 0x0, 0x0, 0x1d, 0xc0, 0x0,
    0x0, 0x0, 0x0, 0x0, 0x0, 0x1d, 0xff, 0xff,
    0x40, 0x0, 0x4, 0xff, 0xc0, 0x0, 0x0, 0x0,
    0x0, 0x0, 0x1d, 0xff, 0xff, 0xf4, 0x0, 0x0,
    0x5, 0xff, 0xc0, 0x0, 0x0, 0x0, 0x0, 0x1d,
    0xff, 0xff, 0xff, 0x40, 0x0, 0x0, 0x5, 0xff,
    0xc0, 0x0, 0x0, 0x0, 0x1d, 0xff, 0xff, 0xff,
    0xf4, 0x0, 0x0, 0x0, 0x5, 0xff, 0xc0, 0x0,
    0x0, 0x1d, 0xff, 0xff, 0xff, 0xff, 0x40, 0x0,
    0x0, 0x0, 0x5, 0xff, 0xc0, 0x0, 0x1d, 0xff,
    0xff, 0xff, 0xff, 0xf4, 0x0, 0x0, 0x0, 0x0,
    0x5, 0xff, 0xc0, 0x1, 0xdf, 0xff, 0xff, 0xff,
    0xff, 0x40, 0x0, 0x0, 0x0, 0x0, 0x5, 0xff,
    0xc0, 0x1, 0xdf, 0xff, 0xff, 0xff, 0xf4, 0x0,
    0x0, 0x0, 0x0, 0x0, 0x5, 0xff, 0xc0, 0x1,
    0xdf, 0xff, 0xff, 0xff, 0x40, 0x0, 0x0, 0x0,
    0x0, 0x0, 0x2e, 0xff, 0xc0, 0x1, 0xdf, 0xff,
    0xff, 0xf4, 0x0, 0x0, 0x0, 0x0, 0x0, 0x2e,
    0xff, 0xff, 0xc0, 0x1, 0xdf, 0xff, 0xff, 0x40,
    0x0, 0x0, 0x0, 0x0, 0x2e, 0xff, 0xff, 0xff,
    0xc0, 0x1, 0xdf, 0xff, 0xf4, 0x0, 0x0, 0x0,
    0x0, 0x2e, 0xff, 0xff, 0xff, 0xff, 0xc0, 0x1,
    0xdf, 0xff, 0x40, 0x0, 0x0, 0x0, 0x2e, 0xff,
    0xff, 0xff, 0xff, 0xff, 0xc0, 0x1, 0xdf, 0xf4,
    0x0, 0x0, 0x0, 0x2e, 0xff, 0xff, 0xff, 0xff,
    0xff, 0xff, 0xc0, 0x1, 0xdf, 0x40, 0x0, 0x0,
    0x2e, 0xff, 0xff, 0xff, 0xff, 0xff, 0xff, 0xff,
    0xc0, 0x1, 0xd4, 0x0, 0x0, 0x2e, 0xff, 0xff,
    0xff, 0xff, 0xff, 0xff, 0xff, 0xff, 0xc0, 0x1,
    0x20, 0x0, 0x2e, 0xff, 0xff, 0xff, 0xff, 0xff,
    0xff, 0xff, 0xff, 0xff, 0xc0, 0x0, 0x0, 0x2e,
    0xff, 0xff, 0xff, 0xff, 0xff, 0xff, 0xff, 0xff,
    0xff, 0xff, 0xc0, 0x0, 0x2e, 0xff, 0xff, 0xff,
    0xff, 0xff, 0xff, 0xff, 0xff, 0xff, 0xff, 0xff,
    0xc0, 0x2, 0x44, 0x44, 0x44, 0x44, 0x44, 0x44,
    0x44, 0x44, 0x44, 0x44, 0x46, 0xff, 0xc0, 0x0,
    0x0, 0x0, 0x0, 0x0, 0x0, 0x0, 0x0, 0x0,
    0x0, 0x0, 0x5, 0xff, 0x30, 0x0, 0x0, 0x0,
    0x0, 0x0, 0x0, 0x0, 0x0, 0x0, 0x0, 0x0,
    0x5, 0x30,

    /* U+F6A8 "" */
    0x0, 0x0, 0x0, 0x0, 0x0, 0x13, 0x0, 0x0,
    0x0, 0x0, 0x0, 0x0, 0x0, 0x1d, 0x50, 0x0,
    0x0, 0x0, 0x0, 0x0, 0x0, 0x1d, 0xf5, 0x0,
    0x0, 0x0, 0x0, 0x0, 0x0, 0x1d, 0xff, 0x50,
    0x0, 0x0, 0x0, 0x0, 0x0, 0x1d, 0xff, 0xf5,
    0x0, 0x0, 0x0, 0x0, 0x0, 0x1d, 0xff, 0xff,
    0x50, 0x25, 0x0, 0x88, 0x88, 0x8d, 0xff, 0xff,
    0xf5, 0x3, 0xf5, 0xe, 0xff, 0xff, 0xff, 0xff,
    0xff, 0x50, 0x3f, 0xf1, 0xef, 0xff, 0xff, 0xff,
    0xff, 0xf5, 0x3, 0xff, 0x9e, 0xff, 0xff, 0xff,
    0xff, 0xff, 0x50, 0x3f, 0xfd, 0xef, 0xff, 0xff,
    0xff, 0xff, 0xf5, 0x3, 0xff, 0xee, 0xff, 0xff,
    0xff, 0xff, 0xff, 0x50, 0x3f, 0xfc, 0xef, 0xff,
    0xff, 0xff, 0xff, 0xf5, 0x3, 0xff, 0x7e, 0xff,
    0xff, 0xff, 0xff, 0xff, 0x50, 0x3f, 0xd0, 0x0,
    0x0, 0x6, 0xff, 0xff, 0xf5, 0x3, 0xc1, 0x0,
    0x0, 0x0, 0x6, 0xff, 0xff, 0x50, 0x0, 0x0,
    0x0, 0x0, 0x0, 0x6, 0xff, 0xf5, 0x0, 0x0,
    0x0, 0x0, 0x0, 0x0, 0x6, 0xff, 0x50, 0x0,
    0x0, 0x0, 0x0, 0x0, 0x0, 0x6, 0xf5, 0x0,
    0x0, 0x0, 0x0, 0x0, 0x0, 0x0, 0x6, 0x50,
    0x0, 0x0, 0x0, 0x0, 0x0, 0x0, 0x0, 0x0,
    0x0, 0x0, 0x0,

    /* U+F6A9 "" */
    0x0, 0x0, 0x0, 0x0, 0x0, 0x0, 0x0, 0x0,
    0x0, 0x0, 0x0, 0x0, 0x4, 0xc1, 0x0, 0x0,
    0x0, 0x0, 0x0, 0x57, 0x10, 0x0, 0x0, 0x0,
    0x1e, 0xfc, 0x10, 0x0, 0x0, 0x5, 0x0, 0x8f,
    0xf9, 0x10, 0x0, 0x0, 0x4, 0xff, 0xc1, 0x0,
    0x0, 0x5f, 0x0, 0x7f, 0xff, 0xe3, 0x0, 0x0,
    0x0, 0x4f, 0xfc, 0x10, 0x4, 0xff, 0x0, 0x3,
    0xbf, 0xff, 0x30, 0x0, 0x0, 0x4, 0xff, 0xc1,
    0x1, 0xdf, 0x0, 0x0, 0x6, 0xff, 0xe1, 0x0,
    0x0, 0x0, 0x4f, 0xfc, 0x10, 0x1d, 0x0, 0x0,
    0x0, 0x6f, 0xfa, 0x0, 0x0, 0x0, 0x4, 0xff,
    0xc1, 0x1, 0x0, 0x52, 0x0, 0xa, 0xff, 0x30,
    0x28, 0x88, 0x88, 0xcf, 0xfc, 0x10, 0x0, 0x8f,
    0x20, 0x1, 0xff, 0x90, 0x4f, 0xff, 0xff, 0xff,
    0xff, 0xc1, 0x0, 0x7f, 0xc0, 0x0, 0xbf, 0xe0,
    0x4f, 0xff, 0xff, 0xff, 0xff, 0xfc, 0x10, 0x1d,
    0xf4, 0x0, 0x7f, 0xf1, 0x4f, 0xff, 0xff, 0xff,
    0xff, 0xff, 0xc1, 0x1, 0xd8, 0x0, 0x5f, 0xf2,
    0x4f, 0xff, 0xff, 0xff, 0xff, 0xff, 0xfc, 0x10,
    0x16, 0x0, 0x5f, 0xf3, 0x4f, 0xff, 0xff, 0xff,
    0xff, 0xff, 0xff, 0xc1, 0x0, 0x0, 0x6f, 0xf2,
    0x4f, 0xff, 0xff, 0xff, 0xff, 0xff, 0x4f, 0xfc,
    0x10, 0x0, 0xaf, 0xf0, 0x3f, 0xff, 0xff, 0xff,
    0xff, 0xff, 0x4, 0xff, 0xc1, 0x0, 0xcf, 0xb0,
    0x0, 0x0, 0x0, 0xbf, 0xff, 0xff, 0x0, 0x4f,
    0xfc, 0x10, 0x1d, 0x50, 0x0, 0x0, 0x0, 0xb,
    0xff, 0xff, 0x0, 0x4, 0xff, 0xc1, 0x1, 0x0,
    0x0, 0x0, 0x0, 0x0, 0xbf, 0xff, 0x0, 0x0,
    0x4f, 0xfc, 0x10, 0x0, 0x0, 0x0, 0x0, 0x0,
    0xb, 0xff, 0x0, 0x0, 0x5e, 0xff, 0xc1, 0x0,
    0x0, 0x0, 0x0, 0x0, 0x0, 0xbf, 0x0, 0x4d,
    0xff, 0xff, 0xfc, 0x10, 0x0, 0x0, 0x0, 0x0,
    0x0, 0xb, 0x0, 0x8f, 0xfd, 0x45, 0xff, 0xc0,
    0x0, 0x0, 0x0, 0x0, 0x0, 0x0, 0x0, 0x7c,
    0x60, 0x0, 0x5f, 0x90, 0x0, 0x0, 0x0, 0x0,
    0x0, 0x0, 0x0, 0x0, 0x0, 0x0, 0x3, 0x0,

    /* U+F6AA "" */
    0x0, 0x0, 0x0, 0x0, 0x0, 0x0, 0x7c, 0xff,
    0xc7, 0x0, 0x1d, 0xff, 0xff, 0xff, 0xd1, 0xa,
    0xff, 0xff, 0xff, 0xa0, 0x0, 0xbf, 0xff, 0xfb,
    0x0, 0x0, 0xb, 0xff, 0xb0, 0x0, 0x0, 0x0,
    0xbb, 0x0, 0x0, 0x0, 0x0, 0x0, 0x0, 0x0,

    /* U+F6AB "" */
    0x0, 0x0, 0x0, 0x25, 0x89, 0x98, 0x52, 0x0,
    0x0, 0x0, 0x0, 0x0, 0x6d, 0xff, 0xff, 0xff,
    0xff, 0xd6, 0x0, 0x0, 0x0, 0x5d, 0xff, 0xff,
    0xff, 0xff, 0xff, 0xff, 0xd5, 0x0, 0x9, 0xff,
    0xff, 0xff, 0xff, 0xff, 0xff, 0xff, 0xff, 0x90,
    0x7f, 0xff, 0xff, 0xd8, 0x43, 0x34, 0x8d, 0xff,
    0xff, 0xf7, 0x9, 0xff, 0xd4, 0x0, 0x0, 0x0,
    0x0, 0x4d, 0xff, 0xa0, 0x0, 0x99, 0x0, 0x0,
    0x0, 0x0, 0x0, 0x0, 0xa9, 0x0, 0x0, 0x0,
    0x0, 0x0, 0x0, 0x0, 0x0, 0x0, 0x0, 0x0,
    0x0, 0x0, 0x0, 0x18, 0xef, 0xfe, 0x81, 0x0,
    0x0, 0x0, 0x0, 0x0, 0x2, 0xef, 0xff, 0xff,
    0xfe, 0x20, 0x0, 0x0, 0x0, 0x0, 0x0, 0x9f,
    0xff, 0xff, 0xf9, 0x0, 0x0, 0x0, 0x0, 0x0,
    0x0, 0x9, 0xff, 0xff, 0x90, 0x0, 0x0, 0x0,
    0x0, 0x0, 0x0, 0x0, 0xaf, 0xf9, 0x0, 0x0,
    0x0, 0x0, 0x0, 0x0, 0x0, 0x0, 0xa, 0xa0,
    0x0, 0x0, 0x0, 0x0, 0x0, 0x0, 0x0, 0x0,
    0x0, 0x0, 0x0, 0x0, 0x0, 0x0,

    /* U+F6AC "" */
    0x0, 0x36, 0x0, 0x0, 0x0, 0x0, 0x0, 0x0,
    0x0, 0x0, 0x0, 0x0, 0x0, 0x0, 0x3, 0xff,
    0x60, 0x0, 0x0, 0x0, 0x0, 0x0, 0x0, 0x0,
    0x0, 0x0, 0x0, 0x0, 0x0, 0xcf, 0xf6, 0x0,
    0x0, 0x0, 0x0, 0x0, 0x0, 0x0, 0x0, 0x0,
    0x0, 0x0, 0x0, 0xb, 0xff, 0x60, 0x0, 0x13,
    0x56, 0x65, 0x41, 0x0, 0x0, 0x0, 0x0, 0x0,
    0x0, 0x0, 0xbf, 0xf6, 0x0, 0x6f, 0xff, 0xff,
    0xff, 0xea, 0x40, 0x0, 0x0, 0x0, 0x0, 0x0,
    0x1e, 0xff, 0x60, 0x6, 0xff, 0xff, 0xff, 0xff,
    0xfe, 0x70, 0x0, 0x0, 0x0, 0x4, 0xdf, 0xff,
    0xf6, 0x0, 0x7f, 0xff, 0xff, 0xff, 0xff, 0xfe,
    0x50, 0x0, 0x0, 0xaf, 0xff, 0xff, 0xff, 0x60,
    0x1, 0x22, 0x47, 0xbf, 0xff, 0xff, 0xfa, 0x0,
    0x1c, 0xff, 0xff, 0xf8, 0xcf, 0xf6, 0x0, 0x0,
    0x0, 0x0, 0x6e, 0xff, 0xff, 0xc1, 0x7f, 0xff,
    0xf9, 0x10, 0xc, 0xff, 0x60, 0x0, 0x0, 0x0,
    0x0, 0x8f, 0xff, 0xf6, 0x8, 0xfe, 0x40, 0x0,
    0x0, 0xcf, 0xf6, 0x0, 0x0, 0x0, 0x0, 0x3,
    0xef, 0x70, 0x0, 0x72, 0x0, 0x0, 0x17, 0xdf,
    0xff, 0x60, 0x4, 0x71, 0x0, 0x0, 0x27, 0x0,
    0x0, 0x0, 0x0, 0x8, 0xff, 0xff, 0xff, 0xf6,
    0x0, 0x7f, 0x70, 0x0, 0x0, 0x0, 0x0, 0x0,
    0x1, 0xcf, 0xff, 0xff, 0xff, 0xff, 0x60, 0x6,
    0xfc, 0x10, 0x0, 0x0, 0x0, 0x0, 0x7, 0xff,
    0xff, 0xfa, 0x53, 0xbf, 0xf6, 0x0, 0x6f, 0x60,
    0x0, 0x0, 0x0, 0x0, 0x0, 0x8f, 0xf7, 0x0,
    0x0, 0xb, 0xff, 0x60, 0x3, 0x0, 0x0, 0x0,
    0x0, 0x0, 0x0, 0x7, 0x20, 0x0, 0x0, 0x0,
    0xbf, 0xf6, 0x0, 0x0, 0x0, 0x0, 0x0, 0x0,
    0x0, 0x0, 0x0, 0x0, 0x14, 0x41, 0xb, 0xff,
    0x60, 0x0, 0x0, 0x0, 0x0, 0x0, 0x0, 0x0,
    0x0, 0x1a, 0xff, 0xff, 0xa1, 0xbf, 0xf6, 0x0,
    0x0, 0x0, 0x0, 0x0, 0x0, 0x0, 0x0, 0x7f,
    0xff, 0xff, 0xf6, 0xb, 0xff, 0x60, 0x0, 0x0,
    0x0, 0x0, 0x0, 0x0, 0x0, 0x8, 0xff, 0xff,
    0x80, 0x0, 0xbf, 0xf6, 0x0, 0x0, 0x0, 0x0,
    0x0, 0x0, 0x0, 0x0, 0x8f, 0xf8, 0x0, 0x0,
    0xb, 0xff, 0x10, 0x0, 0x0, 0x0, 0x0, 0x0,
    0x0, 0x0, 0x8, 0x80, 0x0, 0x0, 0x0, 0xb4,
    0x0, 0x0, 0x0, 0x0, 0x0, 0x0, 0x0, 0x0,
    0x0, 0x0, 0x0, 0x0, 0x0, 0x0, 0x0, 0x0,

    /* U+F6C3 "" */
    0x0, 0x0, 0x0, 0x0, 0x0, 0x0, 0x21, 0x0,
    0x0, 0x0, 0x0, 0x0, 0x0, 0x0, 0x0, 0x0,
    0x1, 0x7c, 0xff, 0x10, 0x0, 0x0, 0x0, 0x0,
    0x0, 0x0, 0x0, 0x0, 0x7, 0xff, 0xff, 0x80,
    0x0, 0x0, 0x0, 0x0, 0x0, 0x0, 0x0, 0x0,
    0x1c, 0xff, 0xff, 0xf2, 0x0, 0x0, 0x0, 0x0,
    0x0, 0x0, 0x0, 0x0, 0x1d, 0xff, 0xff, 0xfd,
    0x0, 0x0, 0x0, 0x0, 0x0, 0x0, 0x0, 0x0,
    0xc, 0xff, 0xff, 0xff, 0xa0, 0x0, 0x0, 0x0,
    0x0, 0x0, 0x0, 0x0, 0x9, 0xff, 0xff, 0xff,
    0xf8, 0x0, 0x0, 0x0, 0x0, 0x0, 0x0, 0x0,
    0x2, 0xff, 0xff, 0xff, 0xff, 0x80, 0x0, 0x0,
    0x0, 0x0, 0x0, 0x0, 0x0, 0xaf, 0xff, 0xff,
    0xff, 0xf8, 0x0, 0x0, 0x0, 0x0, 0x0, 0x0,
    0x0, 0xf, 0xff, 0xff, 0xff, 0xff, 0xa0, 0x0,
    0x0, 0x0, 0x0, 0x0, 0x0, 0x4, 0xff, 0xff,
    0xff, 0xff, 0xfd, 0x0, 0x0, 0x0, 0x0, 0x0,
    0x0, 0x0, 0x6f, 0xff, 0xff, 0xff, 0xff, 0xf2,
    0x0, 0x0, 0x0, 0x0, 0x0, 0x0, 0x7, 0xff,
    0xff, 0xff, 0xff, 0xff, 0x80, 0x0, 0x0, 0x0,
    0x0, 0x0, 0x0, 0x33, 0x11, 0x39, 0xff, 0xff,
    0xff, 0x10, 0x0, 0x0, 0x0, 0x0, 0x0, 0x0,
    0x0, 0x0, 0x2, 0xdf, 0xff, 0xfa, 0x0, 0x0,
    0x0, 0x0, 0x0, 0x0, 0x2, 0x66, 0x20, 0x2,
    0xef, 0xff, 0xf6, 0x0, 0x0, 0x0, 0x0, 0x0,
    0x7, 0xff, 0xff, 0x80, 0x0, 0x7f, 0xff, 0xf5,
    0x0, 0x0, 0x0, 0x0, 0x4, 0xff, 0xff, 0xff,
    0x30, 0x0, 0x7f, 0xff, 0xf7, 0x0, 0x0, 0x0,
    0x0, 0xaf, 0xff, 0xff, 0xff, 0xc2, 0x0, 0xcf,
    0xff, 0xfd, 0x40, 0x0, 0x0, 0xb, 0xff, 0xff,
    0xff, 0xff, 0xe0, 0x6, 0xff, 0xff, 0xff, 0xd8,
    0x41, 0x0, 0x9f, 0xff, 0xff, 0xff, 0xff, 0x30,
    0x4f, 0xff, 0xff, 0xff, 0xff, 0xfe, 0x12, 0xff,
    0xff, 0xff, 0xff, 0xf1, 0x5, 0xff, 0xff, 0xff,
    0xff, 0xff, 0x40, 0x3, 0xdf, 0xff, 0xff, 0xf5,
    0x0, 0x9f, 0xff, 0xff, 0xff, 0xff, 0x40, 0x0,
    0x0, 0x12, 0x22, 0x20, 0x0, 0x2f, 0xff, 0xff,
    0xff, 0xfd, 0x30, 0x0, 0x0, 0x0, 0x0, 0x0,
    0x0, 0x3e, 0xff, 0xff, 0xff, 0xd6, 0x0, 0x0,
    0x0, 0x0, 0x0, 0x0, 0x0, 0x3, 0x7a, 0xbb,
    0xa7, 0x30, 0x0, 0x0, 0x0,

    /* U+F72E "" */
    0x0, 0x0, 0x0, 0x0, 0x0, 0x0, 0x0, 0x0,
    0x1, 0x0, 0x0, 0x0, 0x0, 0x0, 0x0, 0x0,
    0x0, 0x0, 0x0, 0x0, 0x2b, 0xff, 0xf8, 0x0,
    0x0, 0x0, 0x0, 0x0, 0x0, 0x0, 0x0, 0x0,
    0x1, 0xef, 0xff, 0xff, 0xb0, 0x0, 0x0, 0x0,
    0x0, 0x0, 0x0, 0x0, 0x0, 0xa, 0xff, 0x96,
    0xcf, 0xf5, 0x0, 0x0, 0x0, 0x0, 0x0, 0x0,
    0x0, 0x0, 0xe, 0xfa, 0x0, 0xe, 0xf9, 0x0,
    0x0, 0x0, 0x0, 0x0, 0x0, 0x0, 0x0, 0x2,
    0x21, 0x0, 0xd, 0xfa, 0x0, 0x0, 0x0, 0x0,
    0x0, 0x0, 0x0, 0x0, 0x0, 0x0, 0x0, 0x7f,
    0xf7, 0x0, 0x0, 0x7f, 0xff, 0xff, 0xff, 0xff,
    0xff, 0xff, 0xff, 0xff, 0xff, 0xe1, 0x0, 0x0,
    0x7f, 0xff, 0xff, 0xff, 0xff, 0xff, 0xff, 0xff,
    0xff, 0xfd, 0x20, 0x0, 0x0, 0x37, 0x77, 0x77,
    0x77, 0x77, 0x77, 0x77, 0x77, 0x77, 0x40, 0x0,
    0x0, 0x0, 0x13, 0x33, 0x33, 0x33, 0x33, 0x33,
    0x33, 0x33, 0x33, 0x33, 0x32, 0x0, 0x0, 0x7f,
    0xff, 0xff, 0xff, 0xff, 0xff, 0xff, 0xff, 0xff,
    0xff, 0xff, 0xf7, 0x0, 0x7f, 0xff, 0xff, 0xff,
    0xff, 0xff, 0xff, 0xff, 0xff, 0xff, 0xff, 0xff,
    0x80, 0x13, 0x33, 0x33, 0x33, 0x33, 0x33, 0x33,
    0x33, 0x33, 0x33, 0x35, 0xdf, 0xf2, 0x37, 0x77,
    0x77, 0x77, 0x77, 0x77, 0x74, 0x0, 0x0, 0x0,
    0x0, 0x2f, 0xf6, 0x7f, 0xff, 0xff, 0xff, 0xff,
    0xff, 0xff, 0xc0, 0x0, 0x0, 0x0, 0x1f, 0xf6,
    0x7f, 0xff, 0xff, 0xff, 0xff, 0xff, 0xff, 0xf9,
    0x0, 0x0, 0x1, 0xaf, 0xf3, 0x0, 0x0, 0x0,
    0x0, 0x0, 0x0, 0xa, 0xff, 0x0, 0x0, 0xe,
    0xff, 0xb0, 0x0, 0x0, 0x0, 0x0, 0x4b, 0xb2,
    0x7, 0xff, 0x0, 0x0, 0xe, 0xfb, 0x10, 0x0,
    0x0, 0x0, 0x0, 0x2f, 0xfd, 0x8e, 0xfd, 0x0,
    0x0, 0x6, 0x30, 0x0, 0x0, 0x0, 0x0, 0x0,
    0x9, 0xff, 0xff, 0xf4, 0x0, 0x0, 0x0, 0x0,
    0x0, 0x0, 0x0, 0x0, 0x0, 0x0, 0x7e, 0xfc,
    0x40, 0x0, 0x0, 0x0, 0x0, 0x0, 0x0, 0x0,
    0x0, 0x0, 0x0, 0x0, 0x0, 0x0, 0x0, 0x0,
    0x0, 0x0, 0x0,

    /* U+F738 "" */
    0x0, 0x0, 0x0, 0x0, 0x0, 0x0, 0x0, 0x0,
    0x0, 0x0, 0x0, 0x0, 0x0, 0x0, 0x1b, 0xfb,
    0x10, 0x0, 0x0, 0x1b, 0xfb, 0x10, 0x0, 0x0,
    0x0, 0xbf, 0xff, 0xb0, 0x0, 0x0, 0xbf, 0xff,
    0xb0, 0x0, 0x0, 0x0, 0xef, 0xff, 0xf0, 0x0,
    0x0, 0xff, 0xff, 0xf0, 0x0, 0x0, 0x0, 0xbf,
    0xff, 0xb0, 0x0, 0x0, 0xbf, 0xff, 0xb0, 0x0,
    0x0, 0x0, 0x1b, 0xfb, 0x10, 0x0, 0x0, 0x1b,
    0xfb, 0x10, 0x1, 0xbe, 0xb1, 0x0, 0x0, 0x1,
    0xbe, 0xb1, 0x0, 0x0, 0x0, 0xb, 0xff, 0xfb,
    0x0, 0x0, 0xb, 0xff, 0xfb, 0x0, 0x0, 0x0,
    0xf, 0xff, 0xff, 0x0, 0x0, 0xf, 0xff, 0xfe,
    0x0, 0x0, 0x0, 0xb, 0xff, 0xfb, 0x0, 0x0,
    0xb, 0xff, 0xfb, 0x0, 0x0, 0x0, 0x1, 0xbf,
    0xb1, 0x0, 0x0, 0x1, 0xbf, 0xb1, 0x0, 0x0,
    0x0, 0x0, 0x0, 0x0, 0x1b, 0xfb, 0x10, 0x0,
    0x0, 0x1b, 0xfb, 0x10, 0x0, 0x0, 0x0, 0xbf,
    0xff, 0xb0, 0x0, 0x0, 0xbf, 0xff, 0xb0, 0x0,
    0x0, 0x0, 0xef, 0xff, 0xf0, 0x0, 0x0, 0xff,
    0xff, 0xf0, 0x0, 0x0, 0x0, 0xbf, 0xff, 0xb0,
    0x0, 0x0, 0xbf, 0xff, 0xb0, 0x0, 0x0, 0x0,
    0x1b, 0xeb, 0x10, 0x0, 0x0, 0x1b, 0xeb, 0x10,
    0x1, 0xbf, 0xb1, 0x0, 0x0, 0x1, 0xbf, 0xb1,
    0x0, 0x0, 0x0, 0xb, 0xff, 0xfb, 0x0, 0x0,
    0xb, 0xff, 0xfb, 0x0, 0x0, 0x0, 0xf, 0xff,
    0xff, 0x0, 0x0, 0xf, 0xff, 0xfe, 0x0, 0x0,
    0x0, 0xb, 0xff, 0xfb, 0x0, 0x0, 0xb, 0xff,
    0xfb, 0x0, 0x0, 0x0, 0x1, 0xbf, 0xb1, 0x0,
    0x0, 0x1, 0xbf, 0xb1, 0x0, 0x0, 0x0, 0x0,
    0x0, 0x0, 0x0, 0x0, 0x0, 0x0, 0x0, 0x0,
    0x0, 0x0,

    /* U+F73A "" */
    0x0, 0x0, 0x0, 0x0, 0x0, 0x0, 0x0, 0x0,
    0x0, 0x0, 0x0, 0x0, 0x0, 0x0, 0x1b, 0xfb,
    0x10, 0x0, 0x0, 0x1b, 0xfb, 0x10, 0x0, 0x0,
    0x0, 0xbf, 0xff, 0xb0, 0x0, 0x0, 0xbf, 0xff,
    0xb0, 0x0, 0x0, 0x0, 0xef, 0xff, 0xf0, 0x0,
    0x0, 0xff, 0xff, 0xf0, 0x0, 0x0, 0x0, 0xbf,
    0xff, 0xb0, 0x0, 0x0, 0xbf, 0xff, 0xb0, 0x0,
    0x0, 0x0, 0x1b, 0xfb, 0x10, 0x0, 0x0, 0x1b,
    0xfb, 0x10, 0x1, 0xbe, 0xb1, 0x0, 0x0, 0x1,
    0xbe, 0xb1, 0x0, 0x0, 0x0, 0xb, 0xff, 0xfb,
    0x0, 0x0, 0xb, 0xff, 0xfb, 0x0, 0x0, 0x0,
    0xf, 0xff, 0xff, 0x0, 0x0, 0xf, 0xff, 0xfe,
    0x0, 0x0, 0x0, 0xb, 0xff, 0xfb, 0x0, 0x0,
    0xb, 0xff, 0xfb, 0x0, 0x0, 0x0, 0x1, 0xbf,
    0xb1, 0x0, 0x0, 0x1, 0xbf, 0xb1, 0x0, 0x0,
    0x0, 0x0, 0x0, 0x0, 0x1b, 0xfb, 0x10, 0x0,
    0x0, 0x1b, 0xfb, 0x10, 0x0, 0x0, 0x0, 0xbf,
    0xff, 0xb0, 0x0, 0x0, 0xbf, 0xff, 0xb0, 0x0,
    0x0, 0x0, 0xef, 0xff, 0xf0, 0x0, 0x0, 0xff,
    0xff, 0xf0, 0x0, 0x0, 0x0, 0xbf, 0xff, 0xb0,
    0x0, 0x0, 0xbf, 0xff, 0xb0, 0x0, 0x0, 0x0,
    0x1b, 0xeb, 0x10, 0x0, 0x0, 0x1b, 0xeb, 0x10,
    0x1, 0xbf, 0xb1, 0x0, 0x0, 0x1, 0xbf, 0xb1,
    0x0, 0x0, 0x0, 0xb, 0xff, 0xfb, 0x0, 0x0,
    0xb, 0xff, 0xfb, 0x0, 0x0, 0x0, 0xf, 0xff,
    0xff, 0x0, 0x0, 0xf, 0xff, 0xfe, 0x0, 0x0,
    0x0, 0xb, 0xff, 0xfb, 0x0, 0x0, 0xb, 0xff,
    0xfb, 0x0, 0x0, 0x0, 0x1, 0xbf, 0xb1, 0x0,
    0x0, 0x1, 0xbf, 0xb1, 0x0, 0x0, 0x0, 0x0,
    0x0, 0x0, 0x0, 0x0, 0x0, 0x0, 0x0, 0x0,
    0x0, 0x0,

    /* U+F73D "" */
    0x0, 0x0, 0x0, 0x0, 0x0, 0x11, 0x0, 0x0,
    0x0, 0x0, 0x0, 0x0, 0x0, 0x0, 0x0, 0x1,
    0xdd, 0x10, 0x0, 0x0, 0x0, 0x0, 0x0, 0x0,
    0x0, 0x0, 0x2e, 0xff, 0xe2, 0x0, 0x0, 0x0,
    0x0, 0x0, 0x0, 0x0, 0x3, 0xef, 0xff, 0xfe,
    0x30, 0x0, 0x0, 0x0, 0x0, 0x0, 0x0, 0x3e,
    0xff, 0xff, 0xff, 0xe3, 0x0, 0x0, 0x0, 0x0,
    0x0, 0x2, 0xef, 0xff, 0xff, 0xff, 0xfe, 0x20,
    0x0, 0x0, 0x0, 0x0, 0x1d, 0xff, 0xff, 0xff,
    0xff, 0xff, 0xd1, 0x0, 0x0, 0x0, 0x0, 0xbf,
    0xff, 0xff, 0xff, 0xff, 0xff, 0xfb, 0x0, 0x0,
    0x0, 0x7, 0xff, 0xff, 0xff, 0xff, 0xff, 0xff,
    0xff, 0x70, 0x0, 0x0, 0x1f, 0xff, 0xff, 0xff,
    0xff, 0xff, 0xff, 0xff, 0xf1, 0x0, 0x0, 0xaf,
    0xff, 0xff, 0xff, 0xff, 0xff, 0xff, 0xff, 0xfa,
    0x0, 0x2, 0xff, 0xff, 0xff, 0xff, 0xff, 0xff,
    0xff, 0xff, 0xff, 0x20, 0x8, 0xff, 0xff, 0xff,
    0xff, 0xff, 0xff, 0xff, 0xff, 0xff, 0x70, 0xc,
    0xff, 0xff, 0xff, 0xff, 0xff, 0xff, 0xff, 0xff,
    0xff, 0xc0, 0xe, 0xff, 0xff, 0xff, 0xff, 0xff,
    0xff, 0xff, 0xff, 0xff, 0xe0, 0xf, 0xff, 0xfc,
    0xef, 0xff, 0xff, 0xff, 0xff, 0xff, 0xff, 0xf0,
    0xe, 0xff, 0xe0, 0x4f, 0xff, 0xff, 0xff, 0xff,
    0xff, 0xff, 0xe0, 0xc, 0xff, 0xf1, 0xe, 0xff,
    0xff, 0xff, 0xff, 0xff, 0xff, 0xc0, 0x8, 0xff,
    0xf7, 0x5, 0xff, 0xff, 0xff, 0xff, 0xff, 0xff,
    0x80, 0x3, 0xff, 0xff, 0x20, 0x3b, 0xef, 0xff,
    0xff, 0xff, 0xff, 0x30, 0x0, 0xbf, 0xff, 0xe3,
    0x0, 0x1, 0xef, 0xff, 0xff, 0xfb, 0x0, 0x0,
    0x2f, 0xff, 0xff, 0xa5, 0x23, 0xef, 0xff, 0xff,
    0xf2, 0x0, 0x0, 0x4, 0xff, 0xff, 0xff, 0xff,
    0xff, 0xff, 0xff, 0x40, 0x0, 0x0, 0x0, 0x3e,
    0xff, 0xff, 0xff, 0xff, 0xff, 0xe3, 0x0, 0x0,
    0x0, 0x0, 0x1, 0x8f, 0xff, 0xff, 0xff, 0xf8,
    0x10, 0x0, 0x0, 0x0, 0x0, 0x0, 0x0, 0x47,
    0x99, 0x74, 0x0, 0x0, 0x0, 0x0,

    /* U+F73F "" */
    0x0, 0x0, 0x0, 0x0, 0x0, 0x0, 0x0, 0x0,
    0x0, 0x0, 0x0, 0x0, 0x6, 0xff, 0x0, 0x0,
    0x0, 0x0, 0x0, 0x0, 0x0, 0x6, 0xff, 0x0,
    0x0, 0x0, 0x0, 0x0, 0x0, 0x0, 0x2a, 0xff,
    0x51, 0x0, 0x0, 0x0, 0x0, 0x0, 0x5d, 0xff,
    0xff, 0xff, 0xa2, 0x0, 0x0, 0x0, 0xa, 0xff,
    0xff, 0xff, 0xff, 0xff, 0x50, 0x0, 0x0, 0xbf,
    0xff, 0xff, 0xff, 0xff, 0xff, 0xf6, 0x0, 0x7,
    0xff, 0xff, 0xff, 0xff, 0xff, 0xff, 0xff, 0x20,
    0x1f, 0xff, 0xff, 0xff, 0xff, 0xff, 0xff, 0xff,
    0xb0, 0x7f, 0xff, 0xff, 0xff, 0xff, 0xff, 0xff,
    0xff, 0xf1, 0xbf, 0xff, 0xff, 0xff, 0xff, 0xff,
    0xff, 0xff, 0xf5, 0xdf, 0xff, 0xff, 0xff, 0xff,
    0xff, 0xff, 0xff, 0xf7, 0xef, 0xff, 0xff, 0xff,
    0xff, 0xff, 0xff, 0xff, 0xf8, 0xef, 0xff, 0xff,
    0xff, 0xff, 0xff, 0xff, 0xff, 0xf8, 0xab, 0xbb,
    0xbb, 0xbb, 0xbb, 0xbb, 0xbb, 0xbb, 0xb6, 0x0,
    0x0, 0x0, 0x0, 0x0, 0x0, 0x0, 0x0, 0x0,
    0x0, 0x0, 0x0, 0x0, 0x0, 0x0, 0x0, 0x0,
    0x0, 0x0, 0x1b, 0x80, 0x1, 0xb8, 0x0, 0x1b,
    0x80, 0x0, 0x0, 0x6f, 0xf0, 0x5, 0xff, 0x0,
    0x6f, 0xf0, 0x0, 0x0, 0x8, 0x50, 0x0, 0x85,
    0x0, 0x8, 0x50, 0x0, 0x0, 0x1, 0x0, 0x0,
    0x10, 0x0, 0x1, 0x0, 0x0, 0x0, 0x3f, 0xd0,
    0x3, 0xfc, 0x0, 0x3f, 0xd0, 0x0, 0x0, 0x5f,
    0xf0, 0x5, 0xfe, 0x0, 0x5f, 0xf0, 0x0, 0x0,
    0x4, 0x20, 0x0, 0x42, 0x0, 0x4, 0x20, 0x0,

    /* U+F740 "" */
    0x0, 0x0, 0x0, 0x0, 0x0, 0x4, 0x67, 0x51,
    0x0, 0x0, 0x0, 0x0, 0x0, 0x0, 0x0, 0x0,
    0x0, 0x7, 0xef, 0xff, 0xff, 0xb2, 0x0, 0x0,
    0x0, 0x0, 0x0, 0x0, 0x0, 0x1, 0xbf, 0xff,
    0xff, 0xff, 0xff, 0x40, 0x0, 0x0, 0x0, 0x0,
    0x0, 0x0, 0xa, 0xff, 0xff, 0xff, 0xff, 0xff,
    0xf3, 0x0, 0x0, 0x0, 0x0, 0x0, 0x5, 0xaf,
    0xff, 0xff, 0xff, 0xff, 0xff, 0xfc, 0x0, 0x0,
    0x0, 0x0, 0x4, 0xef, 0xff, 0xff, 0xff, 0xff,
    0xff, 0xff, 0xff, 0x30, 0x0, 0x0, 0x0, 0x6f,
    0xff, 0xff, 0xff, 0xff, 0xff, 0xff, 0xff, 0xff,
    0x90, 0x0, 0x0, 0x2, 0xff, 0xff, 0xff, 0xff,
    0xff, 0xff, 0xff, 0xff, 0xff, 0xff, 0xa1, 0x0,
    0xa, 0xff, 0xff, 0xff, 0xff, 0xff, 0xff, 0xff,
    0xff, 0xff, 0xff, 0xfe, 0x20, 0xf, 0xff, 0xff,
    0xff, 0xff, 0xff, 0xff, 0xff, 0xff, 0xff, 0xff,
    0xff, 0xd0, 0x3f, 0xff, 0xff, 0xff, 0xff, 0xff,
    0xff, 0xff, 0xff, 0xff, 0xff, 0xff, 0xf5, 0x3f,
    0xff, 0xff, 0xff, 0xff, 0xff, 0xff, 0xff, 0xff,
    0xff, 0xff, 0xff, 0xf9, 0x1f, 0xff, 0xff, 0xff,
    0xff, 0xff, 0xff, 0xff, 0xff, 0xff, 0xff, 0xff,
    0xfa, 0xc, 0xff, 0xff, 0xff, 0xff, 0xff, 0xff,
    0xff, 0xff, 0xff, 0xff, 0xff, 0xf8, 0x5, 0xff,
    0xff, 0xff, 0xff, 0xff, 0xff, 0xff, 0xff, 0xff,
    0xff, 0xff, 0xf3, 0x0, 0xaf, 0xff, 0xff, 0xff,
    0xff, 0xff, 0xff, 0xff, 0xff, 0xff, 0xff, 0xb0,
    0x0, 0x9, 0xff, 0xff, 0xff, 0xff, 0xff, 0xff,
    0xff, 0xff, 0xff, 0xfb, 0x0, 0x0, 0x0, 0x3a,
    0xdf, 0xff, 0xff, 0xff, 0xff, 0xff, 0xff, 0xec,
    0x60, 0x0, 0x0, 0x0, 0x0, 0x0, 0x0, 0x0,
    0x0, 0x0, 0x0, 0x0, 0x0, 0x0, 0x0, 0x0,
    0x0, 0x0, 0x0, 0x1b, 0xbb, 0x20, 0x0, 0x6b,
    0xb8, 0x0, 0x0, 0x0, 0x0, 0x0, 0x0, 0x0,
    0xcf, 0xf6, 0x0, 0x5, 0xff, 0xd1, 0x0, 0x0,
    0x0, 0x0, 0x0, 0x0, 0xb, 0xff, 0x80, 0x0,
    0x4f, 0xfe, 0x20, 0x0, 0x0, 0x0, 0x0, 0x0,
    0x0, 0xaf, 0xfd, 0x0, 0x2, 0xff, 0xf6, 0x0,
    0x0, 0x0, 0x0, 0x0, 0x0, 0x2, 0xdf, 0xff,
    0xe7, 0x7, 0xff, 0xff, 0xb2, 0x0, 0x0, 0x0,
    0x0, 0x0, 0x0, 0x5, 0xff, 0xf8, 0x0, 0x1b,
    0xff, 0xe2, 0x0, 0x0, 0x0, 0x0, 0x0, 0x0,
    0xa, 0xff, 0xa0, 0x0, 0x3f, 0xff, 0x30, 0x0,
    0x0, 0x0, 0x0, 0x0, 0x0, 0x8f, 0xfc, 0x0,
    0x2, 0xef, 0xf4, 0x0, 0x0, 0x0, 0x0, 0x0,
    0x0, 0x6, 0xff, 0xd1, 0x0, 0x1d, 0xff, 0x60,
    0x0, 0x0, 0x0, 0x0,

    /* U+F741 "" */
    0x0, 0x0, 0x0, 0x0, 0x0, 0x0, 0xbb, 0x50,
    0x0, 0x0, 0x0, 0x0, 0x0, 0x0, 0x0, 0x0,
    0x2, 0x10, 0x0, 0xff, 0x70, 0x0, 0x40, 0x0,
    0x0, 0x0, 0x0, 0x0, 0x0, 0x3e, 0xd1, 0x0,
    0xff, 0x70, 0x8, 0xf9, 0x0, 0x0, 0x0, 0x0,
    0x0, 0x0, 0x8f, 0xfd, 0x10, 0xff, 0x70, 0x8f,
    0xfe, 0x10, 0x0, 0x0, 0x0, 0x0, 0x0, 0x9,
    0xff, 0xd1, 0xff, 0x78, 0xff, 0xe2, 0x0, 0x0,
    0x0, 0x0, 0x1, 0x0, 0x0, 0x9f, 0xfd, 0xff,
    0xdf, 0xfe, 0x20, 0x0, 0x10, 0x0, 0x0, 0x3e,
    0x70, 0x0, 0x9, 0xff, 0xff, 0xff, 0xe2, 0x0,
    0x2, 0xe9, 0x0, 0x0, 0xdf, 0xf7, 0x0, 0x0,
    0x8f, 0xff, 0xfd, 0x20, 0x0, 0x2e, 0xff, 0x40,
    0x0, 0x2e, 0xff, 0x70, 0x0, 0x8, 0xff, 0xd1,
    0x0, 0x2, 0xef, 0xf8, 0x0, 0x0, 0x2, 0xef,
    0xf7, 0x0, 0x0, 0xff, 0x70, 0x0, 0x2e, 0xff,
    0x80, 0x0, 0x0, 0x0, 0x2e, 0xff, 0x60, 0x0,
    0xff, 0x70, 0x1, 0xdf, 0xf8, 0x0, 0x0, 0x17,
    0x77, 0x7a, 0xff, 0xf9, 0x77, 0xff, 0xb7, 0x7d,
    0xff, 0xd7, 0x77, 0x75, 0x4f, 0xff, 0xff, 0xff,
    0xff, 0xff, 0xff, 0xff, 0xff, 0xff, 0xff, 0xff,
    0xfb, 0x4f, 0xff, 0xff, 0xff, 0xff, 0xff, 0xff,
    0xff, 0xff, 0xff, 0xff, 0xff, 0xfb, 0x0, 0x0,
    0x8, 0xff, 0xd2, 0x0, 0xff, 0x70, 0x8, 0xff,
    0xd1, 0x0, 0x0, 0x0, 0x0, 0x8f, 0xfe, 0x10,
    0x0, 0xff, 0x70, 0x0, 0x8f, 0xfd, 0x10, 0x0,
    0x0, 0x8, 0xff, 0xe2, 0x0, 0x2, 0xff, 0x90,
    0x0, 0x9, 0xff, 0xd1, 0x0, 0x0, 0x8f, 0xfe,
    0x20, 0x0, 0x1d, 0xff, 0xf6, 0x0, 0x0, 0x9f,
    0xfd, 0x10, 0x0, 0xaf, 0xe2, 0x0, 0x2, 0xef,
    0xff, 0xff, 0x70, 0x0, 0x9, 0xfe, 0x20, 0x0,
    0x9, 0x20, 0x0, 0x2e, 0xff, 0xff, 0xff, 0xf7,
    0x0, 0x0, 0x83, 0x0, 0x0, 0x0, 0x0, 0x2,
    0xef, 0xf8, 0xff, 0xae, 0xff, 0x70, 0x0, 0x0,
    0x0, 0x0, 0x0, 0x0, 0x2e, 0xff, 0x80, 0xff,
    0x72, 0xef, 0xf7, 0x0, 0x0, 0x0, 0x0, 0x0,
    0x0, 0x9f, 0xf8, 0x0, 0xff, 0x70, 0x2e, 0xfe,
    0x10, 0x0, 0x0, 0x0, 0x0, 0x0, 0xa, 0x80,
    0x0, 0xff, 0x70, 0x2, 0xd3, 0x0, 0x0, 0x0,
    0x0, 0x0, 0x0, 0x0, 0x0, 0x0, 0xff, 0x70,
    0x0, 0x0, 0x0, 0x0, 0x0, 0x0, 0x0, 0x0,
    0x0, 0x0, 0x0, 0x44, 0x10, 0x0, 0x0, 0x0,
    0x0, 0x0,

    /* U+F743 "" */
    0x0, 0x0, 0x0, 0x0, 0x0, 0x0, 0x0, 0x0,
    0x0, 0x0, 0x0, 0x0, 0x6, 0xff, 0x0, 0x0,
    0x0, 0x0, 0x0, 0x0, 0x0, 0x6, 0xff, 0x0,
    0x0, 0x0, 0x0, 0x0, 0x0, 0x0, 0x2a, 0xff,
    0x51, 0x0, 0x0, 0x0, 0x0, 0x0, 0x5d, 0xff,
    0xff, 0xff, 0xa2, 0x0, 0x0, 0x0, 0xa, 0xff,
    0xff, 0xff, 0xff, 0xff, 0x50, 0x0, 0x0, 0xbf,
    0xff, 0xff, 0xff, 0xff, 0xff, 0xf6, 0x0, 0x7,
    0xff, 0xff, 0xff, 0xff, 0xff, 0xff, 0xff, 0x20,
    0x1f, 0xff, 0xff, 0xff, 0xff, 0xff, 0xff, 0xff,
    0xb0, 0x7f, 0xff, 0xff, 0xff, 0xff, 0xff, 0xff,
    0xff, 0xf1, 0xbf, 0xff, 0xff, 0xff, 0xff, 0xff,
    0xff, 0xff, 0xf5, 0xdf, 0xff, 0xff, 0xff, 0xff,
    0xff, 0xff, 0xff, 0xf7, 0xef, 0xff, 0xff, 0xff,
    0xff, 0xff, 0xff, 0xff, 0xf8, 0xef, 0xff, 0xff,
    0xff, 0xff, 0xff, 0xff, 0xff, 0xf8, 0xab, 0xbb,
    0xbb, 0xbb, 0xbb, 0xbb, 0xbb, 0xbb, 0xb6, 0x0,
    0x0, 0x0, 0x0, 0x0, 0x0, 0x0, 0x0, 0x0,
    0x0, 0x0, 0x0, 0x0, 0x0, 0x0, 0x0, 0x0,
    0x0, 0x0, 0x1b, 0x80, 0x1, 0xb8, 0x0, 0x1b,
    0x80, 0x0, 0x0, 0x6f, 0xf0, 0x5, 0xff, 0x0,
    0x6f, 0xf0, 0x0, 0x0, 0x8, 0x50, 0x0, 0x85,
    0x0, 0x8, 0x50, 0x0, 0x0, 0x1, 0x0, 0x0,
    0x10, 0x0, 0x1, 0x0, 0x0, 0x0, 0x3f, 0xd0,
    0x3, 0xfc, 0x0, 0x3f, 0xd0, 0x0, 0x0, 0x5f,
    0xf0, 0x5, 0xfe, 0x0, 0x5f, 0xf0, 0x0, 0x0,
    0x4, 0x20, 0x0, 0x42, 0x0, 0x4, 0x20, 0x0,

    /* U+F744 "" */
    0x0, 0x0, 0x0, 0x0, 0x0, 0x0, 0x0, 0x0,
    0x0, 0x0, 0x0, 0x0, 0x0, 0x0, 0x0, 0x0,
    0x0, 0x0, 0x0, 0x0, 0x3, 0x9d, 0xff, 0xd9,
    0x30, 0x0, 0x0, 0x0, 0x0, 0x0, 0x0, 0x0,
    0x0, 0x0, 0x1, 0xaf, 0xff, 0xff, 0xff, 0xfb,
    0x10, 0x0, 0x0, 0x0, 0x0, 0x0, 0x0, 0x0,
    0x0, 0x3e, 0xff, 0xfa, 0x88, 0xaf, 0xff, 0xe3,
    0x0, 0x0, 0x0, 0x0, 0x0, 0x0, 0x0, 0x3,
    0xff, 0xf7, 0x0, 0x0, 0x0, 0x7f, 0xff, 0x30,
    0x0, 0x0, 0x0, 0x0, 0x0, 0x0, 0xe, 0xff,
    0x30, 0x0, 0x0, 0x0, 0x3, 0xff, 0xe0, 0x0,
    0x0, 0x0, 0x0, 0x0, 0x4a, 0xef, 0xfd, 0x60,
    0x0, 0x0, 0x0, 0x0, 0x5f, 0xf8, 0x0, 0x0,
    0x0, 0x0, 0x1b, 0xff, 0xff, 0xff, 0xfd, 0x20,
    0x0, 0x0, 0x0, 0xc, 0xfe, 0x0, 0x0, 0x0,
    0x1, 0xdf, 0xfe, 0x98, 0x9e, 0xff, 0xe2, 0x0,
    0x0, 0x0, 0x6, 0xff, 0x73, 0x0, 0x0, 0xb,
    0xff, 0x80, 0x0, 0x0, 0x8f, 0xfc, 0x0, 0x0,
    0x0, 0x3, 0xff, 0xff, 0xd3, 0x0, 0x4f, 0xf9,
    0x0, 0x0, 0x0, 0x9, 0xff, 0x50, 0x0, 0x0,
    0x2, 0xff, 0xff, 0xff, 0x40, 0xaf, 0xe0, 0x0,
    0x0, 0x0, 0x0, 0xef, 0xb0, 0x0, 0x0, 0x0,
    0x0, 0x17, 0xff, 0xf1, 0xef, 0xa0, 0x0, 0x0,
    0x0, 0x0, 0xaf, 0xe0, 0x0, 0x0, 0x0, 0x0,
    0x0, 0x5f, 0xf9, 0xff, 0x80, 0x0, 0x0, 0x0,
    0x0, 0x48, 0x80, 0x0, 0x0, 0x0, 0x0, 0x0,
    0xc, 0xfd, 0xef, 0xa0, 0x0, 0x0, 0x0, 0x0,
    0x0, 0x0, 0x0, 0x0, 0x0, 0x0, 0x0, 0x8,
    0xff, 0xbf, 0xe0, 0x0, 0x0, 0x0, 0x0, 0x0,
    0x0, 0x0, 0x0, 0x0, 0x0, 0x0, 0x9, 0xfe,
    0x6f, 0xf8, 0x0, 0x0, 0x0, 0x0, 0x0, 0x0,
    0x0, 0x0, 0x0, 0x0, 0x0, 0x1e, 0xfb, 0xd,
    0xff, 0x80, 0x0, 0x0, 0x0, 0x0, 0x0, 0x0,
    0x0, 0x0, 0x0, 0x0, 0xbf, 0xf5, 0x2, 0xef,
    0xfe, 0x98, 0x88, 0x88, 0x88, 0x88, 0x88, 0x88,
    0x88, 0x88, 0x9e, 0xff, 0xb0, 0x0, 0x2d, 0xff,
    0xff, 0xff, 0xff, 0xff, 0xff, 0xff, 0xff, 0xff,
    0xff, 0xff, 0xfb, 0x0, 0x0, 0x0, 0x6b, 0xef,
    0xff, 0xff, 0xff, 0xff, 0xff, 0xff, 0xff, 0xff,
    0xfb, 0x50, 0x0, 0x0, 0x0, 0x0, 0x0, 0x0,
    0x0, 0x0, 0x0, 0x0, 0x0, 0x0, 0x0, 0x0,
    0x0, 0x0,

    /* U+F746 "" */
    0x0, 0x0, 0x0, 0x0, 0x0, 0x0, 0x0, 0x0,
    0x0, 0x0, 0x0, 0x0, 0x0, 0x0, 0x0, 0x0,
    0x0, 0x0, 0x0, 0x0, 0x4, 0xae, 0xff, 0xea,
    0x50, 0x0, 0x0, 0x0, 0x0, 0x0, 0x0, 0x0,
    0x0, 0x0, 0x2, 0xcf, 0xff, 0xff, 0xff, 0xfd,
    0x30, 0x0, 0x0, 0x0, 0x0, 0x0, 0x0, 0x0,
    0x0, 0x4f, 0xff, 0xff, 0xff, 0xff, 0xff, 0xf6,
    0x0, 0x0, 0x0, 0x0, 0x0, 0x0, 0x0, 0x3,
    0xff, 0xff, 0xff, 0xff, 0xff, 0xff, 0xff, 0x50,
    0x0, 0x0, 0x0, 0x0, 0x0, 0x0, 0xd, 0xff,
    0xff, 0xff, 0xff, 0xff, 0xff, 0xff, 0xe1, 0x0,
    0x0, 0x0, 0x0, 0x0, 0x4a, 0xef, 0xff, 0xff,
    0xff, 0xff, 0xff, 0xff, 0xff, 0xf8, 0x0, 0x0,
    0x0, 0x0, 0x1b, 0xff, 0xff, 0xff, 0xff, 0xff,
    0xff, 0xff, 0xff, 0xff, 0xfe, 0x0, 0x0, 0x0,
    0x1, 0xdf, 0xff, 0xff, 0xff, 0xff, 0xff, 0xff,
    0xff, 0xff, 0xff, 0xff, 0x73, 0x0, 0x0, 0xb,
    0xff, 0xff, 0xff, 0xff, 0xff, 0xff, 0xff, 0xff,
    0xff, 0xff, 0xff, 0xff, 0xd3, 0x0, 0x4f, 0xff,
    0xff, 0xff, 0xff, 0xff, 0xff, 0xff, 0xff, 0xff,
    0xff, 0xff, 0xff, 0xff, 0x40, 0xaf, 0xff, 0xff,
    0xff, 0xff, 0xff, 0xff, 0xff, 0xff, 0xff, 0xff,
    0xff, 0xff, 0xff, 0xf1, 0xef, 0xff, 0xff, 0xff,
    0xff, 0xff, 0xff, 0xff, 0xff, 0xff, 0xff, 0xff,
    0xff, 0xff, 0xf9, 0xff, 0xff, 0xff, 0xff, 0xff,
    0xff, 0xff, 0xff, 0xff, 0xff, 0xff, 0xff, 0xff,
    0xff, 0xfd, 0xef, 0xff, 0xff, 0xff, 0xff, 0xff,
    0xff, 0xff, 0xff, 0xff, 0xff, 0xff, 0xff, 0xff,
    0xff, 0xbf, 0xff, 0xff, 0xff, 0xff, 0xff, 0xff,
    0xff, 0xff, 0xff, 0xff, 0xff, 0xff, 0xff, 0xfe,
    0x6f, 0xff, 0xff, 0xff, 0xff, 0xff, 0xff, 0xff,
    0xff, 0xff, 0xff, 0xff, 0xff, 0xff, 0xfb, 0xd,
    0xff, 0xff, 0xff, 0xff, 0xff, 0xff, 0xff, 0xff,
    0xff, 0xff, 0xff, 0xff, 0xff, 0xf5, 0x2, 0xef,
    0xff, 0xff, 0xff, 0xff, 0xff, 0xff, 0xff, 0xff,
    0xff, 0xff, 0xff, 0xff, 0xb0, 0x0, 0x2d, 0xff,
    0xff, 0xff, 0xff, 0xff, 0xff, 0xff, 0xff, 0xff,
    0xff, 0xff, 0xfb, 0x0, 0x0, 0x0, 0x6b, 0xef,
    0xff, 0xff, 0xff, 0xff, 0xff, 0xff, 0xff, 0xff,
    0xfb, 0x50, 0x0, 0x0, 0x0, 0x0, 0x0, 0x0,
    0x0, 0x0, 0x0, 0x0, 0x0, 0x0, 0x0, 0x0,
    0x0, 0x0,

    /* U+F74E "" */
    0x0, 0x0, 0x0, 0x0, 0x0, 0x4, 0x67, 0x51,
    0x0, 0x0, 0x0, 0x0, 0x0, 0x0, 0x0, 0x0,
    0x0, 0x7, 0xef, 0xff, 0xff, 0xb2, 0x0, 0x0,
    0x0, 0x0, 0x0, 0x0, 0x0, 0x1, 0xbf, 0xff,
    0xff, 0xff, 0xff, 0x40, 0x0, 0x0, 0x0, 0x0,
    0x0, 0x0, 0xa, 0xff, 0xff, 0xff, 0xff, 0xff,
    0xf3, 0x0, 0x0, 0x0, 0x0, 0x0, 0x5, 0xaf,
    0xff, 0xff, 0xff, 0xff, 0xff, 0xfc, 0x0, 0x0,
    0x0, 0x0, 0x4, 0xef, 0xff, 0xff, 0xff, 0xff,
    0xff, 0xff, 0xff, 0x30, 0x0, 0x0, 0x0, 0x6f,
    0xff, 0xff, 0xff, 0xff, 0xff, 0xff, 0xff, 0xff,
    0x90, 0x0, 0x0, 0x2, 0xff, 0xff, 0xff, 0xff,
    0xff, 0xff, 0xff, 0xff, 0xff, 0xff, 0xa1, 0x0,
    0xa, 0xff, 0xff, 0xff, 0xff, 0xff, 0xff, 0xff,
    0xff, 0xff, 0xff, 0xfe, 0x20, 0xf, 0xff, 0xff,
    0xff, 0xff, 0xff, 0xff, 0xff, 0xff, 0xff, 0xff,
    0xff, 0xd0, 0x3f, 0xff, 0xff, 0xff, 0xff, 0xff,
    0xff, 0xff, 0xff, 0xff, 0xff, 0xff, 0xf5, 0x3f,
    0xff, 0xff, 0xff, 0xff, 0xff, 0xff, 0xff, 0xff,
    0xff, 0xff, 0xff, 0xf9, 0x1f, 0xff, 0xff, 0xff,
    0xff, 0xff, 0xff, 0xff, 0xff, 0xff, 0xff, 0xff,
    0xfa, 0xc, 0xff, 0xff, 0xff, 0xff, 0xff, 0xff,
    0xff, 0xff, 0xff, 0xff, 0xff, 0xf8, 0x5, 0xff,
    0xff, 0xff, 0xff, 0xff, 0xff, 0xff, 0xff, 0xff,
    0xff, 0xff, 0xf3, 0x0, 0xaf, 0xff, 0xff, 0xff,
    0xff, 0xff, 0xff, 0xff, 0xff, 0xff, 0xff, 0xb0,
    0x0, 0x9, 0xff, 0xff, 0xff, 0xff, 0xff, 0xff,
    0xff, 0xff, 0xff, 0xfb, 0x0, 0x0, 0x0, 0x3a,
    0xdf, 0xff, 0xff, 0xff, 0xff, 0xff, 0xff, 0xec,
    0x60, 0x0, 0x0, 0x0, 0x0, 0x0, 0x0, 0x0,
    0x0, 0x0, 0x0, 0x0, 0x0, 0x0, 0x0, 0x0,
    0x0, 0x1a, 0xbb, 0xbb, 0xbb, 0xbb, 0xbb, 0xb8,
    0x1, 0xa6, 0x0, 0x0, 0x0, 0x0, 0x7f, 0xff,
    0xff, 0xff, 0xff, 0xff, 0xff, 0x27, 0xfe, 0x0,
    0x0, 0x0, 0x0, 0x2b, 0xcc, 0xcc, 0xcc, 0xcc,
    0xcc, 0xc9, 0x2, 0xb6, 0x0, 0x0, 0x0, 0x0,
    0x0, 0x0, 0x0, 0x0, 0x0, 0x0, 0x0, 0x0,
    0x0, 0x0, 0x0, 0x0, 0x0, 0x1, 0xdc, 0x3,
    0xef, 0xff, 0xff, 0xff, 0xff, 0x50, 0x0, 0x0,
    0x0, 0x0, 0x3, 0xff, 0x27, 0xff, 0xff, 0xff,
    0xff, 0xff, 0xa0, 0x0, 0x0, 0x0, 0x0, 0x0,
    0x55, 0x0, 0x78, 0x88, 0x88, 0x88, 0x88, 0x10,
    0x0, 0x0,

    /* U+F751 "" */
    0x0, 0x0, 0x27, 0x71, 0x0, 0x0, 0x0, 0x0,
    0x0, 0x0, 0x0, 0x0, 0x0, 0x0, 0x0, 0x9f,
    0xf0, 0x0, 0x0, 0x0, 0x0, 0x0, 0x0, 0x0,
    0x0, 0x0, 0x0, 0x0, 0xdf, 0xc0, 0x0, 0x0,
    0x0, 0x0, 0x0, 0x0, 0x0, 0x0, 0x0, 0x0,
    0x0, 0xff, 0x80, 0x5, 0xad, 0xff, 0xff, 0xed,
    0xb9, 0x63, 0x0, 0x0, 0x0, 0x3, 0xff, 0x44,
    0xdf, 0xff, 0xff, 0xff, 0xff, 0xff, 0xff, 0xfc,
    0x92, 0x0, 0x6, 0xff, 0xaf, 0xff, 0xea, 0x88,
    0xae, 0xff, 0xff, 0xff, 0xff, 0xf7, 0x0, 0x9,
    0xff, 0xff, 0xf6, 0x0, 0x0, 0x0, 0x6f, 0xff,
    0xa5, 0x8c, 0xf7, 0x0, 0xb, 0xff, 0xfd, 0x20,
    0x0, 0x0, 0x0, 0x2, 0xdf, 0xf4, 0x0, 0x1,
    0x0, 0xd, 0xff, 0xf2, 0x0, 0x4b, 0xee, 0xb4,
    0x0, 0x2f, 0xfd, 0x0, 0x0, 0x0, 0xe, 0xff,
    0x60, 0x7, 0xff, 0xff, 0xff, 0x70, 0x6, 0xff,
    0x50, 0x0, 0x0, 0xf, 0xfe, 0x0, 0x4f, 0xfe,
    0x99, 0xef, 0xf4, 0x0, 0xef, 0xa0, 0x0, 0x0,
    0xf, 0xfa, 0x0, 0xbf, 0xe1, 0x0, 0x1e, 0xfb,
    0x0, 0xaf, 0xd0, 0x0, 0x0, 0xf, 0xf8, 0x0,
    0xef, 0x90, 0x0, 0x9, 0xfe, 0x0, 0x8f, 0xf0,
    0x0, 0x0, 0xf, 0xf8, 0x0, 0xef, 0x90, 0x0,
    0x9, 0xfe, 0x0, 0x8f, 0xf0, 0x0, 0x0, 0xd,
    0xfa, 0x0, 0xbf, 0xe1, 0x0, 0x1e, 0xfb, 0x0,
    0xaf, 0xf0, 0x0, 0x0, 0xa, 0xfe, 0x0, 0x4f,
    0xfe, 0x99, 0xef, 0xf4, 0x0, 0xef, 0xf0, 0x0,
    0x0, 0x5, 0xff, 0x60, 0x7, 0xff, 0xff, 0xff,
    0x70, 0x6, 0xff, 0xe0, 0x0, 0x0, 0x0, 0xdf,
    0xf2, 0x0, 0x4b, 0xee, 0xb4, 0x0, 0x2f, 0xff,
    0xd0, 0x0, 0x10, 0x0, 0x5f, 0xfd, 0x20, 0x0,
    0x0, 0x0, 0x2, 0xdf, 0xff, 0xb0, 0x0, 0x7f,
    0xc8, 0x4a, 0xff, 0xf6, 0x0, 0x0, 0x0, 0x6f,
    0xff, 0xff, 0x90, 0x0, 0x7f, 0xff, 0xff, 0xff,
    0xff, 0xea, 0x88, 0xae, 0xff, 0xfa, 0xff, 0x60,
    0x0, 0x29, 0xdf, 0xff, 0xff, 0xff, 0xff, 0xff,
    0xff, 0xfd, 0x45, 0xff, 0x30, 0x0, 0x0, 0x0,
    0x36, 0x9b, 0xde, 0xff, 0xff, 0xda, 0x50, 0x8,
    0xff, 0x0, 0x0, 0x0, 0x0, 0x0, 0x0, 0x0,
    0x0, 0x0, 0x0, 0x0, 0xc, 0xfc, 0x0, 0x0,
    0x0, 0x0, 0x0, 0x0, 0x0, 0x0, 0x0, 0x0,
    0x0, 0xf, 0xf9, 0x0, 0x0, 0x0, 0x0, 0x0,
    0x0, 0x0, 0x0, 0x0, 0x0, 0x0, 0x17, 0x72,
    0x0, 0x0,

    /* U+F75F "" */
    0x0, 0x0, 0x0, 0x0, 0x0, 0x4, 0x67, 0x51,
    0x0, 0x0, 0x0, 0x0, 0x0, 0x0, 0x0, 0x0,
    0x0, 0x7, 0xef, 0xff, 0xff, 0xb2, 0x0, 0x0,
    0x0, 0x0, 0x0, 0x0, 0x0, 0x1, 0xbf, 0xff,
    0xff, 0xff, 0xff, 0x40, 0x0, 0x0, 0x0, 0x0,
    0x0, 0x0, 0xa, 0xff, 0xff, 0xff, 0xff, 0xff,
    0xf3, 0x0, 0x0, 0x0, 0x0, 0x0, 0x5, 0xaf,
    0xff, 0xff, 0xff, 0xff, 0xff, 0xfc, 0x0, 0x0,
    0x0, 0x0, 0x4, 0xef, 0xff, 0xff, 0xff, 0xff,
    0xff, 0xff, 0xff, 0x30, 0x0, 0x0, 0x0, 0x6f,
    0xff, 0xff, 0xff, 0xff, 0xff, 0xff, 0xff, 0xff,
    0x90, 0x0, 0x0, 0x2, 0xff, 0xff, 0xff, 0xff,
    0xff, 0xff, 0xff, 0xff, 0xff, 0xff, 0xa1, 0x0,
    0xa, 0xff, 0xff, 0xff, 0xff, 0xff, 0xff, 0xff,
    0xff, 0xff, 0xff, 0xfe, 0x20, 0xf, 0xff, 0xff,
    0xff, 0xff, 0xff, 0xff, 0xff, 0xff, 0xff, 0xff,
    0xff, 0xd0, 0x3f, 0xff, 0xff, 0xff, 0xff, 0xff,
    0xff, 0xff, 0xff, 0xff, 0xff, 0xff, 0xf5, 0x3f,
    0xff, 0xff, 0xff, 0xff, 0xff, 0xff, 0xff, 0xff,
    0xff, 0xff, 0xff, 0xf9, 0x1f, 0xff, 0xff, 0xff,
    0xff, 0xff, 0xff, 0xff, 0xff, 0xff, 0xff, 0xff,
    0xfa, 0xc, 0xff, 0xff, 0xff, 0xff, 0xff, 0xff,
    0xff, 0xff, 0xff, 0xff, 0xff, 0xf8, 0x5, 0xff,
    0xff, 0xff, 0xff, 0xff, 0xff, 0xff, 0xff, 0xff,
    0xff, 0xff, 0xf3, 0x0, 0xaf, 0xff, 0xff, 0xff,
    0xff, 0xff, 0xff, 0xff, 0xff, 0xff, 0xff, 0xb0,
    0x0, 0x9, 0xff, 0xff, 0xff, 0xff, 0xff, 0xff,
    0xff, 0xff, 0xff, 0xfb, 0x0, 0x0, 0x0, 0x3a,
    0xdf, 0xff, 0xff, 0xff, 0xff, 0xff, 0xff, 0xec,
    0x60, 0x0, 0x0, 0x0, 0x0, 0x0, 0x0, 0x0,
    0x0, 0x0, 0x0, 0x0, 0x0, 0x0, 0x0, 0x0,
    0x0, 0x1a, 0xbb, 0xbb, 0xbb, 0xbb, 0xbb, 0xb8,
    0x1, 0xa6, 0x0, 0x0, 0x0, 0x0, 0x7f, 0xff,
    0xff, 0xff, 0xff, 0xff, 0xff, 0x27, 0xfe, 0x0,
    0x0, 0x0, 0x0, 0x2b, 0xcc, 0xcc, 0xcc, 0xcc,
    0xcc, 0xc9, 0x2, 0xb6, 0x0, 0x0, 0x0, 0x0,
    0x0, 0x0, 0x0, 0x0, 0x0, 0x0, 0x0, 0x0,
    0x0, 0x0, 0x0, 0x0, 0x0, 0x1, 0xdc, 0x3,
    0xef, 0xff, 0xff, 0xff, 0xff, 0x50, 0x0, 0x0,
    0x0, 0x0, 0x3, 0xff, 0x27, 0xff, 0xff, 0xff,
    0xff, 0xff, 0xa0, 0x0, 0x0, 0x0, 0x0, 0x0,
    0x55, 0x0, 0x78, 0x88, 0x88, 0x88, 0x88, 0x10,
    0x0, 0x0,

    /* U+F76C "" */
    0x0, 0x0, 0x0, 0x0, 0x0, 0x4, 0x67, 0x51,
    0x0, 0x0, 0x0, 0x0, 0x0, 0x0, 0x0, 0x0,
    0x0, 0x7, 0xef, 0xff, 0xff, 0xb2, 0x0, 0x0,
    0x0, 0x0, 0x0, 0x0, 0x0, 0x1, 0xbf, 0xff,
    0xff, 0xff, 0xff, 0x40, 0x0, 0x0, 0x0, 0x0,
    0x0, 0x0, 0xa, 0xff, 0xff, 0xff, 0xff, 0xff,
    0xf3, 0x0, 0x0, 0x0, 0x0, 0x0, 0x5, 0xaf,
    0xff, 0xff, 0xff, 0xff, 0xff, 0xfc, 0x0, 0x0,
    0x0, 0x0, 0x4, 0xef, 0xff, 0xff, 0xff, 0xff,
    0xff, 0xff, 0xff, 0x30, 0x0, 0x0, 0x0, 0x6f,
    0xff, 0xff, 0xff, 0xff, 0xff, 0xff, 0xff, 0xff,
    0x90, 0x0, 0x0, 0x2, 0xff, 0xff, 0xff, 0xff,
    0xff, 0xff, 0xff, 0xff, 0xff, 0xff, 0xa1, 0x0,
    0xa, 0xff, 0xff, 0xff, 0xff, 0xff, 0xff, 0xff,
    0xff, 0xff, 0xff, 0xfe, 0x20, 0xf, 0xff, 0xff,
    0xff, 0xff, 0xff, 0xff, 0xff, 0xff, 0xff, 0xff,
    0xff, 0xd0, 0x3f, 0xff, 0xff, 0xff, 0xff, 0xff,
    0xff, 0xff, 0xff, 0xff, 0xff, 0xff, 0xf5, 0x3f,
    0xff, 0xff, 0xff, 0xff, 0xff, 0xff, 0xff, 0xff,
    0xff, 0xff, 0xff, 0xf9, 0x1f, 0xff, 0xff, 0xff,
    0xff, 0xff, 0xff, 0xff, 0xff, 0xff, 0xff, 0xff,
    0xfa, 0xc, 0xff, 0xff, 0xff, 0xff, 0xff, 0xff,
    0xff, 0xff, 0xff, 0xff, 0xff, 0xf8, 0x5, 0xff,
    0xff, 0xff, 0xff, 0xff, 0xff, 0xff, 0xff, 0xff,
    0xff, 0xff, 0xf3, 0x0, 0xaf, 0xff, 0xff, 0xff,
    0xff, 0xff, 0xff, 0xff, 0xff, 0xff, 0xff, 0xb0,
    0x0, 0x9, 0xff, 0xff, 0xff, 0xff, 0xff, 0xff,
    0xff, 0xff, 0xff, 0xfb, 0x0, 0x0, 0x0, 0x3a,
    0xdf, 0xff, 0xff, 0xff, 0xff, 0xff, 0xff, 0xec,
    0x60, 0x0, 0x0, 0x0, 0x0, 0x0, 0x0, 0x0,
    0x0, 0x0, 0x0, 0x0, 0x0, 0x0, 0x0, 0x0,
    0x0, 0x0, 0x0, 0x1b, 0xbb, 0x20, 0x0, 0x6b,
    0xb8, 0x0, 0x0, 0x0, 0x0, 0x0, 0x0, 0x0,
    0xcf, 0xf6, 0x0, 0x5, 0xff, 0xd1, 0x0, 0x0,
    0x0, 0x0, 0x0, 0x0, 0xb, 0xff, 0x80, 0x0,
    0x4f, 0xfe, 0x20, 0x0, 0x0, 0x0, 0x0, 0x0,
    0x0, 0xaf, 0xfd, 0x0, 0x2, 0xff, 0xf6, 0x0,
    0x0, 0x0, 0x0, 0x0, 0x0, 0x2, 0xdf, 0xff,
    0xe7, 0x7, 0xff, 0xff, 0xb2, 0x0, 0x0, 0x0,
    0x0, 0x0, 0x0, 0x5, 0xff, 0xf8, 0x0, 0x1b,
    0xff, 0xe2, 0x0, 0x0, 0x0, 0x0, 0x0, 0x0,
    0xa, 0xff, 0xa0, 0x0, 0x3f, 0xff, 0x30, 0x0,
    0x0, 0x0, 0x0, 0x0, 0x0, 0x8f, 0xfc, 0x0,
    0x2, 0xef, 0xf4, 0x0, 0x0, 0x0, 0x0, 0x0,
    0x0, 0x6, 0xff, 0xd1, 0x0, 0x1d, 0xff, 0x60,
    0x0, 0x0, 0x0, 0x0,

    /* U+F76F "" */
    0x23, 0x33, 0x33, 0x33, 0x33, 0x33, 0x33, 0x33,
    0x33, 0x33, 0x33, 0x33, 0x33, 0x32, 0x5f, 0xff,
    0xff, 0xff, 0xff, 0xff, 0xff, 0xff, 0xff, 0xff,
    0xff, 0xff, 0xff, 0xf5, 0xc, 0xff, 0xff, 0xff,
    0xff, 0xff, 0xff, 0xff, 0xff, 0xff, 0xff, 0xff,
    0xff, 0xc0, 0x2, 0xff, 0xff, 0xff, 0xff, 0xff,
    0xff, 0xff, 0xff, 0xff, 0xff, 0xff, 0xff, 0x20,
    0x0, 0x9f, 0xff, 0xff, 0xff, 0xff, 0xff, 0xff,
    0xff, 0xff, 0xff, 0xff, 0xf9, 0x0, 0x0, 0x1e,
    0xff, 0xff, 0xff, 0xff, 0xff, 0xff, 0xff, 0xff,
    0xff, 0xff, 0xe1, 0x0, 0x0, 0x7, 0xff, 0xff,
    0xff, 0xff, 0xff, 0xff, 0xff, 0xff, 0xff, 0xff,
    0x60, 0x0, 0x0, 0x0, 0x0, 0x0, 0x0, 0x0,
    0x0, 0x0, 0x0, 0x0, 0x0, 0x0, 0x0, 0x0,
    0x0, 0x0, 0x0, 0x0, 0x0, 0x0, 0x0, 0x0,
    0x0, 0x0, 0x0, 0x0, 0x0, 0x0, 0x0, 0x0,
    0x5, 0xbb, 0xbb, 0xbb, 0xbb, 0xbb, 0xbb, 0xbb,
    0xbb, 0x50, 0x0, 0x0, 0x0, 0x0, 0x0, 0xef,
    0xff, 0xff, 0xff, 0xff, 0xff, 0xff, 0xfe, 0x0,
    0x0, 0x0, 0x0, 0x0, 0x0, 0x6f, 0xff, 0xff,
    0xff, 0xff, 0xff, 0xff, 0xf6, 0x0, 0x0, 0x0,
    0x0, 0x0, 0x0, 0xc, 0xff, 0xff, 0xff, 0xff,
    0xff, 0xff, 0xc0, 0x0, 0x0, 0x0, 0x0, 0x0,
    0x0, 0x0, 0x0, 0x0, 0x0, 0x0, 0x0, 0x0,
    0x0, 0x0, 0x0, 0x0, 0x0, 0x0, 0x0, 0x0,
    0x0, 0x0, 0x0, 0x0, 0x0, 0x0, 0x0, 0x0,
    0x0, 0x0, 0x0, 0x0, 0x0, 0x0, 0x6, 0x66,
    0x66, 0x66, 0x66, 0x60, 0x0, 0x0, 0x0, 0x0,
    0x0, 0x0, 0x0, 0x0, 0x7, 0xff, 0xff, 0xff,
    0xff, 0x80, 0x0, 0x0, 0x0, 0x0, 0x0, 0x0,
    0x0, 0x0, 0x0, 0xef, 0xff, 0xff, 0xfe, 0x0,
    0x0, 0x0, 0x0, 0x0, 0x0, 0x0, 0x0, 0x0,
    0x0, 0x5f, 0xff, 0xff, 0xf5, 0x0, 0x0, 0x0,
    0x0, 0x0, 0x0, 0x0, 0x0, 0x0, 0x0, 0xc,
    0xff, 0xff, 0xc0, 0x0, 0x0, 0x0, 0x0, 0x0,
    0x0, 0x0, 0x0, 0x0, 0x0, 0x3, 0xff, 0xff,
    0x30, 0x0, 0x0, 0x0, 0x0, 0x0, 0x0, 0x0,
    0x0, 0x0, 0x0, 0x0, 0x9f, 0xf9, 0x0, 0x0,
    0x0, 0x0, 0x0, 0x0, 0x0, 0x0, 0x0, 0x0,
    0x0, 0x0, 0x1f, 0xf1, 0x0, 0x0, 0x0, 0x0,
    0x0, 0x0, 0x0, 0x0, 0x0, 0x0, 0x0, 0x0,
    0x7, 0x70, 0x0, 0x0, 0x0, 0x0, 0x0, 0x0,
    0x0, 0x0, 0x0, 0x0, 0x0, 0x0, 0x0, 0x0,
    0x0, 0x0, 0x0, 0x0, 0x0, 0x0,

    /* U+F7C2 "" */
    0x0, 0x0, 0x0, 0x0, 0x57, 0x77, 0x77, 0x77,
    0x77, 0x73, 0x0, 0x0, 0x0, 0x0, 0x7, 0xff,
    0xff, 0xff, 0xff, 0xff, 0xff, 0x60, 0x0, 0x0,
    0x0, 0x7f, 0xff, 0xff, 0xff, 0xff, 0xff, 0xff,
    0xe0, 0x0, 0x0, 0x7, 0xff, 0x70, 0xf, 0x30,
    0x4f, 0x0, 0x8f, 0xf0, 0x0, 0x0, 0x7f, 0xff,
    0x70, 0xf, 0x30, 0x4f, 0x0, 0x8f, 0xf0, 0x0,
    0x7, 0xff, 0xff, 0x70, 0xf, 0x30, 0x4f, 0x0,
    0x8f, 0xf0, 0x0, 0x7f, 0xff, 0xff, 0x70, 0xf,
    0x30, 0x4f, 0x0, 0x8f, 0xf0, 0x7, 0xff, 0xff,
    0xff, 0x70, 0xf, 0x30, 0x4f, 0x0, 0x8f, 0xf0,
    0xf, 0xff, 0xff, 0xff, 0xff, 0xff, 0xff, 0xff,
    0xff, 0xff, 0xf0, 0xf, 0xff, 0xff, 0xff, 0xff,
    0xff, 0xff, 0xff, 0xff, 0xff, 0xf0, 0xf, 0xff,
    0xff, 0xff, 0xff, 0xff, 0xff, 0xff, 0xff, 0xff,
    0xf0, 0xf, 0xff, 0xff, 0xff, 0xff, 0xff, 0xff,
    0xff, 0xff, 0xff, 0xf0, 0xf, 0xff, 0xff, 0xff,
    0xff, 0xff, 0xff, 0xff, 0xff, 0xff, 0xf0, 0xf,
    0xff, 0xff, 0xff, 0xff, 0xff, 0xff, 0xff, 0xff,
    0xff, 0xf0, 0xf, 0xff, 0xff, 0xff, 0xff, 0xff,
    0xff, 0xff, 0xff, 0xff, 0xf0, 0xf, 0xff, 0xff,
    0xff, 0xff, 0xff, 0xff, 0xff, 0xff, 0xff, 0xf0,
    0xf, 0xff, 0xff, 0xff, 0xff, 0xff, 0xff, 0xff,
    0xff, 0xff, 0xf0, 0xf, 0xff, 0xff, 0xff, 0xff,
    0xff, 0xff, 0xff, 0xff, 0xff, 0xf0, 0xf, 0xff,
    0xff, 0xff, 0xff, 0xff, 0xff, 0xff, 0xff, 0xff,
    0xf0, 0xf, 0xff, 0xff, 0xff, 0xff, 0xff, 0xff,
    0xff, 0xff, 0xff, 0xf0, 0xf, 0xff, 0xff, 0xff,
    0xff, 0xff, 0xff, 0xff, 0xff, 0xff, 0xf0, 0xf,
    0xff, 0xff, 0xff, 0xff, 0xff, 0xff, 0xff, 0xff,
    0xff, 0xf0, 0xf, 0xff, 0xff, 0xff, 0xff, 0xff,
    0xff, 0xff, 0xff, 0xff, 0xf0, 0xe, 0xff, 0xff,
    0xff, 0xff, 0xff, 0xff, 0xff, 0xff, 0xff, 0xe0,
    0x6, 0xff, 0xff, 0xff, 0xff, 0xff, 0xff, 0xff,
    0xff, 0xff, 0x60, 0x0, 0x37, 0x77, 0x77, 0x77,
    0x77, 0x77, 0x77, 0x77, 0x73, 0x0,

    /* U+F7CF "" */
    0x0, 0x0, 0x0, 0x0, 0x0, 0x0, 0x0, 0x0,
    0x0, 0x0, 0x2, 0x77, 0x10, 0x0, 0x0, 0x0,
    0x0, 0x0, 0x0, 0x0, 0x0, 0x0, 0x0, 0x4f,
    0xf4, 0x0, 0x0, 0x0, 0x0, 0x0, 0x0, 0x0,
    0x0, 0x0, 0x0, 0x4, 0xff, 0x40, 0x0, 0x0,
    0x0, 0x0, 0x8, 0xff, 0x0, 0x0, 0x0, 0x0,
    0x4f, 0xf4, 0x0, 0x0, 0x0, 0x16, 0x0, 0x8f,
    0xf0, 0x2, 0x60, 0x0, 0x4, 0xff, 0x40, 0x0,
    0x0, 0x1d, 0xf7, 0x8, 0xff, 0x2, 0xef, 0x70,
    0x0, 0x4f, 0xf4, 0x0, 0x0, 0x2, 0xef, 0xf7,
    0x8f, 0xf2, 0xef, 0xf8, 0x0, 0x3, 0xbb, 0x20,
    0x0, 0x0, 0x2, 0xef, 0xfe, 0xff, 0xef, 0xf8,
    0x0, 0x0, 0x0, 0x0, 0x0, 0x1b, 0x10, 0x2,
    0xef, 0xff, 0xff, 0xf8, 0x0, 0x0, 0x4, 0xff,
    0x30, 0xd, 0xfd, 0x10, 0x2, 0xef, 0xff, 0xf8,
    0x0, 0x0, 0x0, 0x4f, 0xf4, 0x0, 0x8f, 0xfd,
    0x10, 0x2, 0xef, 0xf8, 0x0, 0x0, 0x0, 0x2,
    0x77, 0x10, 0x0, 0x8f, 0xfd, 0x10, 0x8, 0xff,
    0x0, 0x0, 0x0, 0x0, 0x0, 0x0, 0x0, 0x0,
    0x8f, 0xfd, 0x10, 0x8f, 0xf0, 0x0, 0x0, 0x0,
    0x0, 0x0, 0x7, 0xff, 0xff, 0xff, 0xff, 0xff,
    0xff, 0xff, 0xff, 0xff, 0xff, 0xff, 0x0, 0x7f,
    0xff, 0xff, 0xff, 0xff, 0xff, 0xff, 0xff, 0xff,
    0xff, 0xff, 0xf0, 0x3, 0x88, 0x8a, 0xff, 0xfa,
    0x8c, 0xff, 0x88, 0xef, 0xfe, 0x88, 0x88, 0x0,
    0x0, 0x2, 0xef, 0xf8, 0x0, 0x8f, 0xf0, 0x2,
    0xef, 0xf7, 0x0, 0x0, 0x0, 0x2, 0xef, 0xf8,
    0x0, 0xa, 0xff, 0x10, 0x2, 0xef, 0xf7, 0x0,
    0x0, 0x0, 0xef, 0xf8, 0x0, 0x8, 0xff, 0xfd,
    0x10, 0x2, 0xef, 0xf6, 0x0, 0x0, 0x7, 0xf8,
    0x0, 0x8, 0xff, 0xff, 0xfd, 0x10, 0x2, 0xed,
    0x10, 0x0, 0x0, 0x3, 0x0, 0x8, 0xff, 0xff,
    0xff, 0xfd, 0x10, 0x2, 0x10, 0x0, 0x0, 0x0,
    0x0, 0x8, 0xff, 0xea, 0xff, 0x8f, 0xfd, 0x10,
    0x0, 0x0, 0x0, 0x0, 0x0, 0x3, 0xff, 0xe2,
    0x8f, 0xf0, 0x8f, 0xfb, 0x0, 0x0, 0x0, 0x0,
    0x0, 0x0, 0x7, 0xe2, 0x8, 0xff, 0x0, 0x8d,
    0x10, 0x0, 0x0, 0x0, 0x0, 0x0, 0x0, 0x0,
    0x0, 0x8f, 0xf0, 0x0, 0x0, 0x0, 0x0, 0x0,
    0x0, 0x0, 0x0, 0x0, 0x0, 0x3, 0x77, 0x0,
    0x0, 0x0, 0x0, 0x0, 0x0
};


/*---------------------
 *  GLYPH DESCRIPTION
 *--------------------*/

static const lv_font_fmt_txt_glyph_dsc_t glyph_dsc[] = {
    {.bitmap_index = 0, .adv_w = 0, .box_w = 0, .box_h = 0, .ofs_x = 0, .ofs_y = 0} /* id = 0 reserved */,
    {.bitmap_index = 0, .adv_w = 480, .box_w = 28, .box_h = 25, .ofs_x = 1, .ofs_y = 3},
    {.bitmap_index = 350, .adv_w = 480, .box_w = 30, .box_h = 30, .ofs_x = 0, .ofs_y = 0},
    {.bitmap_index = 800, .adv_w = 480, .box_w = 30, .box_h = 24, .ofs_x = 0, .ofs_y = 2},
    {.bitmap_index = 1160, .adv_w = 480, .box_w = 24, .box_h = 27, .ofs_x = 3, .ofs_y = 1},
    {.bitmap_index = 1484, .adv_w = 480, .box_w = 24, .box_h = 24, .ofs_x = 3, .ofs_y = 3},
    {.bitmap_index = 1772, .adv_w = 480, .box_w = 26, .box_h = 26, .ofs_x = 2, .ofs_y = 2},
    {.bitmap_index = 2110, .adv_w = 480, .box_w = 26, .box_h = 26, .ofs_x = 2, .ofs_y = 2},
    {.bitmap_index = 2448, .adv_w = 480, .box_w = 24, .box_h = 26, .ofs_x = 3, .ofs_y = 2},
    {.bitmap_index = 2760, .adv_w = 480, .box_w = 26, .box_h = 26, .ofs_x = 2, .ofs_y = 2},
    {.bitmap_index = 3098, .adv_w = 480, .box_w = 26, .box_h = 26, .ofs_x = 2, .ofs_y = 2},
    {.bitmap_index = 3436, .adv_w = 480, .box_w = 24, .box_h = 26, .ofs_x = 2, .ofs_y = 2},
    {.bitmap_index = 3748, .adv_w = 480, .box_w = 24, .box_h = 22, .ofs_x = 3, .ofs_y = 4},
    {.bitmap_index = 4012, .adv_w = 480, .box_w = 27, .box_h = 27, .ofs_x = 2, .ofs_y = 2},
    {.bitmap_index = 4377, .adv_w = 480, .box_w = 22, .box_h = 24, .ofs_x = 4, .ofs_y = 3},
    {.bitmap_index = 4641, .adv_w = 480, .box_w = 26, .box_h = 26, .ofs_x = 2, .ofs_y = 2},
    {.bitmap_index = 4979, .adv_w = 480, .box_w = 26, .box_h = 26, .ofs_x = 2, .ofs_y = 2},
    {.bitmap_index = 5317, .adv_w = 480, .box_w = 16, .box_h = 24, .ofs_x = 7, .ofs_y = 3},
    {.bitmap_index = 5509, .adv_w = 480, .box_w = 23, .box_h = 23, .ofs_x = 3, .ofs_y = 4},
    {.bitmap_index = 5774, .adv_w = 480, .box_w = 26, .box_h = 24, .ofs_x = 2, .ofs_y = 3},
    {.bitmap_index = 6086, .adv_w = 480, .box_w = 26, .box_h = 25, .ofs_x = 2, .ofs_y = 3},
    {.bitmap_index = 6411, .adv_w = 480, .box_w = 22, .box_h = 22, .ofs_x = 4, .ofs_y = 4},
    {.bitmap_index = 6653, .adv_w = 480, .box_w = 23, .box_h = 18, .ofs_x = 4, .ofs_y = 6},
    {.bitmap_index = 6860, .adv_w = 480, .box_w = 18, .box_h = 18, .ofs_x = 6, .ofs_y = 6},
    {.bitmap_index = 7022, .adv_w = 480, .box_w = 24, .box_h = 24, .ofs_x = 3, .ofs_y = 3},
    {.bitmap_index = 7310, .adv_w = 480, .box_w = 26, .box_h = 26, .ofs_x = 2, .ofs_y = 2},
    {.bitmap_index = 7648, .adv_w = 480, .box_w = 26, .box_h = 26, .ofs_x = 2, .ofs_y = 2},
    {.bitmap_index = 7986, .adv_w = 480, .box_w = 26, .box_h = 23, .ofs_x = 2, .ofs_y = 4},
    {.bitmap_index = 8285, .adv_w = 480, .box_w = 26, .box_h = 26, .ofs_x = 2, .ofs_y = 2},
    {.bitmap_index = 8623, .adv_w = 480, .box_w = 18, .box_h = 23, .ofs_x = 6, .ofs_y = 4},
    {.bitmap_index = 8830, .adv_w = 480, .box_w = 21, .box_h = 22, .ofs_x = 5, .ofs_y = 4},
    {.bitmap_index = 9061, .adv_w = 480, .box_w = 22, .box_h = 27, .ofs_x = 4, .ofs_y = 2},
    {.bitmap_index = 9358, .adv_w = 480, .box_w = 24, .box_h = 24, .ofs_x = 3, .ofs_y = 3},
    {.bitmap_index = 9646, .adv_w = 480, .box_w = 12, .box_h = 21, .ofs_x = 8, .ofs_y = 4},
    {.bitmap_index = 9772, .adv_w = 480, .box_w = 24, .box_h = 23, .ofs_x = 3, .ofs_y = 3},
    {.bitmap_index = 10048, .adv_w = 480, .box_w = 26, .box_h = 24, .ofs_x = 2, .ofs_y = 4},
    {.bitmap_index = 10360, .adv_w = 480, .box_w = 24, .box_h = 24, .ofs_x = 3, .ofs_y = 3},
    {.bitmap_index = 10648, .adv_w = 480, .box_w = 27, .box_h = 27, .ofs_x = 3, .ofs_y = 3},
    {.bitmap_index = 11013, .adv_w = 480, .box_w = 16, .box_h = 16, .ofs_x = 7, .ofs_y = 7},
    {.bitmap_index = 11141, .adv_w = 480, .box_w = 14, .box_h = 18, .ofs_x = 10, .ofs_y = 6},
    {.bitmap_index = 11267, .adv_w = 480, .box_w = 16, .box_h = 18, .ofs_x = 7, .ofs_y = 6},
    {.bitmap_index = 11411, .adv_w = 480, .box_w = 16, .box_h = 16, .ofs_x = 7, .ofs_y = 7},
    {.bitmap_index = 11539, .adv_w = 480, .box_w = 16, .box_h = 16, .ofs_x = 7, .ofs_y = 7},
    {.bitmap_index = 11667, .adv_w = 480, .box_w = 26, .box_h = 26, .ofs_x = 2, .ofs_y = 2},
    {.bitmap_index = 12005, .adv_w = 480, .box_w = 26, .box_h = 26, .ofs_x = 2, .ofs_y = 2},
    {.bitmap_index = 12343, .adv_w = 480, .box_w = 26, .box_h = 26, .ofs_x = 2, .ofs_y = 2},
    {.bitmap_index = 12681, .adv_w = 480, .box_w = 26, .box_h = 26, .ofs_x = 2, .ofs_y = 2},
    {.bitmap_index = 13019, .adv_w = 480, .box_w = 22, .box_h = 22, .ofs_x = 4, .ofs_y = 4},
    {.bitmap_index = 13261, .adv_w = 480, .box_w = 22, .box_h = 22, .ofs_x = 4, .ofs_y = 4},
    {.bitmap_index = 13503, .adv_w = 480, .box_w = 22, .box_h = 22, .ofs_x = 4, .ofs_y = 4},
    {.bitmap_index = 13745, .adv_w = 480, .box_w = 22, .box_h = 22, .ofs_x = 4, .ofs_y = 4},
    {.bitmap_index = 13987, .adv_w = 480, .box_w = 28, .box_h = 25, .ofs_x = 1, .ofs_y = 3},
    {.bitmap_index = 14337, .adv_w = 480, .box_w = 26, .box_h = 26, .ofs_x = 2, .ofs_y = 2},
    {.bitmap_index = 14675, .adv_w = 480, .box_w = 28, .box_h = 16, .ofs_x = 1, .ofs_y = 7},
    {.bitmap_index = 14899, .adv_w = 480, .box_w = 24, .box_h = 24, .ofs_x = 3, .ofs_y = 3},
    {.bitmap_index = 15187, .adv_w = 480, .box_w = 22, .box_h = 27, .ofs_x = 4, .ofs_y = 2},
    {.bitmap_index = 15484, .adv_w = 480, .box_w = 26, .box_h = 26, .ofs_x = 2, .ofs_y = 2},
    {.bitmap_index = 15822, .adv_w = 480, .box_w = 26, .box_h = 14, .ofs_x = 2, .ofs_y = 8},
    {.bitmap_index = 16004, .adv_w = 480, .box_w = 30, .box_h = 22, .ofs_x = 0, .ofs_y = 4},
    {.bitmap_index = 16334, .adv_w = 480, .box_w = 26, .box_h = 22, .ofs_x = 2, .ofs_y = 4},
    {.bitmap_index = 16620, .adv_w = 480, .box_w = 30, .box_h = 22, .ofs_x = 0, .ofs_y = 4},
    {.bitmap_index = 16950, .adv_w = 480, .box_w = 30, .box_h = 22, .ofs_x = 0, .ofs_y = 4},
    {.bitmap_index = 17280, .adv_w = 480, .box_w = 22, .box_h = 25, .ofs_x = 4, .ofs_y = 2},
    {.bitmap_index = 17555, .adv_w = 480, .box_w = 18, .box_h = 16, .ofs_x = 6, .ofs_y = 7},
    {.bitmap_index = 17699, .adv_w = 480, .box_w = 18, .box_h = 16, .ofs_x = 6, .ofs_y = 7},
    {.bitmap_index = 17843, .adv_w = 480, .box_w = 16, .box_h = 18, .ofs_x = 7, .ofs_y = 6},
    {.bitmap_index = 17987, .adv_w = 480, .box_w = 16, .box_h = 18, .ofs_x = 7, .ofs_y = 6},
    {.bitmap_index = 18131, .adv_w = 480, .box_w = 10, .box_h = 16, .ofs_x = 10, .ofs_y = 7},
    {.bitmap_index = 18211, .adv_w = 480, .box_w = 10, .box_h = 16, .ofs_x = 10, .ofs_y = 7},
    {.bitmap_index = 18291, .adv_w = 480, .box_w = 16, .box_h = 10, .ofs_x = 7, .ofs_y = 10},
    {.bitmap_index = 18371, .adv_w = 480, .box_w = 16, .box_h = 10, .ofs_x = 7, .ofs_y = 10},
    {.bitmap_index = 18451, .adv_w = 480, .box_w = 22, .box_h = 28, .ofs_x = 4, .ofs_y = 1},
    {.bitmap_index = 18759, .adv_w = 480, .box_w = 26, .box_h = 26, .ofs_x = 2, .ofs_y = 2},
    {.bitmap_index = 19097, .adv_w = 480, .box_w = 26, .box_h = 18, .ofs_x = 2, .ofs_y = 6},
    {.bitmap_index = 19331, .adv_w = 480, .box_w = 20, .box_h = 25, .ofs_x = 5, .ofs_y = 3},
    {.bitmap_index = 19581, .adv_w = 480, .box_w = 18, .box_h = 25, .ofs_x = 6, .ofs_y = 3},
    {.bitmap_index = 19806, .adv_w = 480, .box_w = 24, .box_h = 25, .ofs_x = 3, .ofs_y = 3},
    {.bitmap_index = 20106, .adv_w = 480, .box_w = 24, .box_h = 26, .ofs_x = 3, .ofs_y = 2},
    {.bitmap_index = 20418, .adv_w = 480, .box_w = 26, .box_h = 26, .ofs_x = 2, .ofs_y = 2},
    {.bitmap_index = 20756, .adv_w = 480, .box_w = 28, .box_h = 28, .ofs_x = 1, .ofs_y = 1},
    {.bitmap_index = 21148, .adv_w = 480, .box_w = 24, .box_h = 24, .ofs_x = 3, .ofs_y = 3},
    {.bitmap_index = 21436, .adv_w = 480, .box_w = 28, .box_h = 20, .ofs_x = 1, .ofs_y = 5},
    {.bitmap_index = 21716, .adv_w = 480, .box_w = 24, .box_h = 24, .ofs_x = 3, .ofs_y = 3},
    {.bitmap_index = 22004, .adv_w = 480, .box_w = 18, .box_h = 24, .ofs_x = 6, .ofs_y = 3},
    {.bitmap_index = 22220, .adv_w = 480, .box_w = 14, .box_h = 26, .ofs_x = 8, .ofs_y = 2},
    {.bitmap_index = 22402, .adv_w = 480, .box_w = 14, .box_h = 26, .ofs_x = 8, .ofs_y = 2},
    {.bitmap_index = 22584, .adv_w = 480, .box_w = 14, .box_h = 26, .ofs_x = 8, .ofs_y = 2},
    {.bitmap_index = 22766, .adv_w = 480, .box_w = 14, .box_h = 26, .ofs_x = 8, .ofs_y = 2},
    {.bitmap_index = 22948, .adv_w = 480, .box_w = 14, .box_h = 26, .ofs_x = 8, .ofs_y = 2},
    {.bitmap_index = 23130, .adv_w = 480, .box_w = 17, .box_h = 26, .ofs_x = 6, .ofs_y = 2},
    {.bitmap_index = 23351, .adv_w = 480, .box_w = 14, .box_h = 26, .ofs_x = 8, .ofs_y = 2},
    {.bitmap_index = 23533, .adv_w = 480, .box_w = 26, .box_h = 26, .ofs_x = 2, .ofs_y = 2},
    {.bitmap_index = 23871, .adv_w = 480, .box_w = 22, .box_h = 30, .ofs_x = 4, .ofs_y = 0},
    {.bitmap_index = 24201, .adv_w = 480, .box_w = 26, .box_h = 26, .ofs_x = 2, .ofs_y = 2},
    {.bitmap_index = 24539, .adv_w = 480, .box_w = 24, .box_h = 26, .ofs_x = 3, .ofs_y = 2},
    {.bitmap_index = 24851, .adv_w = 480, .box_w = 14, .box_h = 26, .ofs_x = 8, .ofs_y = 2},
    {.bitmap_index = 25033, .adv_w = 480, .box_w = 14, .box_h = 26, .ofs_x = 8, .ofs_y = 2},
    {.bitmap_index = 25215, .adv_w = 480, .box_w = 18, .box_h = 26, .ofs_x = 6, .ofs_y = 2},
    {.bitmap_index = 25449, .adv_w = 480, .box_w = 26, .box_h = 26, .ofs_x = 2, .ofs_y = 2},
    {.bitmap_index = 25787, .adv_w = 480, .box_w = 28, .box_h = 20, .ofs_x = 1, .ofs_y = 5},
    {.bitmap_index = 26067, .adv_w = 480, .box_w = 26, .box_h = 26, .ofs_x = 2, .ofs_y = 2},
    {.bitmap_index = 26405, .adv_w = 480, .box_w = 26, .box_h = 26, .ofs_x = 2, .ofs_y = 2},
    {.bitmap_index = 26743, .adv_w = 480, .box_w = 26, .box_h = 24, .ofs_x = 2, .ofs_y = 3},
    {.bitmap_index = 27055, .adv_w = 480, .box_w = 26, .box_h = 26, .ofs_x = 2, .ofs_y = 2},
    {.bitmap_index = 27393, .adv_w = 480, .box_w = 26, .box_h = 24, .ofs_x = 2, .ofs_y = 3},
    {.bitmap_index = 27705, .adv_w = 480, .box_w = 26, .box_h = 26, .ofs_x = 2, .ofs_y = 2},
    {.bitmap_index = 28043, .adv_w = 480, .box_w = 26, .box_h = 26, .ofs_x = 2, .ofs_y = 2},
    {.bitmap_index = 28381, .adv_w = 480, .box_w = 26, .box_h = 26, .ofs_x = 2, .ofs_y = 2},
    {.bitmap_index = 28719, .adv_w = 480, .box_w = 26, .box_h = 26, .ofs_x = 2, .ofs_y = 2},
    {.bitmap_index = 29057, .adv_w = 480, .box_w = 5, .box_h = 9, .ofs_x = 6, .ofs_y = 4},
    {.bitmap_index = 29080, .adv_w = 480, .box_w = 12, .box_h = 15, .ofs_x = 6, .ofs_y = 4},
    {.bitmap_index = 29170, .adv_w = 480, .box_w = 20, .box_h = 22, .ofs_x = 6, .ofs_y = 4},
    {.bitmap_index = 29390, .adv_w = 480, .box_w = 27, .box_h = 28, .ofs_x = 1, .ofs_y = 1},
    {.bitmap_index = 29768, .adv_w = 480, .box_w = 17, .box_h = 21, .ofs_x = 6, .ofs_y = 4},
    {.bitmap_index = 29947, .adv_w = 480, .box_w = 24, .box_h = 24, .ofs_x = 3, .ofs_y = 3},
    {.bitmap_index = 30235, .adv_w = 480, .box_w = 10, .box_h = 8, .ofs_x = 10, .ofs_y = 3},
    {.bitmap_index = 30275, .adv_w = 480, .box_w = 20, .box_h = 15, .ofs_x = 5, .ofs_y = 3},
    {.bitmap_index = 30425, .adv_w = 480, .box_w = 28, .box_h = 24, .ofs_x = 1, .ofs_y = 4},
    {.bitmap_index = 30761, .adv_w = 480, .box_w = 25, .box_h = 26, .ofs_x = 1, .ofs_y = 2},
    {.bitmap_index = 31086, .adv_w = 480, .box_w = 26, .box_h = 23, .ofs_x = 2, .ofs_y = 4},
    {.bitmap_index = 31385, .adv_w = 480, .box_w = 22, .box_h = 22, .ofs_x = 4, .ofs_y = 4},
    {.bitmap_index = 31627, .adv_w = 480, .box_w = 22, .box_h = 22, .ofs_x = 4, .ofs_y = 4},
    {.bitmap_index = 31869, .adv_w = 480, .box_w = 22, .box_h = 26, .ofs_x = 4, .ofs_y = 2},
    {.bitmap_index = 32155, .adv_w = 480, .box_w = 18, .box_h = 24, .ofs_x = 6, .ofs_y = 3},
    {.bitmap_index = 32371, .adv_w = 480, .box_w = 26, .box_h = 28, .ofs_x = 2, .ofs_y = 0},
    {.bitmap_index = 32735, .adv_w = 480, .box_w = 26, .box_h = 26, .ofs_x = 2, .ofs_y = 2},
    {.bitmap_index = 33073, .adv_w = 480, .box_w = 18, .box_h = 24, .ofs_x = 6, .ofs_y = 3},
    {.bitmap_index = 33289, .adv_w = 480, .box_w = 30, .box_h = 22, .ofs_x = 0, .ofs_y = 4},
    {.bitmap_index = 33619, .adv_w = 480, .box_w = 30, .box_h = 22, .ofs_x = 0, .ofs_y = 4},
    {.bitmap_index = 33949, .adv_w = 480, .box_w = 26, .box_h = 26, .ofs_x = 2, .ofs_y = 2},
    {.bitmap_index = 34287, .adv_w = 480, .box_w = 26, .box_h = 26, .ofs_x = 2, .ofs_y = 2},
    {.bitmap_index = 34625, .adv_w = 480, .box_w = 26, .box_h = 26, .ofs_x = 2, .ofs_y = 2},
    {.bitmap_index = 34963, .adv_w = 480, .box_w = 26, .box_h = 28, .ofs_x = 2, .ofs_y = 0},
    {.bitmap_index = 35327, .adv_w = 480, .box_w = 28, .box_h = 25, .ofs_x = 1, .ofs_y = 2},
    {.bitmap_index = 35677, .adv_w = 480, .box_w = 22, .box_h = 26, .ofs_x = 4, .ofs_y = 2},
    {.bitmap_index = 35963, .adv_w = 480, .box_w = 25, .box_h = 26, .ofs_x = 2, .ofs_y = 2}
};

/*---------------------
 *  CHARACTER MAPPING
 *--------------------*/

static const uint16_t unicode_list_0[] = {
    0x0, 0x7e, 0xec, 0x100, 0x1a1, 0x320, 0x322, 0x327,
    0x32a, 0x339, 0x342, 0x347, 0x34d, 0x350, 0x359, 0x3be,
    0xfb6, 0xfb7, 0xfb9, 0xfba, 0xfbc, 0xfc1, 0xfc2, 0xfc6,
    0xfc7, 0xfc8, 0xfca, 0xfcc, 0xfce, 0xfd6, 0xfd8, 0xfda,
    0xfdc, 0xfdd, 0xfe5, 0xff3, 0xff9, 0xffd, 0x1000, 0x1001,
    0x1002, 0x1006, 0x100c, 0x100d, 0x100e, 0x100f, 0x1015, 0x1016,
    0x1017, 0x1018, 0x1026, 0x102a, 0x1039, 0x104a, 0x1051, 0x1061,
    0x1076, 0x1077, 0x1095, 0x10a2, 0x10a3, 0x10a8, 0x10b5, 0x10b6,
    0x10b7, 0x10b8, 0x10b9, 0x10ba, 0x10bb, 0x10bc, 0x10c5, 0x10cd,
    0x10d0, 0x10d9, 0x10e5, 0x10e6, 0x10e8, 0x1103, 0x113a, 0x113b,
    0x11a0, 0x11a1, 0x11ad, 0x11f5, 0x11f6, 0x11f7, 0x11f8, 0x11f9,
    0x1248, 0x127e, 0x1291, 0x1296, 0x1303, 0x1319, 0x132b, 0x132c,
    0x137a, 0x148f, 0x14e5, 0x150b, 0x152e, 0x1539, 0x153d, 0x154d,
    0x1550, 0x1559, 0x1568, 0x1641, 0x1642, 0x1643, 0x1644, 0x164a,
    0x165d, 0x165e, 0x165f, 0x1660, 0x1661, 0x1678, 0x16e3, 0x16ed,
    0x16ef, 0x16f2, 0x16f4, 0x16f5, 0x16f6, 0x16f8, 0x16f9, 0x16fb,
    0x1703, 0x1706, 0x1714, 0x1721, 0x1724, 0x1777, 0x1784
};

/*Collect the unicode lists and glyph_id offsets*/
static const lv_font_fmt_txt_cmap_t cmaps[] =
{
    {
        .range_start = 57419, .range_length = 6021, .glyph_id_start = 1,
        .unicode_list = unicode_list_0, .glyph_id_ofs_list = NULL, .list_length = 135, .type = LV_FONT_FMT_TXT_CMAP_SPARSE_TINY
    }
};



/*--------------------
 *  ALL CUSTOM DATA
 *--------------------*/

#if LVGL_VERSION_MAJOR == 8
/*Store all the custom data of the font*/
static  lv_font_fmt_txt_glyph_cache_t cache;
#endif

#if LVGL_VERSION_MAJOR >= 8
static const lv_font_fmt_txt_dsc_t font_dsc = {
#else
static lv_font_fmt_txt_dsc_t font_dsc = {
#endif
    .glyph_bitmap = glyph_bitmap,
    .glyph_dsc = glyph_dsc,
    .cmaps = cmaps,
    .kern_dsc = NULL,
    .kern_scale = 0,
    .cmap_num = 1,
    .bpp = 4,
    .kern_classes = 0,
    .bitmap_format = 0,
#if LVGL_VERSION_MAJOR == 8
    .cache = &cache
#endif
};


/*-----------------
 *  PUBLIC FONT
 *----------------*/

/*Initialize a public general font descriptor*/
#if LVGL_VERSION_MAJOR >= 8
const lv_font_t font_awesome_30_4 = {
#else
lv_font_t font_awesome_30_4 = {
#endif
    .get_glyph_dsc = lv_font_get_glyph_dsc_fmt_txt,    /*Function pointer to get glyph's data*/
    .get_glyph_bitmap = lv_font_get_bitmap_fmt_txt,    /*Function pointer to get glyph's bitmap*/
    .line_height = 30,          /*The maximum line height required by the font*/
    .base_line = 0,             /*Baseline measured from the bottom of the line*/
#if !(LVGL_VERSION_MAJOR == 6 && LVGL_VERSION_MINOR == 0)
    .subpx = LV_FONT_SUBPX_NONE,
#endif
#if LV_VERSION_CHECK(7, 4, 0) || LVGL_VERSION_MAJOR >= 8
    .underline_position = -7,
    .underline_thickness = 3,
#endif
    .dsc = &font_dsc,          /*The custom font data. Will be accessed by `get_glyph_bitmap/dsc` */
    .fallback = NULL,
    .user_data = NULL
};



#endif /*#if FONT_AWESOME_30_4*/
