/* SPDX-License-Identifier: Apache-2.0 AND MIT
 * Generated for StackChan: subset, rasterized and (icons only) remapped.
 * Input versions, rights holders and notices: firmware/release-fonts/README.md.
 * Reproduce with firmware/tools/generate_release_fonts.py.
 */
#ifdef LV_LVGL_H_INCLUDE_SIMPLE
#include "lvgl.h"
#else
#include "lvgl.h"
#endif

#ifndef FONT_AWESOME_20_4
#define FONT_AWESOME_20_4 1
#endif

#if FONT_AWESOME_20_4

/*-----------------
 *    BITMAPS
 *----------------*/

/*Store the image of the glyphs*/
static LV_ATTRIBUTE_LARGE_CONST const uint8_t glyph_bitmap[] = {
    /* U+E04B "" */
    0x0, 0x0, 0x0, 0x0, 0x1, 0x0, 0x0, 0x0,
    0x0, 0x0, 0x0, 0x0, 0x0, 0x0, 0xaf, 0xf5,
    0x0, 0x0, 0x0, 0x0, 0x0, 0x0, 0x0, 0x8,
    0xff, 0xff, 0x10, 0x0, 0x0, 0x0, 0x0, 0x0,
    0x89, 0x9e, 0xff, 0xff, 0xb9, 0x98, 0x10, 0x0,
    0x0, 0x8, 0xff, 0xff, 0xff, 0xff, 0xff, 0xff,
    0xb0, 0x0, 0x0, 0xa, 0xff, 0xff, 0xff, 0xff,
    0xff, 0xff, 0xe0, 0x0, 0x0, 0x1c, 0xff, 0xff,
    0xff, 0xff, 0xff, 0xff, 0xe2, 0x0, 0x6, 0xff,
    0xff, 0xe9, 0xff, 0xfd, 0x9d, 0xff, 0xff, 0x90,
    0xf, 0xff, 0xff, 0x50, 0x8f, 0xf2, 0x1, 0xff,
    0xff, 0xf4, 0x2f, 0xff, 0xff, 0x80, 0xbf, 0xf6,
    0x6, 0xff, 0xff, 0xf5, 0xb, 0xff, 0xff, 0xff,
    0xff, 0xff, 0xff, 0xff, 0xff, 0xe1, 0x0, 0x8e,
    0xff, 0xeb, 0xbb, 0xbb, 0xbd, 0xff, 0xf9, 0x20,
    0x0, 0xa, 0xff, 0x90, 0x0, 0x0, 0x7, 0xff,
    0xe0, 0x0, 0x0, 0xa, 0xff, 0xff, 0xff, 0xff,
    0xff, 0xff, 0xe0, 0x0, 0x0, 0xa, 0xff, 0xff,
    0xff, 0xff, 0xff, 0xff, 0xe0, 0x0, 0x0, 0x7,
    0xff, 0xff, 0xff, 0xff, 0xff, 0xff, 0xa0, 0x0,
    0x0, 0x0, 0x45, 0x55, 0x55, 0x55, 0x55, 0x55,
    0x0, 0x0,

    /* U+E0C9 "" */
    0x0, 0x0, 0x0, 0x0, 0x3, 0x30, 0x0, 0x0,
    0x0, 0x0, 0x0, 0x0, 0x0, 0x0, 0x3f, 0xf3,
    0x0, 0x0, 0x0, 0x0, 0x0, 0x0, 0x0, 0x3,
    0xff, 0xff, 0x30, 0x0, 0x0, 0x0, 0x0, 0x9,
    0xee, 0xef, 0xff, 0xff, 0xfe, 0xee, 0x90, 0x0,
    0x0, 0xa, 0xff, 0xff, 0xff, 0xdf, 0xff, 0xff,
    0xb0, 0x0, 0x0, 0xa, 0xff, 0xff, 0xff, 0x0,
    0x7f, 0xff, 0xb0, 0x0, 0x0, 0xa, 0xff, 0xff,
    0xff, 0x0, 0x4, 0xff, 0xb0, 0x0, 0x0, 0x3f,
    0xff, 0xff, 0xff, 0x0, 0x0, 0x8f, 0xf3, 0x0,
    0x3, 0xff, 0xff, 0xff, 0xff, 0x0, 0x0, 0x2f,
    0xff, 0x30, 0x2f, 0xff, 0xff, 0xff, 0xff, 0x0,
    0x0, 0xf, 0xff, 0xf2, 0xa, 0xff, 0xff, 0xff,
    0xff, 0x0, 0x0, 0x1f, 0xff, 0xa0, 0x0, 0xaf,
    0xff, 0xff, 0xff, 0x0, 0x0, 0x5f, 0xfa, 0x0,
    0x0, 0xc, 0xff, 0xff, 0xff, 0x0, 0x0, 0xdf,
    0xc0, 0x0, 0x0, 0xa, 0xff, 0xff, 0xff, 0x0,
    0xa, 0xff, 0xb0, 0x0, 0x0, 0xa, 0xff, 0xff,
    0xff, 0x47, 0xef, 0xff, 0xb0, 0x0, 0x0, 0xa,
    0xff, 0xff, 0xff, 0xff, 0xff, 0xff, 0xb0, 0x0,
    0x0, 0x4, 0x77, 0x7b, 0xff, 0xff, 0xb7, 0x77,
    0x40, 0x0, 0x0, 0x0, 0x0, 0x0, 0xaf, 0xfb,
    0x0, 0x0, 0x0, 0x0, 0x0, 0x0, 0x0, 0x0,
    0xa, 0xa0, 0x0, 0x0, 0x0, 0x0, 0x0, 0x0,
    0x0, 0x0, 0x0, 0x0, 0x0, 0x0, 0x0, 0x0,

    /* U+E137 "" */
    0x0, 0x3, 0x0, 0x1, 0x79, 0xa7, 0x10, 0x0,
    0x0, 0x0, 0x0, 0x3f, 0x80, 0x1e, 0xff, 0xff,
    0xf8, 0x0, 0x0, 0x0, 0x0, 0x9, 0xf8, 0x3,
    0x51, 0x4, 0xcf, 0xa0, 0x0, 0x0, 0x0, 0x0,
    0xaf, 0x90, 0x0, 0x0, 0xa, 0xf6, 0x0, 0x0,
    0x0, 0x6d, 0xff, 0xf9, 0x0, 0x0, 0x0, 0xee,
    0x0, 0x0, 0xa, 0xfe, 0xa8, 0xaf, 0x90, 0x0,
    0x0, 0x9f, 0x94, 0x0, 0x6f, 0xb0, 0x0, 0x8,
    0xf9, 0x0, 0x0, 0x7f, 0xff, 0xa0, 0xdf, 0x10,
    0x0, 0x0, 0x8f, 0xa0, 0x0, 0x12, 0x4c, 0xf7,
    0xfc, 0x0, 0x0, 0x0, 0x7, 0xfa, 0x0, 0x0,
    0x1, 0xed, 0xed, 0x0, 0x0, 0x0, 0x0, 0x7f,
    0xa0, 0x0, 0x0, 0xbf, 0xaf, 0x40, 0x0, 0x0,
    0x0, 0x6, 0xfa, 0x0, 0x0, 0xdd, 0x2f, 0xf6,
    0x10, 0x0, 0x0, 0x0, 0x6f, 0xa0, 0x9, 0xf7,
    0x4, 0xef, 0xff, 0xff, 0xff, 0xff, 0xff, 0xfb,
    0x3, 0x90, 0x0, 0x17, 0xaa, 0xaa, 0xaa, 0xaa,
    0xaa, 0xbf, 0xb0, 0x0, 0x0, 0x0, 0x0, 0x0,
    0x0, 0x0, 0x0, 0x6, 0xf3, 0x0, 0x0, 0x0,
    0x0, 0x0, 0x0, 0x0, 0x0, 0x0, 0x10, 0x0,

    /* U+E14B "" */
    0x3, 0x88, 0x88, 0x88, 0x88, 0x88, 0x88, 0x71,
    0x1f, 0xff, 0xff, 0xff, 0xff, 0xff, 0xff, 0xfb,
    0x4f, 0xff, 0xff, 0xb3, 0x15, 0xdf, 0xff, 0xfe,
    0x4f, 0xff, 0xfb, 0x0, 0x0, 0x1e, 0xff, 0xfe,
    0x4f, 0xff, 0xf3, 0xb, 0xe5, 0x7, 0xff, 0xfe,
    0x4f, 0xff, 0xf1, 0x6f, 0xfd, 0x4, 0xff, 0xfe,
    0x4f, 0xff, 0xff, 0xff, 0xfa, 0x6, 0xff, 0xfe,
    0x4f, 0xff, 0xff, 0xff, 0xc0, 0x1e, 0xff, 0xfe,
    0x4f, 0xff, 0xff, 0xff, 0x10, 0xcf, 0xff, 0xfe,
    0x4f, 0xff, 0xff, 0xf9, 0x6, 0xff, 0xff, 0xfe,
    0x4f, 0xff, 0xff, 0xf7, 0x1b, 0xff, 0xff, 0xfe,
    0x4f, 0xff, 0xff, 0xff, 0xff, 0xff, 0xff, 0xfe,
    0x4f, 0xff, 0xff, 0xfb, 0x8e, 0xff, 0xff, 0xfe,
    0x4f, 0xff, 0xff, 0xf6, 0xc, 0xff, 0xff, 0xfe,
    0x3f, 0xff, 0xff, 0xfe, 0xcf, 0xff, 0xff, 0xfd,
    0x8, 0xee, 0xee, 0xff, 0xff, 0xfe, 0xee, 0xd4,
    0x0, 0x0, 0x0, 0x9f, 0xff, 0x40, 0x0, 0x0,
    0x0, 0x0, 0x0, 0x9, 0xf4, 0x0, 0x0, 0x0,
    0x0, 0x0, 0x0, 0x0, 0x20, 0x0, 0x0, 0x0,

    /* U+E1EC "" */
    0x0, 0x0, 0x6, 0xa0, 0xa, 0x50, 0x0, 0x0,
    0x0, 0x0, 0x9, 0xf1, 0x1f, 0x90, 0x0, 0x0,
    0x0, 0x3d, 0xff, 0xff, 0xff, 0xff, 0xe5, 0x0,
    0x0, 0xaf, 0xbb, 0xbb, 0xbb, 0xbb, 0xed, 0x0,
    0x0, 0xbe, 0x0, 0x0, 0x0, 0x0, 0xbe, 0x0,
    0x4a, 0xee, 0x6, 0xaa, 0xaa, 0x50, 0xbf, 0xa5,
    0x6f, 0xfe, 0x9, 0xff, 0xff, 0x90, 0xbf, 0xf9,
    0x0, 0xbe, 0x9, 0xf1, 0x1f, 0x90, 0xbe, 0x0,
    0x0, 0xbe, 0x9, 0xf1, 0x1f, 0x90, 0xbe, 0x0,
    0x6f, 0xfe, 0x9, 0xff, 0xff, 0x90, 0xbf, 0xf9,
    0x4a, 0xee, 0x6, 0xaa, 0xaa, 0x60, 0xbf, 0xa6,
    0x0, 0xbe, 0x0, 0x0, 0x0, 0x0, 0xbe, 0x0,
    0x0, 0xaf, 0xff, 0xff, 0xff, 0xff, 0xfd, 0x0,
    0x0, 0x19, 0xbe, 0xfb, 0xbf, 0xdb, 0xa2, 0x0,
    0x0, 0x0, 0x9, 0xf1, 0x1f, 0x90, 0x0, 0x0,
    0x0, 0x0, 0x3, 0x60, 0x6, 0x30, 0x0, 0x0,

    /* U+E36B "" */
    0x0, 0x0, 0x0, 0x15, 0x77, 0x51, 0x0, 0x0,
    0x0, 0x0, 0x0, 0x2a, 0xff, 0xff, 0xff, 0xb3,
    0x0, 0x0, 0x0, 0x4, 0xff, 0xa5, 0x32, 0x59,
    0xff, 0x60, 0x0, 0x0, 0x4f, 0xe3, 0x0, 0x0,
    0x0, 0x2d, 0xf6, 0x0, 0x1, 0xee, 0x20, 0x0,
    0x0, 0x0, 0x1, 0xdf, 0x20, 0x8, 0xf5, 0x2,
    0x30, 0x0, 0x3, 0x30, 0x2f, 0xb0, 0xe, 0xd0,
    0xf, 0xf4, 0x0, 0x2f, 0xf2, 0xa, 0xf1, 0x1f,
    0x80, 0xd, 0xf3, 0x0, 0x1e, 0xe1, 0x6, 0xf4,
    0x3f, 0x70, 0x0, 0x10, 0x0, 0x0, 0x0, 0x4,
    0xf5, 0x2f, 0x70, 0x0, 0x0, 0x0, 0x0, 0x0,
    0x4, 0xf5, 0xf, 0xa0, 0x0, 0x0, 0x0, 0x0,
    0x0, 0x7, 0xf3, 0xc, 0xe0, 0x0, 0x0, 0x0,
    0x0, 0x0, 0xd, 0xe0, 0x5, 0xf8, 0x0, 0x5d,
    0xdd, 0xd7, 0x0, 0x6f, 0x80, 0x0, 0xcf, 0x60,
    0x0, 0x0, 0x0, 0x4, 0xfd, 0x0, 0x0, 0x1d,
    0xf9, 0x10, 0x0, 0x0, 0x7f, 0xe2, 0x0, 0x0,
    0x1, 0xbf, 0xfb, 0x88, 0xae, 0xfd, 0x20, 0x0,
    0x0, 0x0, 0x5, 0xbf, 0xff, 0xfc, 0x60, 0x0,
    0x0, 0x0, 0x0, 0x0, 0x0, 0x11, 0x0, 0x0,
    0x0, 0x0,

    /* U+E36D "" */
    0x0, 0x0, 0x0, 0x15, 0x77, 0x51, 0x0, 0x0,
    0x0, 0x0, 0x0, 0x2a, 0xff, 0xff, 0xff, 0xb3,
    0x0, 0x0, 0x0, 0x4, 0xff, 0xa5, 0x32, 0x59,
    0xff, 0x60, 0x0, 0x0, 0x4f, 0xe3, 0x0, 0x0,
    0x0, 0x2d, 0xf6, 0x0, 0x1, 0xee, 0x20, 0x8,
    0xee, 0x91, 0x1, 0xdf, 0x20, 0x8, 0xf5, 0x0,
    0xaf, 0xdc, 0xfc, 0x0, 0x2f, 0xb0, 0xe, 0xd0,
    0x1, 0xfa, 0x0, 0x8f, 0x30, 0xa, 0xf1, 0x1f,
    0x80, 0x0, 0x20, 0x0, 0x4f, 0x50, 0x6, 0xf4,
    0x3f, 0x70, 0x0, 0x0, 0x1, 0xce, 0x10, 0x4,
    0xf5, 0x2f, 0x70, 0x0, 0x0, 0x1e, 0xe3, 0x0,
    0x4, 0xf5, 0xf, 0xa0, 0x0, 0x0, 0x8f, 0x40,
    0x0, 0x7, 0xf3, 0xc, 0xe0, 0x0, 0x0, 0x57,
    0x0, 0x0, 0xd, 0xe0, 0x5, 0xf8, 0x0, 0x0,
    0x89, 0x0, 0x0, 0x6f, 0x80, 0x0, 0xcf, 0x60,
    0x0, 0xbe, 0x0, 0x4, 0xfd, 0x0, 0x0, 0x1d,
    0xf9, 0x10, 0x0, 0x0, 0x7f, 0xe2, 0x0, 0x0,
    0x1, 0xbf, 0xfb, 0x88, 0xae, 0xfd, 0x20, 0x0,
    0x0, 0x0, 0x5, 0xbf, 0xff, 0xfc, 0x60, 0x0,
    0x0, 0x0, 0x0, 0x0, 0x0, 0x11, 0x0, 0x0,
    0x0, 0x0,

    /* U+E372 "" */
    0x58, 0x0, 0x85, 0x8, 0x60, 0x0, 0x3, 0x71,
    0x9f, 0x11, 0xf9, 0xe, 0xb0, 0x0, 0xaf, 0xf2,
    0x9f, 0x11, 0xf9, 0xe, 0xb0, 0x9, 0xff, 0xf2,
    0x9f, 0x11, 0xf9, 0xe, 0xb0, 0xf, 0xff, 0xf2,
    0x9f, 0x11, 0xf9, 0xe, 0xb0, 0xf, 0xff, 0xf2,
    0x9f, 0x11, 0xf9, 0xe, 0xb0, 0xf, 0xff, 0xf2,
    0x8f, 0xcc, 0xfe, 0xbf, 0xa0, 0xf, 0xff, 0xf2,
    0x4f, 0xff, 0xff, 0xff, 0x70, 0xf, 0xff, 0xf2,
    0x9, 0xff, 0xff, 0xfc, 0x0, 0xf, 0xff, 0xf2,
    0x0, 0x4a, 0xfe, 0x60, 0x0, 0xf, 0xff, 0xf2,
    0x0, 0x4, 0xfd, 0x0, 0x0, 0x7, 0x7f, 0xf2,
    0x0, 0x4, 0xfd, 0x0, 0x0, 0x0, 0xe, 0xf2,
    0x0, 0x4, 0xfd, 0x0, 0x0, 0x0, 0xe, 0xf2,
    0x0, 0x4, 0xfd, 0x0, 0x0, 0x0, 0xe, 0xf2,
    0x0, 0x4, 0xfd, 0x0, 0x0, 0x0, 0xe, 0xf2,
    0x0, 0x4, 0xfd, 0x0, 0x0, 0x0, 0xe, 0xf2,
    0x0, 0x4, 0xfd, 0x0, 0x0, 0x0, 0xe, 0xf2,
    0x0, 0x0, 0x11, 0x0, 0x0, 0x0, 0x1, 0x10,

    /* U+E375 "" */
    0x0, 0x0, 0x0, 0x15, 0x77, 0x51, 0x0, 0x0,
    0x0, 0x0, 0x0, 0x2a, 0xff, 0xff, 0xff, 0xb3,
    0x0, 0x0, 0x0, 0x4, 0xff, 0xa5, 0x32, 0x59,
    0xff, 0x60, 0x0, 0x0, 0x4f, 0xe3, 0x0, 0x0,
    0x0, 0x2d, 0xf6, 0x0, 0x1, 0xee, 0x20, 0x0,
    0x0, 0x0, 0x1, 0xdf, 0x20, 0x8, 0xf5, 0x2,
    0x30, 0x0, 0x3, 0x30, 0x2f, 0xb0, 0xe, 0xd0,
    0xf, 0xf4, 0x0, 0x2f, 0xf2, 0xa, 0xf1, 0x1f,
    0x80, 0xd, 0xf3, 0x0, 0x1e, 0xe1, 0x6, 0xf4,
    0x3f, 0x70, 0x0, 0x10, 0x0, 0x0, 0x0, 0x4,
    0xf5, 0x2f, 0x70, 0x0, 0x0, 0x0, 0x0, 0x0,
    0x4, 0xf5, 0xf, 0xa0, 0x0, 0x0, 0x34, 0x10,
    0x0, 0x7, 0xf3, 0xc, 0xe0, 0x0, 0x7f, 0xff,
    0xf9, 0x0, 0xd, 0xe0, 0x5, 0xf8, 0x8, 0xe5,
    0x0, 0x3d, 0xb0, 0x6f, 0x80, 0x0, 0xcf, 0x68,
    0x30, 0x0, 0x1, 0x85, 0xfd, 0x0, 0x0, 0x1d,
    0xf9, 0x10, 0x0, 0x0, 0x7f, 0xe2, 0x0, 0x0,
    0x1, 0xbf, 0xfb, 0x88, 0xae, 0xfd, 0x20, 0x0,
    0x0, 0x0, 0x5, 0xbf, 0xff, 0xfc, 0x60, 0x0,
    0x0, 0x0, 0x0, 0x0, 0x0, 0x11, 0x0, 0x0,
    0x0, 0x0,

    /* U+E384 "" */
    0x0, 0x0, 0x0, 0x15, 0x77, 0x51, 0x0, 0x0,
    0x0, 0x0, 0x0, 0x2a, 0xff, 0xff, 0xff, 0xb3,
    0x0, 0x0, 0x0, 0x4, 0xff, 0xa5, 0x32, 0x59,
    0xff, 0x60, 0x0, 0x0, 0x4f, 0xe3, 0x0, 0x0,
    0x0, 0x2d, 0xf6, 0x0, 0x1, 0xee, 0x20, 0x0,
    0x0, 0x0, 0x1, 0xdf, 0x20, 0x8, 0xf5, 0x2,
    0x30, 0x0, 0x3, 0x30, 0x2f, 0xb0, 0xe, 0xd0,
    0xf, 0xf4, 0x0, 0x2f, 0xf2, 0xa, 0xf1, 0x1f,
    0x80, 0xd, 0xf3, 0x0, 0x1e, 0xe1, 0x6, 0xf4,
    0x3f, 0x70, 0x0, 0x10, 0x0, 0x0, 0x0, 0x4,
    0xf5, 0x2f, 0x70, 0x0, 0x0, 0x0, 0x0, 0x0,
    0x4, 0xf5, 0xf, 0xa0, 0x0, 0x0, 0x0, 0x0,
    0x0, 0x7, 0xf3, 0xc, 0xe0, 0x0, 0x1, 0x45,
    0x20, 0x0, 0xd, 0xe0, 0x5, 0xf8, 0x0, 0x2f,
    0xee, 0xf4, 0x0, 0x6f, 0x80, 0x0, 0xcf, 0x60,
    0x1, 0x0, 0x20, 0x4, 0xfd, 0x0, 0x0, 0x1d,
    0xf9, 0x10, 0x0, 0x0, 0x7f, 0xe2, 0x0, 0x0,
    0x1, 0xbf, 0xfb, 0x88, 0xae, 0xfd, 0x20, 0x0,
    0x0, 0x0, 0x5, 0xbf, 0xff, 0xfc, 0x60, 0x0,
    0x0, 0x0, 0x0, 0x0, 0x0, 0x11, 0x0, 0x0,
    0x0, 0x0,

    /* U+E38D "" */
    0x0, 0x0, 0x0, 0x15, 0x71, 0x0, 0x0, 0x0,
    0x0, 0x0, 0x2, 0xbf, 0xfd, 0x0, 0x0, 0x0,
    0x0, 0x0, 0x5, 0xff, 0xff, 0x70, 0x0, 0x0,
    0x0, 0x0, 0x5, 0xff, 0xff, 0xf4, 0x0, 0x0,
    0x0, 0x0, 0x1, 0xff, 0xff, 0xff, 0x30, 0x0,
    0x0, 0x0, 0x0, 0x9f, 0xff, 0xff, 0xf3, 0x0,
    0x0, 0x0, 0x0, 0xe, 0xff, 0xff, 0xff, 0x60,
    0x0, 0x0, 0x0, 0x2, 0xff, 0xff, 0xff, 0xfa,
    0x0, 0x0, 0x0, 0x0, 0x4f, 0xff, 0xff, 0xff,
    0xf2, 0x0, 0x0, 0x0, 0x3, 0xff, 0xff, 0xff,
    0xff, 0xc0, 0x0, 0x0, 0x0, 0x2f, 0xff, 0xff,
    0xff, 0xff, 0x90, 0x0, 0x0, 0x0, 0xdf, 0xff,
    0xff, 0xff, 0xff, 0xb1, 0x0, 0x0, 0x6, 0xff,
    0xff, 0xff, 0xff, 0xff, 0xf9, 0x41, 0x0, 0xd,
    0xff, 0xff, 0xff, 0xff, 0xff, 0xff, 0xd0, 0x0,
    0x2e, 0xff, 0xff, 0xff, 0xff, 0xff, 0xe2, 0x0,
    0x0, 0x1c, 0xff, 0xff, 0xff, 0xff, 0xc2, 0x0,
    0x0, 0x0, 0x5, 0xbf, 0xff, 0xfb, 0x50, 0x0,
    0x0, 0x0, 0x0, 0x0, 0x1, 0x10, 0x0, 0x0,
    0x0,

    /* U+E392 "" */
    0x0, 0x0, 0x0, 0x8, 0x80, 0x0, 0x0, 0x0,
    0x0, 0x0, 0x0, 0x8f, 0xf8, 0x0, 0x0, 0x0,
    0x0, 0x0, 0x0, 0x8f, 0xf8, 0x0, 0x0, 0x0,
    0x0, 0x0, 0x0, 0x8, 0x80, 0x0, 0x0, 0x0,
    0x0, 0x0, 0x0, 0x27, 0x72, 0x0, 0x0, 0x0,
    0x0, 0x0, 0x2, 0xff, 0xff, 0x30, 0x0, 0x0,
    0x0, 0x0, 0x2e, 0xff, 0xff, 0xe2, 0x0, 0x0,
    0x0, 0x5, 0xef, 0xef, 0xfe, 0xfe, 0x50, 0x0,
    0x49, 0xdf, 0xe4, 0xaf, 0xfa, 0x4e, 0xfd, 0x94,
    0x7f, 0xd8, 0x15, 0xdf, 0xfe, 0x51, 0x8d, 0xf7,
    0x0, 0x7, 0xef, 0xff, 0xff, 0xfe, 0x80, 0x0,
    0x0, 0x9f, 0xff, 0x72, 0x11, 0xaf, 0xfa, 0x0,
    0x0, 0xbf, 0xfa, 0x5f, 0xff, 0xff, 0xfb, 0x0,
    0x0, 0x29, 0xa5, 0x7a, 0xaa, 0xaa, 0xa2, 0x0,

    /* U+E398 "" */
    0x0, 0x0, 0x0, 0x0, 0x0, 0x0, 0x0, 0x0,
    0x0, 0x0, 0x0, 0x0, 0x1, 0x57, 0x75, 0x10,
    0x1, 0xb0, 0x0, 0x0, 0x0, 0x2a, 0xff, 0xff,
    0xfb, 0x10, 0x8f, 0x40, 0x0, 0x0, 0x4f, 0xff,
    0xff, 0xf4, 0x2, 0xdf, 0xff, 0xa0, 0x0, 0x4f,
    0xff, 0xff, 0xff, 0xf9, 0x21, 0xaf, 0x60, 0x0,
    0x1e, 0xff, 0xff, 0x6f, 0xff, 0xff, 0x81, 0xc0,
    0x0, 0x8, 0xff, 0xff, 0x80, 0x4e, 0xff, 0xff,
    0x11, 0x20, 0x0, 0xdf, 0xff, 0xb0, 0x0, 0x7,
    0xdf, 0xf8, 0xd, 0x10, 0x1f, 0xff, 0x80, 0x0,
    0x0, 0x0, 0x1, 0x14, 0xf4, 0x3, 0xfb, 0x20,
    0x5, 0x10, 0x0, 0x41, 0x0, 0x4f, 0x50, 0x2f,
    0x70, 0x6, 0xfb, 0x0, 0x4f, 0x90, 0x4, 0xf5,
    0x0, 0xfa, 0x0, 0x1a, 0x40, 0x1, 0x93, 0x0,
    0x7f, 0x30, 0xc, 0xf0, 0x0, 0x0, 0x0, 0x0,
    0x0, 0xd, 0xe0, 0x0, 0x5f, 0x80, 0x0, 0x0,
    0x0, 0x0, 0x6, 0xf8, 0x0, 0x0, 0xcf, 0x60,
    0x0, 0x0, 0x0, 0x4, 0xfd, 0x0, 0x0, 0x1,
    0xdf, 0x91, 0x0, 0x0, 0x7, 0xfe, 0x20, 0x0,
    0x0, 0x1, 0xbf, 0xfb, 0x88, 0xaf, 0xfd, 0x20,
    0x0, 0x0, 0x0, 0x0, 0x4b, 0xff, 0xff, 0xb6,
    0x0, 0x0, 0x0, 0x0, 0x0, 0x0, 0x0, 0x11,
    0x0, 0x0, 0x0, 0x0, 0x0,

    /* U+E39B "" */
    0x0, 0x0, 0x1, 0x57, 0x62, 0x0, 0x0, 0x0,
    0x0, 0x8f, 0xff, 0xff, 0xb1, 0x0, 0x0, 0xb,
    0xff, 0xff, 0xff, 0xfd, 0x10, 0x0, 0x7f, 0xff,
    0xb0, 0x8f, 0xff, 0xa0, 0x0, 0xef, 0xd2, 0x20,
    0x13, 0x9f, 0xf1, 0x2, 0xff, 0x90, 0x3c, 0x60,
    0x6f, 0xf5, 0x8, 0xff, 0xf1, 0x8f, 0xb0, 0xdf,
    0xf6, 0x4f, 0xff, 0x80, 0x17, 0x20, 0x4f, 0xf5,
    0xbf, 0xff, 0xe5, 0x40, 0x27, 0xbf, 0xf1, 0x3,
    0xff, 0xff, 0xc1, 0x9f, 0xff, 0x90, 0x3, 0xff,
    0xff, 0xff, 0xff, 0xfc, 0x0, 0x3, 0xff, 0xff,
    0xff, 0xff, 0x90, 0x0, 0x0, 0xdf, 0xff, 0xff,
    0xff, 0x10, 0x0, 0x0, 0x3, 0xcf, 0xff, 0xff,
    0x10, 0x0, 0x0, 0x0, 0xbf, 0xff, 0xff, 0x10,
    0x0, 0x0, 0x0, 0x8b, 0xbb, 0xbb, 0x10, 0x0,

    /* U+E3A4 "" */
    0x0, 0x0, 0x0, 0x15, 0x77, 0x51, 0x0, 0x0,
    0x0, 0x0, 0x0, 0x2a, 0xff, 0xff, 0xff, 0xb3,
    0x0, 0x0, 0x0, 0x4, 0xff, 0xa5, 0x32, 0x59,
    0xff, 0x60, 0x0, 0x0, 0x4f, 0xe3, 0x0, 0x0,
    0x0, 0x2d, 0xf6, 0x0, 0x1, 0xee, 0x20, 0x0,
    0x0, 0x0, 0x1, 0xdf, 0x20, 0x8, 0xf5, 0x2,
    0x30, 0x0, 0x3, 0x30, 0x2f, 0xb0, 0xe, 0xd0,
    0xf, 0xf4, 0x0, 0x2f, 0xf2, 0xa, 0xf1, 0x1f,
    0x80, 0xd, 0xf3, 0x0, 0x1e, 0xe1, 0x6, 0xf4,
    0x3f, 0x70, 0x0, 0x10, 0x0, 0x0, 0x0, 0x4,
    0xf5, 0x2f, 0x70, 0x0, 0x0, 0x0, 0x0, 0x0,
    0x4, 0xf5, 0xf, 0xa0, 0x1, 0x11, 0x11, 0x11,
    0x10, 0x7, 0xf3, 0xc, 0xe0, 0xd, 0xff, 0xff,
    0xff, 0xe1, 0xd, 0xe0, 0x5, 0xf8, 0x2, 0xef,
    0xff, 0xff, 0x40, 0x6f, 0x80, 0x0, 0xcf, 0x60,
    0x7, 0xbb, 0x81, 0x4, 0xfd, 0x0, 0x0, 0x1d,
    0xf9, 0x10, 0x0, 0x0, 0x7f, 0xe2, 0x0, 0x0,
    0x1, 0xbf, 0xfb, 0x88, 0xae, 0xfd, 0x20, 0x0,
    0x0, 0x0, 0x5, 0xbf, 0xff, 0xfc, 0x60, 0x0,
    0x0, 0x0, 0x0, 0x0, 0x0, 0x11, 0x0, 0x0,
    0x0, 0x0,

    /* U+E409 "" */
    0x0, 0x0, 0x0, 0x15, 0x77, 0x51, 0x0, 0x0,
    0x0, 0x0, 0x0, 0x2a, 0xff, 0xff, 0xff, 0xb3,
    0x0, 0x0, 0x0, 0x4, 0xff, 0xa5, 0x32, 0x59,
    0xff, 0x60, 0x0, 0x0, 0x4f, 0xe3, 0x0, 0x0,
    0x0, 0x2d, 0xf6, 0x0, 0x1, 0xee, 0x20, 0x0,
    0x0, 0x0, 0x1, 0xdf, 0x20, 0x8, 0xf5, 0x2,
    0x30, 0x0, 0x3, 0x30, 0x2f, 0xb0, 0xe, 0xd0,
    0xf, 0xf4, 0x0, 0x2f, 0xf2, 0xa, 0xf1, 0x1f,
    0x80, 0xd, 0xf3, 0x0, 0x1e, 0xe1, 0x6, 0xf4,
    0x3f, 0x70, 0x0, 0x10, 0x0, 0x0, 0x0, 0x4,
    0xf5, 0x2f, 0x70, 0x0, 0x0, 0x0, 0x0, 0x0,
    0x4, 0xf5, 0xf, 0xa0, 0x5, 0x55, 0x55, 0x55,
    0x50, 0x7, 0xf3, 0xc, 0xe0, 0xb, 0xff, 0xff,
    0xff, 0xd0, 0xd, 0xe0, 0x5, 0xf8, 0x1, 0xef,
    0xff, 0xff, 0x30, 0x6f, 0x80, 0x0, 0xcf, 0x60,
    0x19, 0xee, 0xa2, 0x4, 0xfd, 0x0, 0x0, 0x1d,
    0xf9, 0x10, 0x0, 0x0, 0x7f, 0xe2, 0x0, 0x0,
    0x1, 0xbf, 0xfb, 0x88, 0xae, 0xfd, 0x20, 0x0,
    0x0, 0x0, 0x5, 0xbf, 0xff, 0xfc, 0x60, 0x0,
    0x0, 0x0, 0x0, 0x0, 0x0, 0x11, 0x0, 0x0,
    0x0, 0x0,

    /* U+F001 "" */
    0x0, 0x0, 0x5, 0x55, 0x55, 0x0, 0x0, 0xf,
    0xff, 0xff, 0x0, 0x0, 0xf, 0xff, 0xff, 0x0,
    0x0, 0xf, 0xff, 0xff, 0x0, 0x0, 0xf, 0xb0,
    0x0, 0x0, 0x0, 0xf, 0xb0, 0x0, 0x0, 0x0,
    0xf, 0xb0, 0x0, 0x0, 0x0, 0xf, 0xb0, 0x0,
    0x0, 0x1, 0xf, 0xb0, 0x0, 0x8, 0xff, 0xdf,
    0xb0, 0x0, 0x7f, 0xff, 0xff, 0xb0, 0x0, 0xdf,
    0xff, 0xff, 0xb0, 0x0, 0xff, 0xff, 0xff, 0xa0,
    0x0, 0xbf, 0xff, 0xff, 0x60, 0x0, 0x2e, 0xff,
    0xfa, 0x0, 0x0, 0x0, 0x67, 0x40, 0x0, 0x0,

    /* U+F002 "" */
    0x0, 0x0, 0x57, 0x74, 0x0, 0x0, 0x0, 0x0,
    0x0, 0x4e, 0xff, 0xff, 0xe4, 0x0, 0x0, 0x0,
    0x4, 0xfe, 0x73, 0x37, 0xff, 0x30, 0x0, 0x0,
    0xe, 0xe2, 0x0, 0x0, 0x2f, 0xd0, 0x0, 0x0,
    0x5f, 0x70, 0x0, 0x0, 0x8, 0xf3, 0x0, 0x0,
    0x7f, 0x30, 0x0, 0x0, 0x4, 0xf5, 0x0, 0x0,
    0x7f, 0x40, 0x0, 0x0, 0x5, 0xf5, 0x0, 0x0,
    0x3f, 0x90, 0x0, 0x0, 0xa, 0xf1, 0x0, 0x0,
    0xc, 0xf6, 0x0, 0x0, 0x7f, 0x90, 0x0, 0x0,
    0x1, 0xdf, 0xc8, 0x8d, 0xff, 0x92, 0x0, 0x0,
    0x0, 0x19, 0xef, 0xfe, 0x83, 0xfe, 0x20, 0x0,
    0x0, 0x0, 0x1, 0x10, 0x0, 0x7f, 0xe2, 0x0,
    0x0, 0x0, 0x0, 0x0, 0x0, 0x7, 0xfe, 0x20,
    0x0, 0x0, 0x0, 0x0, 0x0, 0x0, 0x7f, 0xd0,
    0x0, 0x0, 0x0, 0x0, 0x0, 0x0, 0x7, 0x50,

    /* U+F004 "" */
    0x0, 0x2, 0x67, 0x50, 0x0, 0x4, 0x76, 0x20,
    0x0, 0x0, 0x8f, 0xff, 0xfe, 0x53, 0xdf, 0xff,
    0xfa, 0x0, 0x7, 0xff, 0xff, 0xff, 0xff, 0xff,
    0xff, 0xff, 0x90, 0xe, 0xff, 0xff, 0xff, 0xff,
    0xff, 0xff, 0xff, 0xf2, 0x2f, 0xff, 0xff, 0xff,
    0xff, 0xff, 0xff, 0xff, 0xf5, 0x3f, 0xff, 0xff,
    0xff, 0xff, 0xff, 0xff, 0xff, 0xf5, 0xf, 0xff,
    0xff, 0xff, 0xff, 0xff, 0xff, 0xff, 0xf2, 0xa,
    0xff, 0xff, 0xff, 0xff, 0xff, 0xff, 0xff, 0xc0,
    0x2, 0xff, 0xff, 0xff, 0xff, 0xff, 0xff, 0xff,
    0x30, 0x0, 0x5f, 0xff, 0xff, 0xff, 0xff, 0xff,
    0xf8, 0x0, 0x0, 0x7, 0xff, 0xff, 0xff, 0xff,
    0xff, 0xa0, 0x0, 0x0, 0x0, 0x8f, 0xff, 0xff,
    0xff, 0xfb, 0x0, 0x0, 0x0, 0x0, 0x8, 0xff,
    0xff, 0xff, 0xa0, 0x0, 0x0, 0x0, 0x0, 0x0,
    0x6f, 0xff, 0xf9, 0x0, 0x0, 0x0, 0x0, 0x0,
    0x0, 0x5, 0xff, 0x80, 0x0, 0x0, 0x0, 0x0,
    0x0, 0x0, 0x0, 0x46, 0x0, 0x0, 0x0, 0x0,

    /* U+F005 "" */
    0x0, 0x0, 0x0, 0x0, 0x0, 0x0, 0x0, 0x0,
    0x0, 0x0, 0x0, 0x0, 0x0, 0x55, 0x0, 0x0,
    0x0, 0x0, 0x0, 0x0, 0x0, 0x0, 0xcc, 0x0,
    0x0, 0x0, 0x0, 0x0, 0x0, 0x0, 0x3, 0xff,
    0x30, 0x0, 0x0, 0x0, 0x0, 0x0, 0x0, 0xa,
    0xff, 0xa0, 0x0, 0x0, 0x0, 0x0, 0x0, 0x0,
    0x1f, 0xff, 0xf1, 0x0, 0x0, 0x0, 0x6, 0x78,
    0xab, 0xdf, 0xff, 0xfd, 0xba, 0x87, 0x60, 0x6,
    0xff, 0xff, 0xff, 0xff, 0xff, 0xff, 0xff, 0x60,
    0x0, 0x4f, 0xff, 0xff, 0xff, 0xff, 0xff, 0xf4,
    0x0, 0x0, 0x3, 0xef, 0xff, 0xff, 0xff, 0xfe,
    0x30, 0x0, 0x0, 0x0, 0x1e, 0xff, 0xff, 0xff,
    0xe1, 0x0, 0x0, 0x0, 0x0, 0xf, 0xff, 0xff,
    0xff, 0xf0, 0x0, 0x0, 0x0, 0x0, 0x3f, 0xff,
    0xff, 0xff, 0xf3, 0x0, 0x0, 0x0, 0x0, 0x7f,
    0xff, 0xaa, 0xff, 0xf7, 0x0, 0x0, 0x0, 0x0,
    0xbf, 0xd4, 0x0, 0x4d, 0xfb, 0x0, 0x0, 0x0,
    0x0, 0xe7, 0x0, 0x0, 0x0, 0x7e, 0x0, 0x0,
    0x0, 0x0, 0x20, 0x0, 0x0, 0x0, 0x2, 0x0,
    0x0,

    /* U+F007 "" */
    0x0, 0x0, 0x2, 0x89, 0x50, 0x0, 0x0, 0x0,
    0x0, 0x3f, 0xff, 0xfa, 0x0, 0x0, 0x0, 0x0,
    0xdf, 0xff, 0xff, 0x40, 0x0, 0x0, 0x0, 0xff,
    0xff, 0xff, 0x70, 0x0, 0x0, 0x0, 0xef, 0xff,
    0xff, 0x60, 0x0, 0x0, 0x0, 0x7f, 0xff, 0xfd,
    0x0, 0x0, 0x0, 0x0, 0x7, 0xdf, 0xb2, 0x0,
    0x0, 0x0, 0x0, 0x0, 0x0, 0x0, 0x0, 0x0,
    0x0, 0x0, 0x0, 0x1, 0x0, 0x0, 0x0, 0x0,
    0x16, 0xbe, 0xff, 0xfd, 0x83, 0x0, 0x6, 0xff,
    0xff, 0xff, 0xff, 0xff, 0xb1, 0x3f, 0xff, 0xff,
    0xff, 0xff, 0xff, 0xfb, 0x7f, 0xff, 0xff, 0xff,
    0xff, 0xff, 0xfe, 0x6e, 0xee, 0xee, 0xee, 0xee,
    0xee, 0xec,

    /* U+F00C "" */
    0x0, 0x0, 0x0, 0x0, 0x0, 0x0, 0x0, 0x20,
    0x0, 0x0, 0x0, 0x0, 0x0, 0x0, 0x8, 0xf3,
    0x0, 0x0, 0x0, 0x0, 0x0, 0x0, 0x8f, 0xc0,
    0x0, 0x0, 0x0, 0x0, 0x0, 0x8, 0xfc, 0x0,
    0x0, 0x0, 0x0, 0x0, 0x0, 0x8f, 0xc0, 0x0,
    0x0, 0x0, 0x0, 0x0, 0x8, 0xfc, 0x0, 0x0,
    0x7, 0x80, 0x0, 0x0, 0x8f, 0xc0, 0x0, 0x0,
    0xc, 0xf8, 0x0, 0x8, 0xfc, 0x0, 0x0, 0x0,
    0x0, 0xcf, 0x80, 0x8f, 0xc0, 0x0, 0x0, 0x0,
    0x0, 0xc, 0xfc, 0xfc, 0x0, 0x0, 0x0, 0x0,
    0x0, 0x0, 0xcf, 0xc0, 0x0, 0x0, 0x0, 0x0,
    0x0, 0x0, 0x9, 0x0, 0x0, 0x0, 0x0, 0x0,

    /* U+F00D "" */
    0x18, 0x0, 0x0, 0x0, 0x0, 0x81, 0x8f, 0xa0,
    0x0, 0x0, 0xa, 0xf8, 0xa, 0xfa, 0x0, 0x0,
    0xaf, 0xa0, 0x0, 0xaf, 0xa0, 0xa, 0xfa, 0x0,
    0x0, 0xa, 0xfa, 0xaf, 0xa0, 0x0, 0x0, 0x0,
    0xaf, 0xfa, 0x0, 0x0, 0x0, 0x0, 0xaf, 0xfa,
    0x0, 0x0, 0x0, 0xa, 0xfa, 0xaf, 0xa0, 0x0,
    0x0, 0xaf, 0xa0, 0xa, 0xfa, 0x0, 0xa, 0xfa,
    0x0, 0x0, 0xaf, 0xa0, 0x8f, 0xa0, 0x0, 0x0,
    0xa, 0xf8, 0x18, 0x0, 0x0, 0x0, 0x0, 0x81,

    /* U+F011 "" */
    0x0, 0x0, 0x0, 0x4, 0x50, 0x0, 0x0, 0x0,
    0x0, 0x0, 0x0, 0xb, 0xe0, 0x0, 0x0, 0x0,
    0x0, 0x3, 0x0, 0xb, 0xe0, 0x0, 0x22, 0x0,
    0x0, 0xbf, 0x20, 0xb, 0xe0, 0x0, 0xde, 0x20,
    0x6, 0xf9, 0x0, 0xb, 0xe0, 0x0, 0x5f, 0xc0,
    0xe, 0xe0, 0x0, 0xb, 0xe0, 0x0, 0xb, 0xf3,
    0x3f, 0x80, 0x0, 0xb, 0xe0, 0x0, 0x4, 0xf8,
    0x6f, 0x40, 0x0, 0xb, 0xe0, 0x0, 0x0, 0xfa,
    0x7f, 0x30, 0x0, 0xa, 0xe0, 0x0, 0x0, 0xfb,
    0x5f, 0x50, 0x0, 0x0, 0x0, 0x0, 0x2, 0xf9,
    0x1f, 0xb0, 0x0, 0x0, 0x0, 0x0, 0x7, 0xf5,
    0xa, 0xf5, 0x0, 0x0, 0x0, 0x0, 0x2f, 0xd0,
    0x1, 0xef, 0x50, 0x0, 0x0, 0x3, 0xef, 0x40,
    0x0, 0x3e, 0xfb, 0x53, 0x24, 0xaf, 0xf5, 0x0,
    0x0, 0x1, 0xaf, 0xff, 0xff, 0xfc, 0x30, 0x0,
    0x0, 0x0, 0x1, 0x57, 0x86, 0x20, 0x0, 0x0,

    /* U+F012 "" */
    0x0, 0x0, 0x0, 0x0, 0x0, 0x0, 0x0, 0x0,
    0x0, 0x0, 0x0, 0x0, 0x0, 0x0, 0x0, 0x0,
    0x0, 0x75, 0x0, 0x0, 0x0, 0x0, 0x0, 0x0,
    0x0, 0x7, 0xf5, 0x0, 0x0, 0x0, 0x0, 0x0,
    0x0, 0x0, 0x7f, 0xf5, 0x0, 0x0, 0x0, 0x0,
    0x0, 0x0, 0x7, 0xff, 0xf5, 0x0, 0x0, 0x0,
    0x0, 0x0, 0x0, 0x7f, 0xff, 0xf5, 0x0, 0x0,
    0x0, 0x0, 0x0, 0x7, 0xff, 0xff, 0xf5, 0x0,
    0x0, 0x0, 0x0, 0x0, 0x7f, 0xff, 0xff, 0xf5,
    0x0, 0x0, 0x0, 0x0, 0x7, 0xff, 0xff, 0xff,
    0xf5, 0x0, 0x0, 0x0, 0x0, 0x7f, 0xff, 0xff,
    0xff, 0xf5, 0x0, 0x0, 0x0, 0x7, 0xff, 0xff,
    0xff, 0xff, 0xf5, 0x0, 0x0, 0x0, 0x7f, 0xff,
    0xff, 0xff, 0xff, 0xf5, 0x0, 0x0, 0x7, 0xff,
    0xff, 0xff, 0xff, 0xff, 0xf5, 0x0, 0x0, 0x7f,
    0xff, 0xff, 0xff, 0xff, 0xff, 0xf5, 0x0, 0x7,
    0xff, 0xff, 0xff, 0xff, 0xff, 0xff, 0xf5, 0x0,
    0x7f, 0xff, 0xff, 0xff, 0xff, 0xff, 0xff, 0xf5,
    0x7, 0xff, 0xff, 0xff, 0xff, 0xff, 0xff, 0xff,
    0xf5, 0x5, 0x55, 0x55, 0x55, 0x55, 0x55, 0x55,
    0x55, 0x51,

    /* U+F013 "" */
    0x0, 0x0, 0x0, 0x4, 0x55, 0x40, 0x0, 0x0,
    0x0, 0x0, 0x0, 0x0, 0x2f, 0xff, 0xf2, 0x0,
    0x0, 0x0, 0x0, 0x0, 0x0, 0x4f, 0xff, 0xf4,
    0x0, 0x0, 0x0, 0x0, 0x6a, 0x32, 0xcf, 0xff,
    0xfc, 0x23, 0xa6, 0x0, 0x1, 0xef, 0xff, 0xff,
    0xff, 0xff, 0xff, 0xff, 0x10, 0x9, 0xff, 0xff,
    0xff, 0xff, 0xff, 0xff, 0xff, 0x90, 0xf, 0xff,
    0xff, 0xf8, 0x22, 0x8f, 0xff, 0xff, 0xf0, 0x3,
    0xdf, 0xff, 0x80, 0x0, 0x8, 0xff, 0xfe, 0x30,
    0x0, 0x3f, 0xff, 0x20, 0x0, 0x2, 0xff, 0xf4,
    0x0, 0x0, 0x4f, 0xff, 0x20, 0x0, 0x2, 0xff,
    0xf4, 0x0, 0x3, 0xef, 0xff, 0x80, 0x0, 0x8,
    0xff, 0xfe, 0x30, 0xf, 0xff, 0xff, 0xf8, 0x22,
    0x8f, 0xff, 0xff, 0xf0, 0x9, 0xff, 0xff, 0xff,
    0xff, 0xff, 0xff, 0xff, 0x90, 0x1, 0xef, 0xff,
    0xff, 0xff, 0xff, 0xff, 0xff, 0x10, 0x0, 0x6a,
    0x32, 0xbf, 0xff, 0xfc, 0x23, 0xa6, 0x0, 0x0,
    0x0, 0x0, 0x4f, 0xff, 0xf4, 0x0, 0x0, 0x0,
    0x0, 0x0, 0x0, 0x2f, 0xff, 0xf2, 0x0, 0x0,
    0x0, 0x0, 0x0, 0x0, 0x4, 0x55, 0x40, 0x0,
    0x0, 0x0,

    /* U+F015 "" */
    0x0, 0x0, 0x0, 0x0, 0x22, 0x0, 0x0, 0x0,
    0x0, 0x0, 0x0, 0x0, 0x3, 0xee, 0x30, 0x0,
    0x0, 0x0, 0x0, 0x0, 0x0, 0x4f, 0xff, 0xf4,
    0x0, 0x0, 0x0, 0x0, 0x0, 0x6, 0xff, 0xff,
    0xff, 0x60, 0x0, 0x0, 0x0, 0x0, 0x7f, 0xff,
    0xff, 0xff, 0xf7, 0x0, 0x0, 0x0, 0x9, 0xff,
    0xff, 0xff, 0xff, 0xff, 0x90, 0x0, 0x0, 0xbf,
    0xff, 0xff, 0xff, 0xff, 0xff, 0xfb, 0x0, 0x1c,
    0xff, 0xff, 0xff, 0xff, 0xff, 0xff, 0xff, 0xc1,
    0x0, 0xe, 0xff, 0xff, 0xff, 0xff, 0xff, 0xe0,
    0x0, 0x0, 0xe, 0xff, 0xfb, 0xaa, 0xbf, 0xff,
    0xe0, 0x0, 0x0, 0xe, 0xff, 0xf3, 0x0, 0x3f,
    0xff, 0xe0, 0x0, 0x0, 0xe, 0xff, 0xf3, 0x0,
    0x3f, 0xff, 0xe0, 0x0, 0x0, 0xe, 0xff, 0xf3,
    0x0, 0x3f, 0xff, 0xe0, 0x0, 0x0, 0xe, 0xff,
    0xf3, 0x0, 0x3f, 0xff, 0xe0, 0x0, 0x0, 0x9,
    0xaa, 0xa2, 0x0, 0x2a, 0xaa, 0x90, 0x0,

    /* U+F017 "" */
    0x0, 0x0, 0x0, 0x15, 0x77, 0x50, 0x0, 0x0,
    0x0, 0x0, 0x0, 0x2b, 0xff, 0xff, 0xff, 0x91,
    0x0, 0x0, 0x0, 0x5, 0xff, 0xa5, 0x23, 0x5b,
    0xfe, 0x30, 0x0, 0x0, 0x4f, 0xd2, 0x0, 0x0,
    0x0, 0x5f, 0xe2, 0x0, 0x1, 0xfe, 0x10, 0x0,
    0x51, 0x0, 0x4, 0xfc, 0x0, 0x8, 0xf4, 0x0,
    0x0, 0xe5, 0x0, 0x0, 0x8f, 0x50, 0xe, 0xd0,
    0x0, 0x0, 0xe5, 0x0, 0x0, 0xf, 0xa0, 0x1f,
    0x80, 0x0, 0x0, 0xe5, 0x0, 0x0, 0xc, 0xe0,
    0x3f, 0x60, 0x0, 0x0, 0xe5, 0x0, 0x0, 0xa,
    0xf0, 0x2f, 0x70, 0x0, 0x0, 0xdd, 0x40, 0x0,
    0xa, 0xf0, 0x1f, 0xa0, 0x0, 0x0, 0x8, 0xfa,
    0x10, 0xd, 0xd0, 0xc, 0xe0, 0x0, 0x0, 0x0,
    0x2c, 0xc0, 0x2f, 0x90, 0x6, 0xf8, 0x0, 0x0,
    0x0, 0x0, 0x10, 0xbf, 0x20, 0x0, 0xcf, 0x50,
    0x0, 0x0, 0x0, 0x8, 0xf9, 0x0, 0x0, 0x1e,
    0xf8, 0x0, 0x0, 0x1, 0xaf, 0xc0, 0x0, 0x0,
    0x1, 0xcf, 0xfa, 0x88, 0xbf, 0xfa, 0x0, 0x0,
    0x0, 0x0, 0x5, 0xcf, 0xff, 0xfb, 0x40, 0x0,
    0x0, 0x0, 0x0, 0x0, 0x0, 0x11, 0x0, 0x0,
    0x0, 0x0,

    /* U+F019 "" */
    0x0, 0x3, 0x77, 0x77, 0x40, 0x0, 0x0, 0x6,
    0xff, 0xff, 0x90, 0x0, 0x0, 0x6, 0xff, 0xff,
    0x90, 0x0, 0x0, 0x6, 0xff, 0xff, 0x90, 0x0,
    0x0, 0x6, 0xff, 0xff, 0x90, 0x0, 0x37, 0x7b,
    0xff, 0xff, 0xc7, 0x75, 0xb, 0xff, 0xff, 0xff,
    0xff, 0xd1, 0x0, 0xbf, 0xff, 0xff, 0xfd, 0x10,
    0x0, 0xb, 0xff, 0xff, 0xd1, 0x0, 0x0, 0x0,
    0xaf, 0xfd, 0x10, 0x0, 0x0, 0x0, 0xa, 0xd1,
    0x0, 0x0, 0x0, 0x0, 0x0, 0x10, 0x0, 0x0,
    0x0, 0x0, 0x0, 0x0, 0x0, 0x0, 0xbf, 0xff,
    0xff, 0xff, 0xff, 0xfe, 0x7a, 0xaa, 0xaa, 0xaa,
    0xaa, 0xa9,

    /* U+F021 "" */
    0x0, 0x0, 0x27, 0xaa, 0x71, 0x0, 0x3, 0x0,
    0xa, 0xff, 0xff, 0xff, 0xa1, 0x7b, 0x0, 0xdf,
    0xb3, 0x0, 0x4b, 0xfe, 0xfb, 0xa, 0xf7, 0x0,
    0x0, 0x0, 0xcf, 0xfb, 0x2f, 0xa0, 0x0, 0x0,
    0x7, 0xff, 0xfb, 0x7f, 0x30, 0x0, 0x0, 0x7f,
    0xff, 0xfb, 0x9f, 0x0, 0x0, 0x0, 0x22, 0x22,
    0x21, 0x9f, 0x0, 0x0, 0x0, 0x0, 0x0, 0x0,
    0x7f, 0x30, 0x0, 0x0, 0x0, 0x1, 0x52, 0x2f,
    0xb0, 0x0, 0x0, 0x0, 0xb, 0xf2, 0xa, 0xf7,
    0x0, 0x0, 0x0, 0x9f, 0xa0, 0x0, 0xcf, 0xb3,
    0x1, 0x4c, 0xfd, 0x10, 0x0, 0xa, 0xff, 0xff,
    0xff, 0xa1, 0x0, 0x0, 0x0, 0x27, 0xaa, 0x72,
    0x0, 0x0,

    /* U+F023 "" */
    0x0, 0x0, 0x0, 0x10, 0x0, 0x0, 0x0, 0x0,
    0x0, 0x7e, 0xff, 0xa1, 0x0, 0x0, 0x0, 0x8,
    0xfd, 0x8a, 0xfd, 0x0, 0x0, 0x0, 0x1f, 0xc0,
    0x0, 0x6f, 0x70, 0x0, 0x0, 0x5f, 0x50, 0x0,
    0xf, 0xb0, 0x0, 0x0, 0x6f, 0x30, 0x0, 0xd,
    0xb0, 0x0, 0x3, 0x8f, 0x74, 0x44, 0x4e, 0xd4,
    0x0, 0x9f, 0xff, 0xff, 0xff, 0xff, 0xff, 0xd0,
    0xef, 0xff, 0xff, 0xff, 0xff, 0xff, 0xf3, 0xef,
    0xff, 0xff, 0xff, 0xff, 0xff, 0xf4, 0xef, 0xff,
    0xff, 0xef, 0xff, 0xff, 0xf4, 0xef, 0xff, 0xf8,
    0x3, 0xff, 0xff, 0xf4, 0xef, 0xff, 0xf2, 0x0,
    0xcf, 0xff, 0xf4, 0xef, 0xff, 0xf9, 0x4, 0xff,
    0xff, 0xf4, 0xef, 0xff, 0xff, 0xff, 0xff, 0xff,
    0xf4, 0xef, 0xff, 0xff, 0xff, 0xff, 0xff, 0xf4,
    0xdf, 0xff, 0xff, 0xff, 0xff, 0xff, 0xf3, 0x8f,
    0xff, 0xff, 0xff, 0xff, 0xff, 0xd0, 0x2, 0x33,
    0x33, 0x33, 0x33, 0x32, 0x0,

    /* U+F025 "" */
    0x0, 0x0, 0x1, 0x57, 0x75, 0x10, 0x0, 0x0,
    0x0, 0x1, 0xaf, 0xff, 0xff, 0xfa, 0x10, 0x0,
    0x0, 0x3e, 0xfb, 0x53, 0x35, 0xbf, 0xe3, 0x0,
    0x1, 0xef, 0x50, 0x0, 0x0, 0x5, 0xfe, 0x10,
    0xa, 0xf4, 0x0, 0x0, 0x0, 0x0, 0x5f, 0xa0,
    0x2f, 0xb0, 0x0, 0x0, 0x0, 0x0, 0xb, 0xf1,
    0x6f, 0x50, 0x0, 0x0, 0x0, 0x0, 0x5, 0xf6,
    0x8f, 0x20, 0x0, 0x0, 0x0, 0x0, 0x2, 0xf8,
    0x9f, 0x10, 0x0, 0x0, 0x0, 0x0, 0x1, 0xf9,
    0x9f, 0xff, 0xf6, 0x0, 0x0, 0x6f, 0xff, 0xf9,
    0x9f, 0xff, 0xf6, 0x0, 0x0, 0x6f, 0xff, 0xf9,
    0x9f, 0xff, 0xf6, 0x0, 0x0, 0x6f, 0xff, 0xf9,
    0x9f, 0xff, 0xf6, 0x0, 0x0, 0x6f, 0xff, 0xf9,
    0x9f, 0xff, 0xf6, 0x0, 0x0, 0x6f, 0xff, 0xf9,
    0x7f, 0xff, 0xf6, 0x0, 0x0, 0x6f, 0xff, 0xf7,
    0x7, 0xaa, 0xa4, 0x0, 0x0, 0x4a, 0xaa, 0x70,

    /* U+F027 "" */
    0x0, 0x0, 0x0, 0x0, 0x10, 0x0, 0x0, 0x0,
    0x86, 0x0, 0x0, 0x0, 0x8f, 0x60, 0x0, 0x0,
    0x8f, 0xf6, 0x4, 0x44, 0x8f, 0xff, 0x61, 0xff,
    0xff, 0xff, 0xf6, 0x1f, 0xff, 0xff, 0xff, 0x61,
    0xff, 0xff, 0xff, 0xf6, 0x1f, 0xff, 0xff, 0xff,
    0x60, 0xbb, 0xbe, 0xff, 0xf6, 0x0, 0x0, 0x1d,
    0xff, 0x60, 0x0, 0x0, 0x1d, 0xf6, 0x0, 0x0,
    0x0, 0x1d, 0x60, 0x0, 0x0, 0x0, 0x14,

    /* U+F028 "" */
    0x0, 0x0, 0x0, 0x0, 0x0, 0x0, 0x0, 0x0,
    0x0, 0x0, 0x0, 0x1, 0x2, 0xe7, 0x0, 0x0,
    0x0, 0x0, 0x0, 0x1d, 0x1, 0xef, 0xc1, 0x0,
    0x0, 0x0, 0x1, 0xdf, 0x0, 0x8, 0xfd, 0x0,
    0x0, 0x0, 0x1d, 0xff, 0x0, 0x0, 0x7f, 0x80,
    0x24, 0x44, 0xdf, 0xff, 0x2, 0xa0, 0xc, 0xf0,
    0x8f, 0xff, 0xff, 0xff, 0x2, 0xf6, 0x6, 0xf4,
    0x8f, 0xff, 0xff, 0xff, 0x2, 0xfc, 0x3, 0xf7,
    0x8f, 0xff, 0xff, 0xff, 0x2, 0xfe, 0x3, 0xf7,
    0x8f, 0xff, 0xff, 0xff, 0x2, 0xfb, 0x5, 0xf6,
    0x5b, 0xbb, 0xff, 0xff, 0x2, 0xf3, 0x9, 0xf2,
    0x0, 0x0, 0x6f, 0xff, 0x1, 0x20, 0x2f, 0xc0,
    0x0, 0x0, 0x6, 0xff, 0x0, 0x2, 0xef, 0x30,
    0x0, 0x0, 0x0, 0x6f, 0x0, 0x8f, 0xf6, 0x0,
    0x0, 0x0, 0x0, 0x6, 0x2, 0xfe, 0x40, 0x0,
    0x0, 0x0, 0x0, 0x0, 0x1, 0x50, 0x0, 0x0,

    /* U+F030 "" */
    0x0, 0x0, 0x0, 0x13, 0x33, 0x32, 0x0, 0x0,
    0x0, 0x0, 0x0, 0x3, 0xef, 0xff, 0xff, 0x40,
    0x0, 0x0, 0x6, 0xcd, 0xdf, 0xff, 0xff, 0xff,
    0xfd, 0xdc, 0x60, 0x2f, 0xff, 0xff, 0xff, 0xff,
    0xff, 0xff, 0xff, 0xf2, 0x3f, 0xff, 0xff, 0xff,
    0xff, 0xff, 0xff, 0xff, 0xf3, 0x3f, 0xff, 0xff,
    0xc4, 0x0, 0x4d, 0xff, 0xff, 0xf3, 0x3f, 0xff,
    0xfc, 0x0, 0x56, 0x10, 0xcf, 0xff, 0xf3, 0x3f,
    0xff, 0xf3, 0xc, 0xff, 0xe2, 0x3f, 0xff, 0xf3,
    0x3f, 0xff, 0xf0, 0x6f, 0xff, 0xf9, 0xf, 0xff,
    0xf3, 0x3f, 0xff, 0xf0, 0x7f, 0xff, 0xfb, 0xf,
    0xff, 0xf3, 0x3f, 0xff, 0xf3, 0x2f, 0xff, 0xf5,
    0x3f, 0xff, 0xf3, 0x3f, 0xff, 0xfc, 0x4, 0xbc,
    0x60, 0xcf, 0xff, 0xf3, 0x3f, 0xff, 0xff, 0xc4,
    0x0, 0x4c, 0xff, 0xff, 0xf3, 0x3f, 0xff, 0xff,
    0xff, 0xff, 0xff, 0xff, 0xff, 0xf3, 0x1f, 0xff,
    0xff, 0xff, 0xff, 0xff, 0xff, 0xff, 0xf1, 0x3,
    0x88, 0x88, 0x88, 0x88, 0x88, 0x88, 0x88, 0x30,

    /* U+F03E "" */
    0x6, 0x88, 0x88, 0x88, 0x88, 0x88, 0x87, 0x20,
    0x8f, 0xff, 0xff, 0xff, 0xff, 0xff, 0xff, 0xf1,
    0xbf, 0xff, 0xff, 0xff, 0xff, 0xff, 0xff, 0xf4,
    0xbf, 0xff, 0xff, 0xff, 0xff, 0xff, 0xff, 0xf4,
    0xbf, 0xff, 0xff, 0xff, 0xff, 0xff, 0xff, 0xf4,
    0xbf, 0xff, 0xff, 0xff, 0xff, 0xff, 0xff, 0xf4,
    0xbf, 0xff, 0xff, 0xff, 0xff, 0xff, 0xff, 0xf4,
    0xbf, 0xff, 0xff, 0xff, 0xff, 0xff, 0xff, 0xf4,
    0xbf, 0xff, 0xff, 0xff, 0xf7, 0xcf, 0xff, 0xf4,
    0xbf, 0xff, 0xbd, 0xff, 0xb0, 0x1e, 0xff, 0xf4,
    0xbf, 0xfd, 0x2, 0xed, 0x10, 0x4, 0xff, 0xf4,
    0xbf, 0xf2, 0x0, 0x43, 0x0, 0x0, 0x8f, 0xf4,
    0xbf, 0x50, 0x0, 0x0, 0x0, 0x0, 0xc, 0xf4,
    0xbf, 0xff, 0xff, 0xff, 0xff, 0xff, 0xff, 0xf4,
    0x8f, 0xff, 0xff, 0xff, 0xff, 0xff, 0xff, 0xf1,
    0x6, 0x88, 0x88, 0x88, 0x88, 0x88, 0x87, 0x30,

    /* U+F044 "" */
    0x0, 0x0, 0x0, 0x0, 0x0, 0x0, 0x0, 0x34,
    0x0, 0x0, 0x0, 0x0, 0x0, 0x0, 0x0, 0x8,
    0xff, 0xa0, 0x1, 0x44, 0x44, 0x44, 0x43, 0x0,
    0x8, 0xff, 0xf8, 0x2f, 0xff, 0xff, 0xff, 0xe3,
    0x7, 0x30, 0x8f, 0xfd, 0x6f, 0xff, 0xff, 0xfe,
    0x20, 0x7f, 0xe3, 0x8, 0xf7, 0x6f, 0xff, 0xff,
    0xe2, 0x7, 0xff, 0xfe, 0x30, 0x40, 0x6f, 0xff,
    0xfd, 0x20, 0x7f, 0xff, 0xff, 0xe1, 0x0, 0x6f,
    0xff, 0xd1, 0x7, 0xff, 0xff, 0xff, 0x80, 0x0,
    0x6f, 0xff, 0x10, 0x7f, 0xff, 0xff, 0xf8, 0x1,
    0x0, 0x6f, 0xfe, 0x2, 0xff, 0xff, 0xff, 0x80,
    0x3b, 0x0, 0x6f, 0xfe, 0x2, 0xff, 0xff, 0xf8,
    0x3, 0xfc, 0x0, 0x6f, 0xfe, 0x2, 0xff, 0xff,
    0x80, 0x4f, 0xfc, 0x0, 0x6f, 0xfe, 0x2, 0xbb,
    0xb7, 0x5, 0xff, 0xfc, 0x0, 0x6f, 0xfe, 0x0,
    0x0, 0x0, 0x6f, 0xff, 0xfc, 0x0, 0x6f, 0xff,
    0xff, 0xff, 0xff, 0xff, 0xff, 0xfc, 0x0, 0x6f,
    0xff, 0xff, 0xff, 0xff, 0xff, 0xff, 0xfc, 0x0,
    0x2f, 0xff, 0xff, 0xff, 0xff, 0xff, 0xff, 0xf8,
    0x0, 0x2, 0x55, 0x55, 0x55, 0x55, 0x55, 0x55,
    0x40, 0x0,

    /* U+F048 "" */
    0xfb, 0x0, 0x0, 0x0, 0xa, 0xfb, 0x0, 0x0,
    0x3, 0xef, 0xfb, 0x0, 0x0, 0x8f, 0xff, 0xfb,
    0x0, 0x2c, 0xff, 0xff, 0xfb, 0x6, 0xff, 0xff,
    0xff, 0xfb, 0x6, 0xff, 0xff, 0xff, 0xfb, 0x0,
    0x2c, 0xff, 0xff, 0xfb, 0x0, 0x0, 0x8f, 0xff,
    0xfb, 0x0, 0x0, 0x3, 0xef, 0xfb, 0x0, 0x0,
    0x0, 0xa,

    /* U+F04B "" */
    0x34, 0x0, 0x0, 0x0, 0x0, 0x5f, 0xa1, 0x0,
    0x0, 0x0, 0x5f, 0xfe, 0x60, 0x0, 0x0, 0x5f,
    0xff, 0xfc, 0x20, 0x0, 0x5f, 0xff, 0xff, 0xf7,
    0x0, 0x5f, 0xff, 0xff, 0xff, 0xd3, 0x5f, 0xff,
    0xff, 0xff, 0xd3, 0x5f, 0xff, 0xff, 0xf7, 0x0,
    0x5f, 0xff, 0xfb, 0x20, 0x0, 0x5f, 0xfe, 0x60,
    0x0, 0x0, 0x5f, 0xa1, 0x0, 0x0, 0x0, 0x34,
    0x0, 0x0, 0x0, 0x0,

    /* U+F04C "" */
    0xff, 0xf5, 0x0, 0x4f, 0xff, 0xff, 0xf5, 0x0,
    0x5f, 0xff, 0xff, 0xf5, 0x0, 0x5f, 0xff, 0xff,
    0xf5, 0x0, 0x5f, 0xff, 0xff, 0xf5, 0x0, 0x5f,
    0xff, 0xff, 0xf5, 0x0, 0x5f, 0xff, 0xff, 0xf5,
    0x0, 0x5f, 0xff, 0xff, 0xf5, 0x0, 0x5f, 0xff,
    0xff, 0xf5, 0x0, 0x5f, 0xff, 0xff, 0xf5, 0x0,
    0x5f, 0xff, 0xff, 0xf5, 0x0, 0x5f, 0xff, 0xbb,
    0xb3, 0x0, 0x3b, 0xbb,

    /* U+F04D "" */
    0xff, 0xff, 0xff, 0xff, 0xff, 0xff, 0xff, 0xff,
    0xff, 0xff, 0xff, 0xff, 0xff, 0xff, 0xff, 0xff,
    0xff, 0xff, 0xff, 0xff, 0xff, 0xff, 0xff, 0xff,
    0xff, 0xff, 0xff, 0xff, 0xff, 0xff, 0xff, 0xff,
    0xff, 0xff, 0xff, 0xff, 0xff, 0xff, 0xff, 0xff,
    0xff, 0xff, 0xff, 0xff, 0xff, 0xff, 0xff, 0xff,
    0xff, 0xff,

    /* U+F051 "" */
    0xa0, 0x0, 0x0, 0x0, 0xaf, 0xfe, 0x30, 0x0,
    0x0, 0xaf, 0xff, 0xf8, 0x0, 0x0, 0xaf, 0xff,
    0xff, 0xc2, 0x0, 0xaf, 0xff, 0xff, 0xff, 0x60,
    0xaf, 0xff, 0xff, 0xff, 0x60, 0xaf, 0xff, 0xff,
    0xc2, 0x0, 0xaf, 0xff, 0xf8, 0x0, 0x0, 0xaf,
    0xfe, 0x30, 0x0, 0x0, 0xaf, 0xa0, 0x0, 0x0,
    0x0, 0xaf,

    /* U+F057 "" */
    0x0, 0x0, 0x0, 0x15, 0x77, 0x51, 0x0, 0x0,
    0x0, 0x0, 0x0, 0x2a, 0xff, 0xff, 0xff, 0xb3,
    0x0, 0x0, 0x0, 0x4, 0xff, 0xff, 0xff, 0xff,
    0xff, 0x60, 0x0, 0x0, 0x4f, 0xff, 0xff, 0xff,
    0xff, 0xff, 0xf6, 0x0, 0x1, 0xef, 0xff, 0xef,
    0xff, 0xff, 0xef, 0xff, 0x20, 0x8, 0xff, 0xf4,
    0x2e, 0xff, 0xf4, 0x2e, 0xff, 0xb0, 0xe, 0xff,
    0xf9, 0x2, 0xef, 0x40, 0x6f, 0xff, 0xf1, 0x1f,
    0xff, 0xff, 0x90, 0x24, 0x6, 0xff, 0xff, 0xf4,
    0x3f, 0xff, 0xff, 0xf9, 0x0, 0x6f, 0xff, 0xff,
    0xf5, 0x2f, 0xff, 0xff, 0xf4, 0x0, 0x2e, 0xff,
    0xff, 0xf5, 0xf, 0xff, 0xff, 0x40, 0x69, 0x2,
    0xef, 0xff, 0xf3, 0xc, 0xff, 0xf4, 0x6, 0xff,
    0x90, 0x2e, 0xff, 0xe0, 0x5, 0xff, 0xf9, 0x6f,
    0xff, 0xf9, 0x6f, 0xff, 0x80, 0x0, 0xcf, 0xff,
    0xff, 0xff, 0xff, 0xff, 0xfd, 0x0, 0x0, 0x1d,
    0xff, 0xff, 0xff, 0xff, 0xff, 0xe2, 0x0, 0x0,
    0x1, 0xbf, 0xff, 0xff, 0xff, 0xfd, 0x20, 0x0,
    0x0, 0x0, 0x5, 0xbf, 0xff, 0xfc, 0x60, 0x0,
    0x0, 0x0, 0x0, 0x0, 0x0, 0x11, 0x0, 0x0,
    0x0, 0x0,

    /* U+F058 "" */
    0x0, 0x0, 0x0, 0x15, 0x77, 0x51, 0x0, 0x0,
    0x0, 0x0, 0x0, 0x2a, 0xff, 0xff, 0xff, 0xb3,
    0x0, 0x0, 0x0, 0x4, 0xff, 0xff, 0xff, 0xff,
    0xff, 0x60, 0x0, 0x0, 0x4f, 0xff, 0xff, 0xff,
    0xff, 0xff, 0xf6, 0x0, 0x1, 0xef, 0xff, 0xff,
    0xff, 0xff, 0xf9, 0xef, 0x20, 0x8, 0xff, 0xff,
    0xff, 0xff, 0xff, 0x80, 0x5f, 0xb0, 0xe, 0xff,
    0xff, 0xff, 0xff, 0xf8, 0x2, 0xef, 0xf1, 0x1f,
    0xff, 0xdf, 0xff, 0xff, 0x80, 0x2e, 0xff, 0xf4,
    0x3f, 0xf9, 0xa, 0xff, 0xf8, 0x2, 0xef, 0xff,
    0xf5, 0x2f, 0xfd, 0x10, 0xaf, 0x80, 0x2e, 0xff,
    0xff, 0xf5, 0xf, 0xff, 0xd1, 0x5, 0x2, 0xef,
    0xff, 0xff, 0xf3, 0xc, 0xff, 0xfd, 0x10, 0x2e,
    0xff, 0xff, 0xff, 0xe0, 0x5, 0xff, 0xff, 0xd4,
    0xef, 0xff, 0xff, 0xff, 0x80, 0x0, 0xcf, 0xff,
    0xff, 0xff, 0xff, 0xff, 0xfd, 0x0, 0x0, 0x1d,
    0xff, 0xff, 0xff, 0xff, 0xff, 0xe2, 0x0, 0x0,
    0x1, 0xbf, 0xff, 0xff, 0xff, 0xfd, 0x20, 0x0,
    0x0, 0x0, 0x5, 0xbf, 0xff, 0xfc, 0x60, 0x0,
    0x0, 0x0, 0x0, 0x0, 0x0, 0x11, 0x0, 0x0,
    0x0, 0x0,

    /* U+F059 "" */
    0x0, 0x0, 0x0, 0x3, 0x44, 0x30, 0x0, 0x0,
    0x0, 0x0, 0x0, 0x18, 0xef, 0xff, 0xfe, 0x81,
    0x0, 0x0, 0x0, 0x3, 0xef, 0xff, 0xff, 0xff,
    0xfe, 0x30, 0x0, 0x0, 0x2f, 0xff, 0xf9, 0x33,
    0x9f, 0xff, 0xf2, 0x0, 0x0, 0xdf, 0xff, 0x80,
    0x23, 0x7, 0xff, 0xfd, 0x0, 0x7, 0xff, 0xff,
    0x3, 0xff, 0x60, 0xff, 0xff, 0x70, 0xd, 0xff,
    0xfe, 0x5b, 0xff, 0xb0, 0xdf, 0xff, 0xd0, 0x1f,
    0xff, 0xff, 0xff, 0xff, 0x41, 0xff, 0xff, 0xf1,
    0x2f, 0xff, 0xff, 0xff, 0xf5, 0xb, 0xff, 0xff,
    0xf2, 0x3f, 0xff, 0xff, 0xff, 0xa0, 0x9f, 0xff,
    0xff, 0xf3, 0x1f, 0xff, 0xff, 0xff, 0x51, 0xff,
    0xff, 0xff, 0xf1, 0xd, 0xff, 0xff, 0xff, 0xbb,
    0xff, 0xff, 0xff, 0xd0, 0x8, 0xff, 0xff, 0xff,
    0xff, 0xff, 0xff, 0xff, 0x80, 0x0, 0xef, 0xff,
    0xff, 0x44, 0xff, 0xff, 0xfe, 0x0, 0x0, 0x4f,
    0xff, 0xff, 0x44, 0xff, 0xff, 0xf3, 0x0, 0x0,
    0x4, 0xff, 0xff, 0xff, 0xff, 0xff, 0x40, 0x0,
    0x0, 0x0, 0x2a, 0xff, 0xff, 0xff, 0xa1, 0x0,
    0x0, 0x0, 0x0, 0x0, 0x14, 0x66, 0x40, 0x0,
    0x0, 0x0,

    /* U+F05A "" */
    0x0, 0x0, 0x0, 0x0, 0x21, 0x0, 0x0, 0x0,
    0x0, 0x0, 0x0, 0x7, 0xdf, 0xff, 0xfb, 0x40,
    0x0, 0x0, 0x0, 0x3, 0xef, 0xff, 0xff, 0xff,
    0xfb, 0x10, 0x0, 0x0, 0x4f, 0xff, 0xff, 0xff,
    0xff, 0xff, 0xd0, 0x0, 0x1, 0xef, 0xff, 0xff,
    0xff, 0xff, 0xff, 0xfb, 0x0, 0x9, 0xff, 0xff,
    0xff, 0x16, 0xff, 0xff, 0xff, 0x40, 0xf, 0xff,
    0xff, 0xff, 0xac, 0xff, 0xff, 0xff, 0xa0, 0x4f,
    0xff, 0xff, 0xff, 0xff, 0xff, 0xff, 0xff, 0xe0,
    0x6f, 0xff, 0xff, 0xff, 0x17, 0xff, 0xff, 0xff,
    0xf0, 0x6f, 0xff, 0xff, 0xff, 0x16, 0xff, 0xff,
    0xff, 0xf0, 0x4f, 0xff, 0xff, 0xff, 0x16, 0xff,
    0xff, 0xff, 0xe0, 0xf, 0xff, 0xff, 0xff, 0x16,
    0xff, 0xff, 0xff, 0xa0, 0xa, 0xff, 0xff, 0xff,
    0x16, 0xff, 0xff, 0xff, 0x40, 0x1, 0xff, 0xff,
    0xff, 0xff, 0xff, 0xff, 0xfb, 0x0, 0x0, 0x4f,
    0xff, 0xff, 0xff, 0xff, 0xff, 0xd1, 0x0, 0x0,
    0x3, 0xef, 0xff, 0xff, 0xff, 0xfb, 0x10, 0x0,
    0x0, 0x0, 0x7, 0xdf, 0xff, 0xfb, 0x50, 0x0,
    0x0, 0x0, 0x0, 0x0, 0x1, 0x22, 0x0, 0x0,
    0x0, 0x0,

    /* U+F060 "" */
    0x0, 0x0, 0x0, 0x55, 0x0, 0x0, 0x0, 0x0,
    0x0, 0x5, 0xfd, 0x0, 0x0, 0x0, 0x0, 0x0,
    0x5f, 0xe2, 0x0, 0x0, 0x0, 0x0, 0x5, 0xfe,
    0x20, 0x0, 0x0, 0x0, 0x0, 0x5f, 0xe2, 0x0,
    0x0, 0x0, 0x0, 0x5, 0xfe, 0x20, 0x0, 0x0,
    0x0, 0x0, 0x4f, 0xff, 0xff, 0xff, 0xff, 0xff,
    0xfa, 0x2e, 0xfe, 0xbb, 0xbb, 0xbb, 0xbb, 0xb7,
    0x2, 0xef, 0x50, 0x0, 0x0, 0x0, 0x0, 0x0,
    0x2e, 0xf5, 0x0, 0x0, 0x0, 0x0, 0x0, 0x2,
    0xef, 0x50, 0x0, 0x0, 0x0, 0x0, 0x0, 0x2e,
    0xf5, 0x0, 0x0, 0x0, 0x0, 0x0, 0x2, 0xee,
    0x0, 0x0, 0x0, 0x0, 0x0, 0x0, 0x22, 0x0,
    0x0, 0x0,

    /* U+F061 "" */
    0x0, 0x0, 0x0, 0x55, 0x0, 0x0, 0x0, 0x0,
    0x0, 0x0, 0xef, 0x50, 0x0, 0x0, 0x0, 0x0,
    0x0, 0x2e, 0xf5, 0x0, 0x0, 0x0, 0x0, 0x0,
    0x2, 0xef, 0x50, 0x0, 0x0, 0x0, 0x0, 0x0,
    0x2e, 0xf5, 0x0, 0x0, 0x0, 0x0, 0x0, 0x2,
    0xef, 0x50, 0xaf, 0xff, 0xff, 0xff, 0xff, 0xff,
    0xf5, 0x7b, 0xbb, 0xbb, 0xbb, 0xbb, 0xef, 0xe2,
    0x0, 0x0, 0x0, 0x0, 0x5, 0xfe, 0x20, 0x0,
    0x0, 0x0, 0x0, 0x5f, 0xe2, 0x0, 0x0, 0x0,
    0x0, 0x5, 0xfe, 0x20, 0x0, 0x0, 0x0, 0x0,
    0x5f, 0xe2, 0x0, 0x0, 0x0, 0x0, 0x0, 0xee,
    0x20, 0x0, 0x0, 0x0, 0x0, 0x0, 0x22, 0x0,
    0x0, 0x0,

    /* U+F062 "" */
    0x0, 0x0, 0x0, 0x24, 0x0, 0x0, 0x0, 0x0,
    0x0, 0x2, 0xef, 0x50, 0x0, 0x0, 0x0, 0x0,
    0x2e, 0xff, 0xf4, 0x0, 0x0, 0x0, 0x2, 0xef,
    0xef, 0xef, 0x40, 0x0, 0x0, 0x2e, 0xf5, 0xbe,
    0x2e, 0xf4, 0x0, 0x2, 0xef, 0x40, 0xbe, 0x2,
    0xef, 0x40, 0x2e, 0xf4, 0x0, 0xbe, 0x0, 0x2e,
    0xf4, 0x2e, 0x40, 0x0, 0xbe, 0x0, 0x2, 0xe4,
    0x0, 0x0, 0x0, 0xbe, 0x0, 0x0, 0x0, 0x0,
    0x0, 0x0, 0xbe, 0x0, 0x0, 0x0, 0x0, 0x0,
    0x0, 0xbe, 0x0, 0x0, 0x0, 0x0, 0x0, 0x0,
    0xbe, 0x0, 0x0, 0x0, 0x0, 0x0, 0x0, 0xbe,
    0x0, 0x0, 0x0, 0x0, 0x0, 0x0, 0x79, 0x0,
    0x0, 0x0,

    /* U+F063 "" */
    0x0, 0x0, 0x0, 0x7a, 0x0, 0x0, 0x0, 0x0,
    0x0, 0x0, 0xbe, 0x0, 0x0, 0x0, 0x0, 0x0,
    0x0, 0xbe, 0x0, 0x0, 0x0, 0x0, 0x0, 0x0,
    0xbe, 0x0, 0x0, 0x0, 0x0, 0x0, 0x0, 0xbe,
    0x0, 0x0, 0x0, 0x0, 0x0, 0x0, 0xbe, 0x0,
    0x0, 0x0, 0x2e, 0x50, 0x0, 0xbe, 0x0, 0x2,
    0xe4, 0x2e, 0xf5, 0x0, 0xbe, 0x0, 0x2e, 0xf4,
    0x2, 0xef, 0x50, 0xbe, 0x2, 0xef, 0x40, 0x0,
    0x2e, 0xf5, 0xbe, 0x2e, 0xf4, 0x0, 0x0, 0x2,
    0xef, 0xef, 0xef, 0x40, 0x0, 0x0, 0x0, 0x2e,
    0xff, 0xf4, 0x0, 0x0, 0x0, 0x0, 0x2, 0xef,
    0x40, 0x0, 0x0, 0x0, 0x0, 0x0, 0x24, 0x0,
    0x0, 0x0,

    /* U+F071 "" */
    0x0, 0x0, 0x0, 0x0, 0x1, 0x10, 0x0, 0x0,
    0x0, 0x0, 0x0, 0x0, 0x0, 0x0, 0x9, 0x90,
    0x0, 0x0, 0x0, 0x0, 0x0, 0x0, 0x0, 0x0,
    0x2f, 0xf3, 0x0, 0x0, 0x0, 0x0, 0x0, 0x0,
    0x0, 0x0, 0xbf, 0xfc, 0x0, 0x0, 0x0, 0x0,
    0x0, 0x0, 0x0, 0x4, 0xff, 0xff, 0x50, 0x0,
    0x0, 0x0, 0x0, 0x0, 0x0, 0xd, 0xff, 0xff,
    0xd0, 0x0, 0x0, 0x0, 0x0, 0x0, 0x0, 0x7f,
    0xff, 0xff, 0xf7, 0x0, 0x0, 0x0, 0x0, 0x0,
    0x1, 0xff, 0xf4, 0x3f, 0xff, 0x10, 0x0, 0x0,
    0x0, 0x0, 0x9, 0xff, 0xf3, 0x2f, 0xff, 0x90,
    0x0, 0x0, 0x0, 0x0, 0x2f, 0xff, 0xf3, 0x2f,
    0xff, 0xf3, 0x0, 0x0, 0x0, 0x0, 0xbf, 0xff,
    0xfa, 0x9f, 0xff, 0xfc, 0x0, 0x0, 0x0, 0x4,
    0xff, 0xff, 0xff, 0xff, 0xff, 0xff, 0x50, 0x0,
    0x0, 0xd, 0xff, 0xff, 0xf4, 0x3f, 0xff, 0xff,
    0xd0, 0x0, 0x0, 0x7f, 0xff, 0xff, 0xf3, 0x2f,
    0xff, 0xff, 0xf7, 0x0, 0x1, 0xff, 0xff, 0xff,
    0xff, 0xff, 0xff, 0xff, 0xff, 0x10, 0x9, 0xff,
    0xff, 0xff, 0xff, 0xff, 0xff, 0xff, 0xff, 0x90,
    0x7, 0x88, 0x88, 0x88, 0x88, 0x88, 0x88, 0x88,
    0x88, 0x70,

    /* U+F075 "" */
    0x0, 0x45, 0x55, 0x55, 0x55, 0x55, 0x55, 0x55,
    0x20, 0xc, 0xff, 0xff, 0xff, 0xff, 0xff, 0xff,
    0xff, 0xf4, 0x1f, 0xff, 0xff, 0xff, 0xff, 0xff,
    0xff, 0xff, 0xf8, 0x1f, 0xff, 0xff, 0xff, 0xff,
    0xff, 0xff, 0xff, 0xf8, 0x1f, 0xff, 0xff, 0xff,
    0xff, 0xff, 0xff, 0xff, 0xf8, 0x1f, 0xff, 0xff,
    0xff, 0xff, 0xff, 0xff, 0xff, 0xf8, 0x1f, 0xff,
    0xff, 0xff, 0xff, 0xff, 0xff, 0xff, 0xf8, 0x1f,
    0xff, 0xff, 0xff, 0xff, 0xff, 0xff, 0xff, 0xf8,
    0x1f, 0xff, 0xff, 0xff, 0xff, 0xff, 0xff, 0xff,
    0xf8, 0x1f, 0xff, 0xff, 0xff, 0xff, 0xff, 0xff,
    0xff, 0xf8, 0x1f, 0xff, 0xff, 0xff, 0xff, 0xff,
    0xff, 0xff, 0xf8, 0x1f, 0xff, 0xff, 0xff, 0xff,
    0xff, 0xff, 0xff, 0xf8, 0x1f, 0xff, 0xff, 0xff,
    0xff, 0xff, 0xff, 0xff, 0xf7, 0x1f, 0xff, 0xff,
    0xff, 0xff, 0xff, 0xff, 0xff, 0xd1, 0x1f, 0xfb,
    0x0, 0x0, 0x0, 0x0, 0x0, 0x0, 0x0, 0x1f,
    0xb0, 0x0, 0x0, 0x0, 0x0, 0x0, 0x0, 0x0,
    0x1b, 0x0, 0x0, 0x0, 0x0, 0x0, 0x0, 0x0,
    0x0, 0x0, 0x0, 0x0, 0x0, 0x0, 0x0, 0x0,
    0x0, 0x0,

    /* U+F084 "" */
    0x0, 0x5, 0xcf, 0xea, 0x30, 0x0, 0x0, 0x0,
    0x0, 0x0, 0x0, 0xaf, 0xff, 0xff, 0xf6, 0x0,
    0x0, 0x0, 0x0, 0x0, 0x7, 0xff, 0xe8, 0x9f,
    0xff, 0x20, 0x0, 0x0, 0x0, 0x0, 0xe, 0xfd,
    0x10, 0x4, 0xff, 0xda, 0xaa, 0xaa, 0xa9, 0x0,
    0x1f, 0xf6, 0x0, 0x0, 0xcf, 0xff, 0xff, 0xff,
    0xff, 0xb0, 0x1f, 0xf6, 0x0, 0x0, 0xcf, 0xff,
    0xff, 0xff, 0xff, 0xa0, 0xe, 0xfd, 0x10, 0x4,
    0xff, 0xdf, 0xff, 0xef, 0xfa, 0x0, 0x7, 0xff,
    0xe8, 0x9f, 0xff, 0x25, 0xf5, 0x1d, 0xa0, 0x0,
    0x0, 0xaf, 0xff, 0xff, 0xf6, 0x0, 0x10, 0x1,
    0x0, 0x0, 0x0, 0x6, 0xcf, 0xeb, 0x30, 0x0,
    0x0, 0x0, 0x0, 0x0,

    /* U+F095 "" */
    0x17, 0x88, 0x50, 0x0, 0x0, 0x0, 0x0, 0x0,
    0x7f, 0xff, 0xf1, 0x0, 0x0, 0x0, 0x0, 0x0,
    0x7f, 0xff, 0xf2, 0x0, 0x0, 0x0, 0x0, 0x0,
    0x5f, 0xff, 0xf5, 0x0, 0x0, 0x0, 0x0, 0x0,
    0x2f, 0xff, 0xf8, 0x0, 0x0, 0x0, 0x0, 0x0,
    0xe, 0xff, 0xd1, 0x0, 0x0, 0x0, 0x0, 0x0,
    0x8, 0xfd, 0x10, 0x0, 0x0, 0x0, 0x0, 0x0,
    0x1, 0xfd, 0x0, 0x0, 0x0, 0x0, 0x0, 0x0,
    0x0, 0x9f, 0x70, 0x0, 0x0, 0x0, 0x0, 0x0,
    0x0, 0xd, 0xf4, 0x0, 0x0, 0x0, 0x0, 0x0,
    0x0, 0x2, 0xef, 0x40, 0x0, 0x18, 0x52, 0x10,
    0x0, 0x0, 0x3e, 0xf7, 0x1, 0xdf, 0xff, 0xf5,
    0x0, 0x0, 0x2, 0xdf, 0xdd, 0xff, 0xff, 0xf8,
    0x0, 0x0, 0x0, 0x9, 0xff, 0xff, 0xff, 0xf8,
    0x0, 0x0, 0x0, 0x0, 0x18, 0xef, 0xff, 0xf7,
    0x0, 0x0, 0x0, 0x0, 0x0, 0x2, 0x57, 0x71,

    /* U+F09C "" */
    0x0, 0x0, 0x0, 0x11, 0x0, 0x0, 0x0, 0x0,
    0x0, 0x4d, 0xff, 0xd5, 0x0, 0x0, 0x0, 0x5,
    0xfe, 0x98, 0xef, 0x50, 0x0, 0x0, 0xe, 0xe1,
    0x0, 0xd, 0xe0, 0x0, 0x0, 0x1e, 0x80, 0x0,
    0x7, 0xf2, 0x0, 0x0, 0x0, 0x0, 0x0, 0x5,
    0xf3, 0x0, 0x6, 0x88, 0x88, 0x88, 0x8b, 0xfa,
    0x60, 0x7f, 0xff, 0xff, 0xff, 0xff, 0xff, 0xf8,
    0xaf, 0x11, 0x11, 0x11, 0x11, 0x11, 0xfa, 0xaf,
    0x0, 0x0, 0x0, 0x0, 0x0, 0xfb, 0xaf, 0x0,
    0x0, 0x11, 0x0, 0x0, 0xfb, 0xaf, 0x0, 0x3,
    0xff, 0x50, 0x0, 0xfb, 0xaf, 0x0, 0x8, 0xff,
    0xb0, 0x0, 0xfb, 0xaf, 0x0, 0x3, 0xff, 0x50,
    0x0, 0xfb, 0xaf, 0x0, 0x0, 0x1, 0x0, 0x0,
    0xfb, 0xaf, 0x0, 0x0, 0x0, 0x0, 0x0, 0xfb,
    0xaf, 0x88, 0x88, 0x88, 0x88, 0x88, 0xfa, 0x3f,
    0xff, 0xff, 0xff, 0xff, 0xff, 0xf3, 0x0, 0x11,
    0x11, 0x11, 0x11, 0x11, 0x0,

    /* U+F0AC "" */
    0x0, 0x0, 0x0, 0x0, 0x22, 0x0, 0x0, 0x0,
    0x0, 0x0, 0x0, 0x5, 0xcf, 0xff, 0xfc, 0x70,
    0x0, 0x0, 0x0, 0x1, 0xcf, 0xff, 0xff, 0xff,
    0xfd, 0x30, 0x0, 0x0, 0x1e, 0xff, 0xff, 0xff,
    0xfb, 0x6e, 0xf3, 0x0, 0x0, 0xdf, 0xff, 0xff,
    0xff, 0xd3, 0x2, 0xee, 0x10, 0x6, 0xff, 0xff,
    0xff, 0x40, 0x0, 0x0, 0x3f, 0x90, 0xd, 0xff,
    0xff, 0xff, 0x40, 0x0, 0x0, 0xb, 0xf0, 0x1f,
    0xef, 0xfd, 0x76, 0x0, 0x0, 0x0, 0x6, 0xf3,
    0x3f, 0x77, 0xfc, 0x0, 0x0, 0x0, 0x0, 0x4,
    0xf5, 0x3f, 0x70, 0x5f, 0xff, 0xff, 0xf8, 0x0,
    0x4, 0xf5, 0x1f, 0x90, 0x4, 0xff, 0xff, 0xfc,
    0x0, 0x7, 0xf3, 0xd, 0xe0, 0x0, 0x5f, 0xff,
    0xfc, 0x0, 0xc, 0xf0, 0x6, 0xf7, 0x0, 0x2f,
    0xff, 0xff, 0xd7, 0x5f, 0x90, 0x0, 0xcf, 0x50,
    0x7, 0xff, 0xff, 0xff, 0xfe, 0x10, 0x0, 0x1e,
    0xf8, 0x10, 0xbf, 0xff, 0xff, 0xf3, 0x0, 0x0,
    0x1, 0xcf, 0xfb, 0xef, 0xff, 0xfd, 0x20, 0x0,
    0x0, 0x0, 0x5, 0xbf, 0xff, 0xfc, 0x60, 0x0,
    0x0, 0x0, 0x0, 0x0, 0x0, 0x11, 0x0, 0x0,
    0x0, 0x0,

    /* U+F0C1 "" */
    0x0, 0x0, 0x0, 0x0, 0x0, 0x0, 0x0, 0x0,
    0x0, 0x0, 0x5d, 0xff, 0xff, 0x6, 0xff, 0xff,
    0xc4, 0x0, 0x6, 0xfe, 0x99, 0x98, 0x3, 0x99,
    0x9a, 0xef, 0x50, 0x1f, 0xc0, 0x0, 0x0, 0x0,
    0x0, 0x0, 0x1d, 0xf0, 0x4f, 0x50, 0x8, 0xff,
    0xff, 0xff, 0x10, 0x5, 0xf4, 0x4f, 0x50, 0x6,
    0xbb, 0xbb, 0xbb, 0x10, 0x5, 0xf4, 0x1f, 0xc0,
    0x0, 0x0, 0x0, 0x0, 0x0, 0x1d, 0xf0, 0x7,
    0xfd, 0x98, 0x88, 0x3, 0x88, 0x89, 0xef, 0x60,
    0x0, 0x5d, 0xff, 0xff, 0x6, 0xff, 0xff, 0xc4,
    0x0, 0x0, 0x0, 0x0, 0x0, 0x0, 0x0, 0x0,
    0x0, 0x0,

    /* U+F0C2 "" */
    0x0, 0x0, 0x0, 0x4, 0xad, 0xda, 0x40, 0x0,
    0x0, 0x0, 0x0, 0x0, 0x1, 0xbf, 0xff, 0xff,
    0xfb, 0x10, 0x0, 0x0, 0x0, 0x0, 0xc, 0xff,
    0xff, 0xff, 0xff, 0xc0, 0x0, 0x0, 0x0, 0x4,
    0xaf, 0xff, 0xff, 0xff, 0xff, 0xf8, 0x0, 0x0,
    0x2, 0xcf, 0xff, 0xff, 0xff, 0xff, 0xff, 0xff,
    0x0, 0x0, 0x1d, 0xff, 0xff, 0xff, 0xff, 0xff,
    0xff, 0xff, 0xd7, 0x0, 0x8f, 0xff, 0xff, 0xff,
    0xff, 0xff, 0xff, 0xff, 0xff, 0xc0, 0xef, 0xff,
    0xff, 0xff, 0xff, 0xff, 0xff, 0xff, 0xff, 0xf9,
    0xff, 0xff, 0xff, 0xff, 0xff, 0xff, 0xff, 0xff,
    0xff, 0xfe, 0xef, 0xff, 0xff, 0xff, 0xff, 0xff,
    0xff, 0xff, 0xff, 0xff, 0x8f, 0xff, 0xff, 0xff,
    0xff, 0xff, 0xff, 0xff, 0xff, 0xfc, 0x1d, 0xff,
    0xff, 0xff, 0xff, 0xff, 0xff, 0xff, 0xff, 0xf5,
    0x1, 0xcf, 0xff, 0xff, 0xff, 0xff, 0xff, 0xff,
    0xff, 0x70, 0x0, 0x3, 0x67, 0x77, 0x77, 0x77,
    0x77, 0x77, 0x61, 0x0,

    /* U+F0E0 "" */
    0x6, 0xee, 0xee, 0xee, 0xee, 0xee, 0xee, 0xee,
    0xb1, 0xf, 0xff, 0xff, 0xff, 0xff, 0xff, 0xff,
    0xff, 0xf7, 0x1f, 0x85, 0xef, 0xff, 0xff, 0xff,
    0xff, 0xa2, 0xf9, 0x1f, 0xb0, 0x19, 0xff, 0xff,
    0xff, 0xd4, 0x5, 0xf9, 0x1f, 0xfe, 0x50, 0x3d,
    0xff, 0xf8, 0x1, 0xaf, 0xf9, 0x1f, 0xff, 0xfb,
    0x20, 0x7c, 0x20, 0x6f, 0xff, 0xf9, 0x1f, 0xff,
    0xff, 0xf7, 0x0, 0x3c, 0xff, 0xff, 0xf9, 0x1f,
    0xff, 0xff, 0xff, 0xd9, 0xff, 0xff, 0xff, 0xf9,
    0x1f, 0xff, 0xff, 0xff, 0xff, 0xff, 0xff, 0xff,
    0xf9, 0x1f, 0xff, 0xff, 0xff, 0xff, 0xff, 0xff,
    0xff, 0xf9, 0x1f, 0xff, 0xff, 0xff, 0xff, 0xff,
    0xff, 0xff, 0xf9, 0x1f, 0xff, 0xff, 0xff, 0xff,
    0xff, 0xff, 0xff, 0xf8, 0xd, 0xff, 0xff, 0xff,
    0xff, 0xff, 0xff, 0xff, 0xf5, 0x1, 0x67, 0x77,
    0x77, 0x77, 0x77, 0x77, 0x77, 0x40,

    /* U+F0ED "" */
    0x0, 0x0, 0x0, 0x4, 0xad, 0xda, 0x40, 0x0,
    0x0, 0x0, 0x0, 0x0, 0x1, 0xbf, 0xff, 0xff,
    0xfb, 0x10, 0x0, 0x0, 0x0, 0x0, 0xc, 0xff,
    0xff, 0xff, 0xff, 0xc0, 0x0, 0x0, 0x0, 0x4,
    0xaf, 0xff, 0xff, 0xff, 0xff, 0xf8, 0x0, 0x0,
    0x2, 0xcf, 0xff, 0xff, 0x84, 0x48, 0xff, 0xff,
    0x0, 0x0, 0x1d, 0xff, 0xff, 0xff, 0x50, 0x5,
    0xff, 0xff, 0xd7, 0x0, 0x8f, 0xff, 0xff, 0xff,
    0x50, 0x5, 0xff, 0xff, 0xff, 0xc0, 0xef, 0xff,
    0xff, 0x99, 0x30, 0x2, 0x99, 0xff, 0xff, 0xf9,
    0xff, 0xff, 0xff, 0xb0, 0x0, 0x0, 0xb, 0xff,
    0xff, 0xfe, 0xef, 0xff, 0xff, 0xfb, 0x0, 0x0,
    0xbf, 0xff, 0xff, 0xff, 0x8f, 0xff, 0xff, 0xff,
    0xb0, 0xb, 0xff, 0xff, 0xff, 0xfc, 0x1d, 0xff,
    0xff, 0xff, 0xfb, 0xbf, 0xff, 0xff, 0xff, 0xf5,
    0x1, 0xcf, 0xff, 0xff, 0xff, 0xff, 0xff, 0xff,
    0xff, 0x70, 0x0, 0x3, 0x67, 0x77, 0x77, 0x77,
    0x77, 0x77, 0x61, 0x0,

    /* U+F0EE "" */
    0x0, 0x0, 0x0, 0x3, 0x9b, 0xc9, 0x30, 0x0,
    0x0, 0x0, 0x0, 0x0, 0x0, 0xaf, 0xff, 0xff,
    0xf9, 0x0, 0x0, 0x0, 0x0, 0x0, 0xb, 0xff,
    0xff, 0xff, 0xff, 0xb0, 0x0, 0x0, 0x0, 0x2,
    0x9f, 0xff, 0xfe, 0xef, 0xff, 0xf7, 0x0, 0x0,
    0x1, 0xbf, 0xff, 0xff, 0xe2, 0x2e, 0xff, 0xfe,
    0x0, 0x0, 0xd, 0xff, 0xff, 0xfe, 0x20, 0x2,
    0xef, 0xff, 0xb6, 0x0, 0x8f, 0xff, 0xff, 0xe2,
    0x0, 0x0, 0x2e, 0xff, 0xff, 0xb0, 0xdf, 0xff,
    0xff, 0x75, 0x10, 0x1, 0x57, 0xff, 0xff, 0xf8,
    0xff, 0xff, 0xff, 0xff, 0x50, 0x5, 0xff, 0xff,
    0xff, 0xfe, 0xef, 0xff, 0xff, 0xff, 0x50, 0x5,
    0xff, 0xff, 0xff, 0xff, 0x9f, 0xff, 0xff, 0xff,
    0x50, 0x5, 0xff, 0xff, 0xff, 0xfd, 0x1e, 0xff,
    0xff, 0xff, 0xff, 0xff, 0xff, 0xff, 0xff, 0xf6,
    0x2, 0xdf, 0xff, 0xff, 0xff, 0xff, 0xff, 0xff,
    0xff, 0x80, 0x0, 0x4, 0x88, 0x88, 0x88, 0x88,
    0x88, 0x88, 0x72, 0x0,

    /* U+F0F3 "" */
    0x0, 0x0, 0x0, 0x1, 0x0, 0x0, 0x0, 0x0,
    0x0, 0x0, 0xcf, 0x40, 0x0, 0x0, 0x0, 0x0,
    0x2, 0xff, 0x90, 0x0, 0x0, 0x0, 0x0, 0xaf,
    0xff, 0xfe, 0x40, 0x0, 0x0, 0xb, 0xff, 0xff,
    0xff, 0xf3, 0x0, 0x0, 0x3f, 0xff, 0xff, 0xff,
    0xfb, 0x0, 0x0, 0x9f, 0xff, 0xff, 0xff, 0xff,
    0x0, 0x0, 0xbf, 0xff, 0xff, 0xff, 0xff, 0x20,
    0x0, 0xcf, 0xff, 0xff, 0xff, 0xff, 0x30, 0x0,
    0xcf, 0xff, 0xff, 0xff, 0xff, 0x30, 0x0, 0xcf,
    0xff, 0xff, 0xff, 0xff, 0x30, 0x0, 0xcf, 0xff,
    0xff, 0xff, 0xff, 0x30, 0x3, 0xff, 0xff, 0xff,
    0xff, 0xff, 0xa0, 0x3f, 0xff, 0xff, 0xff, 0xff,
    0xff, 0xf9, 0x49, 0x99, 0x99, 0x99, 0x99, 0x99,
    0x98, 0x0, 0x0, 0x3, 0x88, 0x70, 0x0, 0x0,
    0x0, 0x0, 0x1, 0xef, 0x60, 0x0, 0x0, 0x0,
    0x0, 0x0, 0x0, 0x0, 0x0, 0x0,

    /* U+F100 "" */
    0x0, 0x0, 0x5a, 0x0, 0x0, 0xb3, 0x0, 0x5,
    0xfe, 0x10, 0xc, 0xf7, 0x0, 0x5f, 0xe2, 0x0,
    0xcf, 0x80, 0x5, 0xfe, 0x20, 0xc, 0xf8, 0x0,
    0x5f, 0xe2, 0x0, 0xcf, 0x80, 0x0, 0x5f, 0xe2,
    0x0, 0xcf, 0x80, 0x0, 0x5, 0xfe, 0x20, 0xc,
    0xf8, 0x0, 0x0, 0x5f, 0xe2, 0x0, 0xcf, 0x80,
    0x0, 0x5, 0xfe, 0x10, 0xc, 0xf7, 0x0, 0x0,
    0x5a, 0x0, 0x0, 0xb3,

    /* U+F101 "" */
    0x3b, 0x10, 0x0, 0xa5, 0x0, 0x0, 0x7f, 0xc1,
    0x1, 0xef, 0x50, 0x0, 0x8, 0xfc, 0x10, 0x2e,
    0xf5, 0x0, 0x0, 0x8f, 0xc1, 0x2, 0xef, 0x50,
    0x0, 0x8, 0xfc, 0x10, 0x2e, 0xf5, 0x0, 0x8,
    0xfc, 0x10, 0x2e, 0xf5, 0x0, 0x8f, 0xc1, 0x2,
    0xef, 0x50, 0x8, 0xfc, 0x10, 0x2e, 0xf5, 0x0,
    0x7f, 0xc1, 0x1, 0xef, 0x50, 0x0, 0x3b, 0x10,
    0x0, 0xa5, 0x0, 0x0,

    /* U+F102 "" */
    0x0, 0x0, 0x55, 0x0, 0x0, 0x0, 0x5, 0xff,
    0x50, 0x0, 0x0, 0x5f, 0xee, 0xf5, 0x0, 0x5,
    0xfe, 0x22, 0xef, 0x50, 0x5f, 0xe2, 0x0, 0x2e,
    0xf5, 0xae, 0x20, 0x11, 0x2, 0xea, 0x1, 0x1,
    0xcc, 0x10, 0x10, 0x0, 0x1c, 0xff, 0xc1, 0x0,
    0x1, 0xcf, 0x88, 0xfc, 0x10, 0x1c, 0xf8, 0x0,
    0x8f, 0xc1, 0xbf, 0x80, 0x0, 0x8, 0xfb, 0x37,
    0x0, 0x0, 0x0, 0x73,

    /* U+F103 "" */
    0x37, 0x0, 0x0, 0x0, 0x73, 0xbf, 0x80, 0x0,
    0x8, 0xfb, 0xc, 0xf8, 0x0, 0x8f, 0xc0, 0x0,
    0xcf, 0x88, 0xfc, 0x0, 0x0, 0xc, 0xff, 0xc0,
    0x0, 0x1, 0x0, 0xcc, 0x0, 0x10, 0xae, 0x20,
    0x0, 0x2, 0xea, 0x5f, 0xe2, 0x0, 0x2e, 0xf5,
    0x5, 0xfe, 0x22, 0xef, 0x50, 0x0, 0x5f, 0xee,
    0xf5, 0x0, 0x0, 0x5, 0xff, 0x50, 0x0, 0x0,
    0x0, 0x55, 0x0, 0x0,

    /* U+F104 "" */
    0x0, 0x0, 0xb, 0x30, 0x0, 0xc, 0xf7, 0x0,
    0xc, 0xf8, 0x0, 0xc, 0xf8, 0x0, 0xc, 0xf8,
    0x0, 0x0, 0xcf, 0x80, 0x0, 0x0, 0xcf, 0x80,
    0x0, 0x0, 0xcf, 0x80, 0x0, 0x0, 0xcf, 0x70,
    0x0, 0x0, 0xb3,

    /* U+F105 "" */
    0x3b, 0x0, 0x0, 0x7, 0xfc, 0x0, 0x0, 0x8,
    0xfc, 0x0, 0x0, 0x8, 0xfc, 0x0, 0x0, 0x8,
    0xfc, 0x0, 0x0, 0x8f, 0xc0, 0x0, 0x8f, 0xc0,
    0x0, 0x8f, 0xc0, 0x0, 0x7f, 0xc0, 0x0, 0x3,
    0xb0, 0x0, 0x0,

    /* U+F106 "" */
    0x0, 0x0, 0x0, 0x0, 0x0, 0x0, 0x0, 0xcc,
    0x0, 0x0, 0x0, 0xc, 0xff, 0xc0, 0x0, 0x0,
    0xcf, 0x88, 0xfc, 0x0, 0xc, 0xf8, 0x0, 0x8f,
    0xc0, 0xbf, 0x80, 0x0, 0x8, 0xfb, 0x37, 0x0,
    0x0, 0x0, 0x73,

    /* U+F107 "" */
    0x37, 0x0, 0x0, 0x0, 0x73, 0xbf, 0x80, 0x0,
    0x8, 0xfb, 0xc, 0xf8, 0x0, 0x8f, 0xc0, 0x0,
    0xcf, 0x88, 0xfc, 0x0, 0x0, 0xc, 0xff, 0xc0,
    0x0, 0x0, 0x0, 0xcc, 0x0, 0x0, 0x0, 0x0,
    0x0, 0x0, 0x0,

    /* U+F110 "" */
    0x0, 0x0, 0x0, 0x0, 0x0, 0x0, 0x0, 0x0,
    0x0, 0x0, 0xa0, 0x0, 0x0, 0x0, 0x0, 0x0,
    0xa, 0xf0, 0x0, 0x0, 0x0, 0x0, 0x0, 0xaf,
    0xfa, 0x72, 0x0, 0x0, 0x0, 0x1, 0xdf, 0xff,
    0xff, 0xa0, 0x0, 0x0, 0x0, 0x1d, 0xf0, 0x3b,
    0xfc, 0x0, 0x3, 0x0, 0x1, 0xd0, 0x0, 0x7f,
    0xa0, 0x2f, 0x50, 0x0, 0x20, 0x0, 0xb, 0xf2,
    0x7f, 0x40, 0x0, 0x0, 0x0, 0x3, 0xf7, 0xaf,
    0x0, 0x0, 0x0, 0x0, 0x0, 0xfa, 0xaf, 0x0,
    0x0, 0x0, 0x0, 0x0, 0xfa, 0x7f, 0x30, 0x0,
    0x0, 0x0, 0x4, 0xf7, 0x2f, 0xb0, 0x0, 0x2,
    0x0, 0x5, 0xf2, 0xa, 0xf7, 0x0, 0xe, 0x20,
    0x0, 0x30, 0x0, 0xcf, 0xb3, 0xf, 0xe2, 0x0,
    0x0, 0x0, 0xa, 0xff, 0xff, 0xfe, 0x10, 0x0,
    0x0, 0x0, 0x27, 0xaf, 0xfa, 0x0, 0x0, 0x0,
    0x0, 0x0, 0xf, 0xa0, 0x0, 0x0, 0x0, 0x0,
    0x0, 0xa, 0x0, 0x0, 0x0, 0x0, 0x0, 0x0,
    0x0, 0x0, 0x0, 0x0,

    /* U+F118 "" */
    0x0, 0x0, 0x0, 0x15, 0x77, 0x51, 0x0, 0x0,
    0x0, 0x0, 0x0, 0x2a, 0xff, 0xff, 0xff, 0xb3,
    0x0, 0x0, 0x0, 0x4, 0xff, 0xa5, 0x32, 0x59,
    0xff, 0x60, 0x0, 0x0, 0x4f, 0xe3, 0x0, 0x0,
    0x0, 0x2d, 0xf6, 0x0, 0x1, 0xee, 0x20, 0x0,
    0x0, 0x0, 0x1, 0xdf, 0x20, 0x8, 0xf5, 0x2,
    0x30, 0x0, 0x3, 0x30, 0x2f, 0xb0, 0xe, 0xd0,
    0xf, 0xf4, 0x0, 0x2f, 0xf2, 0xa, 0xf1, 0x1f,
    0x80, 0xd, 0xf3, 0x0, 0x1e, 0xe1, 0x6, 0xf4,
    0x3f, 0x70, 0x0, 0x10, 0x0, 0x0, 0x0, 0x4,
    0xf5, 0x2f, 0x70, 0x0, 0x0, 0x0, 0x0, 0x0,
    0x4, 0xf5, 0xf, 0xa0, 0x0, 0x0, 0x0, 0x0,
    0x0, 0x7, 0xf3, 0xc, 0xe0, 0x0, 0x2, 0x0,
    0x20, 0x0, 0xd, 0xe0, 0x5, 0xf8, 0x0, 0x1f,
    0xee, 0xf4, 0x0, 0x6f, 0x80, 0x0, 0xcf, 0x60,
    0x1, 0x55, 0x20, 0x4, 0xfd, 0x0, 0x0, 0x1d,
    0xf9, 0x10, 0x0, 0x0, 0x7f, 0xe2, 0x0, 0x0,
    0x1, 0xbf, 0xfb, 0x88, 0xae, 0xfd, 0x20, 0x0,
    0x0, 0x0, 0x5, 0xbf, 0xff, 0xfc, 0x60, 0x0,
    0x0, 0x0, 0x0, 0x0, 0x0, 0x11, 0x0, 0x0,
    0x0, 0x0,

    /* U+F11B "" */
    0x0, 0x4c, 0xef, 0xff, 0xff, 0xff, 0xd8, 0x0,
    0x0, 0x4f, 0xff, 0xff, 0xff, 0xff, 0xff, 0xfa,
    0x0, 0xb, 0xff, 0xfa, 0xff, 0xff, 0xae, 0xff,
    0xf2, 0x0, 0xef, 0xfe, 0x4f, 0xff, 0xf0, 0x9f,
    0xff, 0x60, 0x1f, 0xf5, 0x20, 0x3a, 0xff, 0xef,
    0xff, 0xf8, 0x3, 0xff, 0xfd, 0x4f, 0xff, 0xff,
    0xb2, 0xef, 0xa0, 0x5f, 0xff, 0xe8, 0xff, 0xff,
    0xfd, 0x6f, 0xfd, 0x8, 0xff, 0xff, 0xff, 0xff,
    0xff, 0xff, 0xff, 0xf0, 0xaf, 0xff, 0xff, 0xff,
    0xff, 0xff, 0xff, 0xff, 0x1b, 0xff, 0xff, 0x73,
    0x33, 0x33, 0xdf, 0xff, 0xf2, 0x8f, 0xff, 0x60,
    0x0, 0x0, 0x1, 0xdf, 0xfe, 0x0, 0x7a, 0x40,
    0x0, 0x0, 0x0, 0x1, 0x89, 0x20,

    /* U+F124 "" */
    0x0, 0x0, 0x0, 0x0, 0x0, 0x0, 0x0, 0x0,
    0x0, 0x0, 0x55, 0x0, 0x0, 0x0, 0x0, 0x0,
    0x0, 0xcb, 0x0, 0x0, 0x0, 0x0, 0x0, 0x2,
    0xff, 0x20, 0x0, 0x0, 0x0, 0x0, 0x9, 0xff,
    0x90, 0x0, 0x0, 0x0, 0x0, 0xf, 0xff, 0xf0,
    0x0, 0x0, 0x0, 0x0, 0x6f, 0xff, 0xf6, 0x0,
    0x0, 0x0, 0x0, 0xcf, 0xff, 0xfc, 0x0, 0x0,
    0x0, 0x3, 0xff, 0xff, 0xff, 0x30, 0x0, 0x0,
    0x9, 0xff, 0xff, 0xff, 0x90, 0x0, 0x0, 0x1f,
    0xff, 0xff, 0xff, 0xf1, 0x0, 0x0, 0x7f, 0xff,
    0xff, 0xff, 0xf7, 0x0, 0x0, 0xdf, 0xff, 0xff,
    0xff, 0xfd, 0x0, 0x4, 0xff, 0xff, 0xff, 0xff,
    0xff, 0x40, 0xa, 0xff, 0xfa, 0x33, 0xaf, 0xff,
    0xa0, 0x1f, 0xf8, 0x10, 0x0, 0x1, 0x8e, 0xf1,
    0x5, 0x0, 0x0, 0x0, 0x0, 0x0, 0x50,

    /* U+F130 "" */
    0x0, 0x0, 0x1, 0x0, 0x0, 0x0, 0x0, 0x0,
    0xbf, 0xf5, 0x0, 0x0, 0x0, 0x8, 0xff, 0xff,
    0x10, 0x0, 0x0, 0xb, 0xff, 0xff, 0x40, 0x0,
    0x0, 0xb, 0xff, 0xff, 0x40, 0x0, 0x0, 0xb,
    0xff, 0xff, 0x40, 0x0, 0x0, 0xb, 0xff, 0xff,
    0x40, 0x0, 0x0, 0xb, 0xff, 0xff, 0x40, 0x0,
    0x86, 0xa, 0xff, 0xff, 0x30, 0x68, 0xac, 0x6,
    0xff, 0xfe, 0x0, 0xca, 0x4f, 0x50, 0x7c, 0xb2,
    0x5, 0xf4, 0xa, 0xf7, 0x10, 0x1, 0x7f, 0x80,
    0x0, 0x8f, 0xfd, 0xdf, 0xe6, 0x0, 0x0, 0x1,
    0x7f, 0xc5, 0x0, 0x0, 0x0, 0x0, 0xf, 0x90,
    0x0, 0x0, 0x0, 0x0, 0xf, 0x90, 0x0, 0x0,
    0x0, 0x0, 0x4, 0x20, 0x0, 0x0,

    /* U+F131 "" */
    0x0, 0x0, 0x0, 0x1, 0x0, 0x0, 0x0, 0x0,
    0x1, 0x0, 0x0, 0xbf, 0xf5, 0x0, 0x0, 0x0,
    0x3f, 0x60, 0x8, 0xff, 0xff, 0x10, 0x0, 0x0,
    0xb, 0xf6, 0x9, 0xff, 0xff, 0x40, 0x0, 0x0,
    0x0, 0xcf, 0x70, 0xbf, 0xff, 0x40, 0x0, 0x0,
    0x0, 0xc, 0xf7, 0xb, 0xff, 0x40, 0x0, 0x0,
    0x0, 0x1, 0xdf, 0x80, 0xaf, 0x40, 0x0, 0x0,
    0x0, 0x0, 0x1e, 0xf8, 0xa, 0x40, 0x0, 0x0,
    0x0, 0x86, 0xa, 0xff, 0x80, 0x10, 0x68, 0x0,
    0x0, 0xac, 0x6, 0xff, 0xf9, 0x0, 0xca, 0x0,
    0x0, 0x4f, 0x50, 0x7c, 0xef, 0x90, 0x75, 0x0,
    0x0, 0xa, 0xf7, 0x0, 0xb, 0xfa, 0x0, 0x0,
    0x0, 0x0, 0x8f, 0xfd, 0xef, 0xef, 0xa0, 0x0,
    0x0, 0x0, 0x1, 0x7f, 0xc5, 0x7, 0xfa, 0x0,
    0x0, 0x0, 0x0, 0xf, 0x90, 0x0, 0x6f, 0xb0,
    0x0, 0x0, 0x0, 0xf, 0x90, 0x0, 0x6, 0xf3,
    0x0, 0x0, 0x0, 0x4, 0x20, 0x0, 0x0, 0x10,

    /* U+F133 "" */
    0x0, 0x8, 0x50, 0x0, 0x0, 0x5, 0x80, 0x0,
    0x0, 0x1f, 0x90, 0x0, 0x0, 0x9, 0xf1, 0x0,
    0x1b, 0xef, 0xfe, 0xee, 0xee, 0xef, 0xfe, 0xb1,
    0x8f, 0xff, 0xff, 0xff, 0xff, 0xff, 0xff, 0xf8,
    0x9f, 0xff, 0xff, 0xff, 0xff, 0xff, 0xff, 0xf9,
    0x9f, 0xff, 0xff, 0xff, 0xff, 0xff, 0xff, 0xf9,
    0x9f, 0xff, 0xff, 0xff, 0xff, 0xff, 0xff, 0xf9,
    0x9f, 0x21, 0x11, 0x11, 0x11, 0x11, 0x12, 0xf9,
    0x9f, 0x10, 0x31, 0x3, 0x30, 0x13, 0x1, 0xf9,
    0x9f, 0x14, 0xf6, 0xe, 0xe0, 0x6f, 0x41, 0xf9,
    0x9f, 0x12, 0x72, 0x6, 0x60, 0x27, 0x21, 0xf9,
    0x9f, 0x10, 0x0, 0x0, 0x0, 0x0, 0x1, 0xf9,
    0x9f, 0x14, 0xe5, 0xd, 0xd0, 0x5e, 0x41, 0xf9,
    0x9f, 0x13, 0xc4, 0xb, 0xb0, 0x5c, 0x31, 0xf9,
    0x9f, 0x10, 0x0, 0x0, 0x0, 0x0, 0x1, 0xf9,
    0x9f, 0x98, 0x88, 0x88, 0x88, 0x88, 0x89, 0xf9,
    0x3e, 0xff, 0xff, 0xff, 0xff, 0xff, 0xff, 0xe3,
    0x0, 0x11, 0x11, 0x11, 0x11, 0x11, 0x11, 0x0,

    /* U+F14E "" */
    0x0, 0x0, 0x0, 0x2, 0x44, 0x20, 0x0, 0x0,
    0x0, 0x0, 0x0, 0x18, 0xef, 0xff, 0xfe, 0x81,
    0x0, 0x0, 0x0, 0x3, 0xef, 0xff, 0xff, 0xff,
    0xfe, 0x30, 0x0, 0x0, 0x3f, 0xff, 0xff, 0xff,
    0xff, 0xff, 0xf3, 0x0, 0x1, 0xef, 0xff, 0xff,
    0xff, 0xff, 0xb7, 0xfe, 0x10, 0x8, 0xff, 0xff,
    0xff, 0xff, 0x92, 0xb, 0xff, 0x80, 0xe, 0xff,
    0xff, 0xff, 0x81, 0x0, 0x2f, 0xff, 0xe0, 0x2f,
    0xff, 0xff, 0xf1, 0x0, 0x0, 0x9f, 0xff, 0xf2,
    0x4f, 0xff, 0xff, 0x80, 0x9a, 0x1, 0xff, 0xff,
    0xf4, 0x4f, 0xff, 0xff, 0x10, 0x99, 0x8, 0xff,
    0xff, 0xf4, 0x2f, 0xff, 0xfa, 0x0, 0x0, 0x1f,
    0xff, 0xff, 0xf2, 0xe, 0xff, 0xf2, 0x0, 0x18,
    0xff, 0xff, 0xff, 0xe0, 0x8, 0xff, 0xb0, 0x2a,
    0xff, 0xff, 0xff, 0xff, 0x80, 0x1, 0xef, 0x7b,
    0xff, 0xff, 0xff, 0xff, 0xfe, 0x10, 0x0, 0x3f,
    0xff, 0xff, 0xff, 0xff, 0xff, 0xf3, 0x0, 0x0,
    0x3, 0xef, 0xff, 0xff, 0xff, 0xfe, 0x30, 0x0,
    0x0, 0x0, 0x18, 0xef, 0xff, 0xfe, 0x81, 0x0,
    0x0, 0x0, 0x0, 0x0, 0x2, 0x44, 0x20, 0x0,
    0x0, 0x0,

    /* U+F185 "" */
    0x0, 0x0, 0x0, 0x0, 0x0, 0x0, 0x0, 0x0,
    0x0, 0x0, 0x0, 0x0, 0x0, 0x0, 0xb, 0xb0,
    0x0, 0x0, 0x0, 0x0, 0x0, 0x0, 0x0, 0x0,
    0xc, 0xd0, 0x0, 0x0, 0x0, 0x0, 0x0, 0x0,
    0x60, 0x0, 0xb, 0xb0, 0x0, 0x5, 0x0, 0x0,
    0x0, 0x5, 0xfa, 0x0, 0x0, 0x0, 0x0, 0xaf,
    0x50, 0x0, 0x0, 0x0, 0xaf, 0x0, 0x1, 0x10,
    0x0, 0xfa, 0x0, 0x0, 0x0, 0x0, 0x0, 0x4,
    0xdf, 0xfd, 0x40, 0x0, 0x0, 0x0, 0x0, 0x0,
    0x0, 0x4f, 0xff, 0xff, 0xf4, 0x0, 0x0, 0x0,
    0x0, 0x0, 0x0, 0xdf, 0xff, 0xff, 0xfd, 0x0,
    0x0, 0x0, 0xb, 0xdb, 0x1, 0xff, 0xff, 0xff,
    0xff, 0x10, 0xbd, 0xb0, 0xb, 0xcb, 0x1, 0xff,
    0xff, 0xff, 0xff, 0x10, 0xbc, 0xb0, 0x0, 0x0,
    0x0, 0xdf, 0xff, 0xff, 0xfd, 0x0, 0x0, 0x0,
    0x0, 0x0, 0x0, 0x4f, 0xff, 0xff, 0xf4, 0x0,
    0x0, 0x0, 0x0, 0x0, 0x1, 0x4, 0xdf, 0xfd,
    0x40, 0x10, 0x0, 0x0, 0x0, 0x0, 0xaf, 0x10,
    0x1, 0x10, 0x0, 0xfa, 0x0, 0x0, 0x0, 0x5,
    0xfa, 0x0, 0x0, 0x0, 0x0, 0xaf, 0x50, 0x0,
    0x0, 0x0, 0x50, 0x0, 0xb, 0xb0, 0x0, 0x5,
    0x0, 0x0, 0x0, 0x0, 0x0, 0x0, 0xc, 0xd0,
    0x0, 0x0, 0x0, 0x0, 0x0, 0x0, 0x0, 0x0,
    0xb, 0xb0, 0x0, 0x0, 0x0, 0x0, 0x0, 0x0,
    0x0, 0x0, 0x0, 0x0, 0x0, 0x0, 0x0, 0x0,

    /* U+F186 "" */
    0x0, 0x0, 0x0, 0x23, 0x30, 0x0, 0x0, 0x0,
    0x0, 0x0, 0x7e, 0xff, 0x30, 0x0, 0x0, 0x0,
    0x0, 0x2d, 0xff, 0xf8, 0x0, 0x0, 0x0, 0x0,
    0x1, 0xef, 0xff, 0xf2, 0x0, 0x0, 0x0, 0x0,
    0xb, 0xff, 0xff, 0xf1, 0x0, 0x0, 0x0, 0x0,
    0x3f, 0xff, 0xff, 0xf3, 0x0, 0x0, 0x0, 0x0,
    0x8f, 0xff, 0xff, 0xf8, 0x0, 0x0, 0x0, 0x0,
    0xaf, 0xff, 0xff, 0xff, 0x40, 0x0, 0x0, 0x33,
    0xbf, 0xff, 0xff, 0xff, 0xf8, 0x31, 0x28, 0xf3,
    0x9f, 0xff, 0xff, 0xff, 0xff, 0xff, 0xff, 0xf2,
    0x5f, 0xff, 0xff, 0xff, 0xff, 0xff, 0xff, 0xe0,
    0xe, 0xff, 0xff, 0xff, 0xff, 0xff, 0xff, 0x70,
    0x5, 0xff, 0xff, 0xff, 0xff, 0xff, 0xfd, 0x0,
    0x0, 0x7f, 0xff, 0xff, 0xff, 0xff, 0xe2, 0x0,
    0x0, 0x5, 0xef, 0xff, 0xff, 0xfb, 0x10, 0x0,
    0x0, 0x0, 0x5, 0x9b, 0xa8, 0x30, 0x0, 0x0,

    /* U+F1EB "" */
    0x0, 0x0, 0x0, 0x0, 0x23, 0x42, 0x0, 0x0,
    0x0, 0x0, 0x0, 0x0, 0x17, 0xcf, 0xff, 0xff,
    0xfc, 0x71, 0x0, 0x0, 0x0, 0x7, 0xff, 0xff,
    0xff, 0xff, 0xff, 0xff, 0x80, 0x0, 0x1, 0xcf,
    0xff, 0xb6, 0x32, 0x23, 0x6b, 0xff, 0xfd, 0x10,
    0xd, 0xff, 0xa2, 0x0, 0x0, 0x0, 0x0, 0x2a,
    0xff, 0xd0, 0x4, 0xf6, 0x0, 0x1, 0x56, 0x75,
    0x10, 0x0, 0x6f, 0x40, 0x0, 0x10, 0x2, 0xbf,
    0xff, 0xff, 0xfb, 0x20, 0x1, 0x0, 0x0, 0x0,
    0x5f, 0xff, 0xfe, 0xef, 0xff, 0xf5, 0x0, 0x0,
    0x0, 0x0, 0x4f, 0xf8, 0x20, 0x2, 0x8f, 0xf4,
    0x0, 0x0, 0x0, 0x0, 0x4, 0x20, 0x0, 0x0,
    0x1, 0x40, 0x0, 0x0, 0x0, 0x0, 0x0, 0x0,
    0x6b, 0xb6, 0x0, 0x0, 0x0, 0x0, 0x0, 0x0,
    0x0, 0x3, 0xff, 0xff, 0x30, 0x0, 0x0, 0x0,
    0x0, 0x0, 0x0, 0x0, 0x4f, 0xf4, 0x0, 0x0,
    0x0, 0x0, 0x0, 0x0, 0x0, 0x0, 0x4, 0x40,
    0x0, 0x0, 0x0, 0x0,

    /* U+F1EC "" */
    0x9, 0xbb, 0xbb, 0xbb, 0xbb, 0xbb, 0xbb, 0x70,
    0x8f, 0xff, 0xff, 0xff, 0xff, 0xff, 0xff, 0xf4,
    0x9f, 0xff, 0xff, 0xff, 0xff, 0xff, 0xff, 0xf6,
    0x9f, 0xff, 0xff, 0xff, 0xf3, 0x76, 0x5f, 0xf6,
    0x9f, 0xf4, 0x33, 0x3c, 0xf9, 0x0, 0xcf, 0xf6,
    0x9f, 0xf2, 0x11, 0x1b, 0xfb, 0x0, 0xdf, 0xf6,
    0x9f, 0xff, 0xff, 0xff, 0xf2, 0x64, 0x5f, 0xf6,
    0x9f, 0xff, 0xff, 0xff, 0xfe, 0xff, 0xef, 0xf6,
    0x9f, 0xff, 0xda, 0xff, 0xfd, 0xdd, 0xdf, 0xf6,
    0x9f, 0xff, 0x80, 0xff, 0xe0, 0x0, 0x1f, 0xf6,
    0x9f, 0xe4, 0x20, 0x48, 0xfd, 0xdd, 0xdf, 0xf6,
    0x9f, 0xfa, 0x60, 0xac, 0xe0, 0x0, 0x1f, 0xf6,
    0x9f, 0xff, 0x80, 0xff, 0xf9, 0x99, 0xaf, 0xf6,
    0x9f, 0xff, 0xff, 0xff, 0xff, 0xff, 0xff, 0xf6,
    0x6f, 0xff, 0xff, 0xff, 0xff, 0xff, 0xff, 0xf3,
    0x5, 0x77, 0x77, 0x77, 0x77, 0x77, 0x77, 0x40,

    /* U+F1F8 "" */
    0x0, 0x1, 0x78, 0x88, 0x30, 0x0, 0x7a, 0xad,
    0xff, 0xff, 0xfa, 0xa9, 0xbf, 0xff, 0xff, 0xff,
    0xff, 0xfe, 0x12, 0x22, 0x22, 0x22, 0x22, 0x21,
    0xe, 0xff, 0xff, 0xff, 0xff, 0xf1, 0xe, 0xff,
    0xff, 0xff, 0xff, 0xf1, 0xe, 0xff, 0xff, 0xff,
    0xff, 0xf1, 0xe, 0xff, 0xff, 0xff, 0xff, 0xf1,
    0xe, 0xff, 0xff, 0xff, 0xff, 0xf1, 0xe, 0xff,
    0xff, 0xff, 0xff, 0xf1, 0xe, 0xff, 0xff, 0xff,
    0xff, 0xf1, 0xe, 0xff, 0xff, 0xff, 0xff, 0xf1,
    0xe, 0xff, 0xff, 0xff, 0xff, 0xf1, 0xe, 0xff,
    0xff, 0xff, 0xff, 0xf1, 0xb, 0xff, 0xff, 0xff,
    0xff, 0xe0, 0x1, 0x9a, 0xaa, 0xaa, 0xa9, 0x30,

    /* U+F240 "" */
    0x0, 0x5, 0x88, 0x60, 0x0, 0x0, 0xa, 0xff,
    0xb0, 0x0, 0xb, 0xef, 0xff, 0xfe, 0xb0, 0x2f,
    0xff, 0xff, 0xff, 0xf2, 0x2f, 0xff, 0xff, 0xff,
    0xf3, 0x2f, 0xff, 0xff, 0xff, 0xf3, 0x2f, 0xff,
    0xff, 0xff, 0xf3, 0x2f, 0xff, 0xff, 0xff, 0xf3,
    0x2f, 0xff, 0xff, 0xff, 0xf3, 0x2f, 0xff, 0xff,
    0xff, 0xf3, 0x2f, 0xff, 0xff, 0xff, 0xf3, 0x2f,
    0xff, 0xff, 0xff, 0xf3, 0x2f, 0xff, 0xff, 0xff,
    0xf3, 0x2f, 0xff, 0xff, 0xff, 0xf3, 0x2f, 0xff,
    0xff, 0xff, 0xf3, 0x2f, 0xff, 0xff, 0xff, 0xf3,
    0x1e, 0xff, 0xff, 0xff, 0xe1, 0x0, 0x11, 0x11,
    0x11, 0x0,

    /* U+F241 "" */
    0x0, 0x3, 0x55, 0x30, 0x0, 0x0, 0xa, 0xff,
    0x90, 0x0, 0x8, 0xbe, 0xff, 0xeb, 0x80, 0x1f,
    0xff, 0xff, 0xff, 0xf1, 0x1f, 0x90, 0x0, 0x9,
    0xf1, 0x1f, 0x90, 0x0, 0x9, 0xf1, 0x1f, 0x90,
    0x0, 0x9, 0xf1, 0x1f, 0xfe, 0xee, 0xef, 0xf1,
    0x1f, 0xff, 0xff, 0xff, 0xf1, 0x1f, 0xff, 0xff,
    0xff, 0xf1, 0x1f, 0xff, 0xff, 0xff, 0xf1, 0x1f,
    0xff, 0xff, 0xff, 0xf1, 0x1f, 0xff, 0xff, 0xff,
    0xf1, 0x1f, 0xff, 0xff, 0xff, 0xf1, 0x1f, 0xff,
    0xff, 0xff, 0xf1, 0x1f, 0xff, 0xff, 0xff, 0xf1,
    0xe, 0xff, 0xff, 0xff, 0xe0, 0x0, 0x11, 0x11,
    0x11, 0x0,

    /* U+F242 "" */
    0x0, 0x3, 0x55, 0x30, 0x0, 0x0, 0xa, 0xff,
    0x90, 0x0, 0x8, 0xbe, 0xff, 0xeb, 0x80, 0x1f,
    0xff, 0xff, 0xff, 0xf1, 0x1f, 0x90, 0x0, 0x9,
    0xf1, 0x1f, 0x90, 0x0, 0x9, 0xf1, 0x1f, 0x90,
    0x0, 0x9, 0xf1, 0x1f, 0x90, 0x0, 0x9, 0xf1,
    0x1f, 0x90, 0x0, 0x9, 0xf1, 0x1f, 0x90, 0x0,
    0x9, 0xf1, 0x1f, 0xd8, 0x88, 0x8d, 0xf1, 0x1f,
    0xff, 0xff, 0xff, 0xf1, 0x1f, 0xff, 0xff, 0xff,
    0xf1, 0x1f, 0xff, 0xff, 0xff, 0xf1, 0x1f, 0xff,
    0xff, 0xff, 0xf1, 0x1f, 0xff, 0xff, 0xff, 0xf1,
    0xe, 0xff, 0xff, 0xff, 0xe0, 0x0, 0x11, 0x11,
    0x11, 0x0,

    /* U+F243 "" */
    0x0, 0x3, 0x55, 0x30, 0x0, 0x0, 0xa, 0xff,
    0x90, 0x0, 0x8, 0xbe, 0xff, 0xeb, 0x80, 0x1f,
    0xff, 0xff, 0xff, 0xf1, 0x1f, 0x90, 0x0, 0x9,
    0xf1, 0x1f, 0x90, 0x0, 0x9, 0xf1, 0x1f, 0x90,
    0x0, 0x9, 0xf1, 0x1f, 0x90, 0x0, 0x9, 0xf1,
    0x1f, 0x90, 0x0, 0x9, 0xf1, 0x1f, 0x90, 0x0,
    0x9, 0xf1, 0x1f, 0x90, 0x0, 0x9, 0xf1, 0x1f,
    0x90, 0x0, 0x9, 0xf1, 0x1f, 0x90, 0x0, 0x9,
    0xf1, 0x1f, 0x90, 0x0, 0x9, 0xf1, 0x1f, 0xff,
    0xff, 0xff, 0xf1, 0x1f, 0xff, 0xff, 0xff, 0xf1,
    0xf, 0xff, 0xff, 0xff, 0xf0, 0x3, 0x55, 0x55,
    0x55, 0x30,

    /* U+F244 "" */
    0x0, 0x3, 0x55, 0x30, 0x0, 0x0, 0xa, 0xff,
    0x90, 0x0, 0x8, 0xbe, 0xff, 0xeb, 0x80, 0x1f,
    0xff, 0xff, 0xff, 0xf1, 0x1f, 0x90, 0x0, 0x9,
    0xf1, 0x1f, 0x90, 0x0, 0x9, 0xf1, 0x1f, 0x90,
    0x0, 0x9, 0xf1, 0x1f, 0x90, 0x0, 0x9, 0xf1,
    0x1f, 0x90, 0x0, 0x9, 0xf1, 0x1f, 0x90, 0x0,
    0x9, 0xf1, 0x1f, 0x90, 0x0, 0x9, 0xf1, 0x1f,
    0x90, 0x0, 0x9, 0xf1, 0x1f, 0x90, 0x0, 0x9,
    0xf1, 0x1f, 0x90, 0x0, 0x9, 0xf1, 0x1f, 0x90,
    0x0, 0x9, 0xf1, 0x1f, 0xd8, 0x88, 0x8d, 0xf1,
    0xe, 0xff, 0xff, 0xff, 0xe0, 0x0, 0x11, 0x11,
    0x11, 0x0,

    /* U+F293 "" */
    0x0, 0x0, 0x6, 0x30, 0x0, 0x0, 0x0, 0x0,
    0xbf, 0x30, 0x0, 0x0, 0x0, 0xb, 0xff, 0x30,
    0x2, 0xc1, 0x0, 0xbf, 0xff, 0x30, 0x5f, 0xd1,
    0xb, 0xe3, 0xff, 0x30, 0x5f, 0xd1, 0xbe, 0xc,
    0xf7, 0x0, 0x5f, 0xdd, 0xfc, 0xf8, 0x0, 0x0,
    0x5f, 0xff, 0xf8, 0x0, 0x0, 0x0, 0x6f, 0xf9,
    0x0, 0x0, 0x0, 0xc, 0xff, 0xd1, 0x0, 0x0,
    0xc, 0xff, 0xff, 0xd1, 0x0, 0xc, 0xf8, 0xbe,
    0x5f, 0xd1, 0xc, 0xf8, 0xb, 0xe0, 0xcf, 0x97,
    0xf8, 0x0, 0xbe, 0xaf, 0xb0, 0x5, 0x0, 0xb,
    0xff, 0xb0, 0x0, 0x0, 0x0, 0xbf, 0xa0, 0x0,
    0x0, 0x0, 0xb, 0xa0, 0x0, 0x0, 0x0, 0x0,
    0x10, 0x0, 0x0,

    /* U+F2C9 "" */
    0x0, 0x1, 0x66, 0x10, 0x0, 0x0, 0x1d, 0xff,
    0xd1, 0x0, 0x0, 0x6f, 0x77, 0xf6, 0x0, 0x0,
    0x7f, 0x22, 0xf7, 0x0, 0x0, 0x7f, 0x2d, 0xf7,
    0x0, 0x0, 0x7f, 0x22, 0xf7, 0x0, 0x0, 0x7f,
    0x2a, 0xf7, 0x0, 0x0, 0x7f, 0x25, 0xf7, 0x0,
    0x0, 0x7f, 0xff, 0xf7, 0x0, 0x0, 0x8f, 0xff,
    0xf8, 0x0, 0x4, 0xff, 0xff, 0xff, 0x40, 0xd,
    0xff, 0xff, 0xff, 0xd0, 0x1f, 0xff, 0xff, 0xff,
    0xf1, 0x1f, 0xff, 0xff, 0xff, 0xf2, 0xd, 0xff,
    0xff, 0xff, 0xd0, 0x5, 0xff, 0xff, 0xff, 0x50,
    0x0, 0x5d, 0xff, 0xd5, 0x0, 0x0, 0x0, 0x22,
    0x0, 0x0,

    /* U+F2DC "" */
    0x0, 0x0, 0x0, 0x0, 0x58, 0x0, 0x0, 0x0,
    0x0, 0x0, 0x0, 0x7, 0x10, 0x9f, 0x0, 0x72,
    0x0, 0x0, 0x0, 0x0, 0x3f, 0xd1, 0x9f, 0x8,
    0xfb, 0x0, 0x0, 0x0, 0x0, 0x6, 0xfd, 0xbf,
    0x9f, 0xc0, 0x0, 0x0, 0x0, 0x95, 0x0, 0x6f,
    0xff, 0xfc, 0x0, 0xb, 0x20, 0x1, 0xef, 0x50,
    0x6, 0xff, 0xc0, 0x0, 0xcf, 0x70, 0x0, 0x2e,
    0xf4, 0x0, 0xaf, 0x10, 0xc, 0xf8, 0x0, 0x0,
    0x3, 0xef, 0x50, 0x9f, 0x11, 0xcf, 0x90, 0x0,
    0x1f, 0xff, 0xff, 0xff, 0xff, 0xff, 0xff, 0xff,
    0xf8, 0x9, 0x99, 0xef, 0xc9, 0xdf, 0x9a, 0xff,
    0xb9, 0x95, 0x0, 0x8, 0xfc, 0x0, 0x9f, 0x0,
    0x6f, 0xd1, 0x0, 0x0, 0x8f, 0xc0, 0x0, 0xcf,
    0x50, 0x6, 0xfd, 0x10, 0x1, 0xec, 0x0, 0xc,
    0xff, 0xf4, 0x0, 0x6f, 0x70, 0x0, 0x21, 0x0,
    0xcf, 0xef, 0xef, 0x50, 0x3, 0x0, 0x0, 0x0,
    0x1c, 0xf8, 0x9f, 0x3e, 0xf5, 0x0, 0x0, 0x0,
    0x0, 0x2e, 0x80, 0x9f, 0x2, 0xe9, 0x0, 0x0,
    0x0, 0x0, 0x1, 0x0, 0x9f, 0x0, 0x10, 0x0,
    0x0, 0x0, 0x0, 0x0, 0x0, 0x1, 0x0, 0x0,
    0x0, 0x0,

    /* U+F2E1 "" */
    0x0, 0x6, 0xff, 0xff, 0xff, 0x60, 0x0, 0x0,
    0x9, 0xff, 0xff, 0xff, 0x90, 0x0, 0x0, 0xb,
    0xff, 0xff, 0xff, 0xc0, 0x0, 0x0, 0xe, 0xff,
    0xff, 0xff, 0xe0, 0x0, 0x0, 0x1f, 0xff, 0xff,
    0xff, 0xf1, 0x0, 0x1, 0xdf, 0xb3, 0x0, 0x3b,
    0xfc, 0x10, 0xa, 0xf7, 0x0, 0x0, 0x0, 0x7f,
    0xa0, 0x3f, 0xa0, 0x0, 0x0, 0x0, 0xb, 0xf3,
    0x7f, 0x30, 0x0, 0x0, 0x0, 0x3, 0xf8, 0x9f,
    0x0, 0x0, 0x0, 0x0, 0x0, 0xfa, 0xaf, 0x0,
    0x0, 0x0, 0x0, 0x0, 0xf9, 0x7f, 0x30, 0x0,
    0x0, 0x0, 0x3, 0xf7, 0x3f, 0xb0, 0x0, 0x0,
    0x0, 0xb, 0xf1, 0xa, 0xf7, 0x0, 0x0, 0x0,
    0x7f, 0x90, 0x1, 0xdf, 0xb3, 0x0, 0x3a, 0xfc,
    0x0, 0x0, 0x1f, 0xff, 0xff, 0xff, 0xf1, 0x0,
    0x0, 0xe, 0xff, 0xff, 0xff, 0xe0, 0x0, 0x0,
    0xb, 0xff, 0xff, 0xff, 0xc0, 0x0, 0x0, 0x9,
    0xff, 0xff, 0xff, 0x90, 0x0, 0x0, 0x6, 0xff,
    0xff, 0xff, 0x60, 0x0,

    /* U+F34E "" */
    0x0, 0x0, 0x30, 0x0, 0x0, 0x0, 0x3, 0x0,
    0x0, 0x0, 0x9, 0xf4, 0x0, 0x0, 0x0, 0x6f,
    0x70, 0x0, 0x1, 0xbf, 0xa0, 0x48, 0xaa, 0x83,
    0x1c, 0xfa, 0x0, 0x1d, 0xf7, 0x3d, 0xff, 0xff,
    0xff, 0xb2, 0xaf, 0xc0, 0x9, 0x45, 0xff, 0x83,
    0x0, 0x3a, 0xfe, 0x37, 0x70, 0x0, 0x2f, 0xe2,
    0x0, 0x72, 0x0, 0x4f, 0xe1, 0x0, 0x0, 0xbf,
    0x30, 0x0, 0xe5, 0x0, 0x5, 0xf9, 0x0, 0x2,
    0xfa, 0x0, 0x0, 0xe5, 0x0, 0x0, 0xcf, 0x0,
    0x6, 0xf5, 0x0, 0x0, 0xe5, 0x0, 0x0, 0x7f,
    0x30, 0x7, 0xf3, 0x0, 0x0, 0xe5, 0x0, 0x0,
    0x5f, 0x40, 0x6, 0xf4, 0x0, 0x0, 0xbe, 0x60,
    0x0, 0x6f, 0x40, 0x4, 0xf7, 0x0, 0x0, 0x5,
    0xed, 0x30, 0xaf, 0x10, 0x0, 0xed, 0x0, 0x0,
    0x0, 0x8, 0x31, 0xfc, 0x0, 0x0, 0x7f, 0x90,
    0x0, 0x0, 0x0, 0xc, 0xf4, 0x0, 0x0, 0xb,
    0xfa, 0x10, 0x0, 0x2, 0xcf, 0x80, 0x0, 0x0,
    0x0, 0xaf, 0xfb, 0x88, 0xbf, 0xf8, 0x0, 0x0,
    0x0, 0x0, 0x4, 0xbf, 0xff, 0xfa, 0x30, 0x0,
    0x0, 0x0, 0x0, 0x0, 0x0, 0x11, 0x0, 0x0,
    0x0, 0x0,

    /* U+F364 "" */
    0x0, 0x0, 0x0, 0x0, 0x0, 0x0, 0x10, 0x0,
    0x0, 0x0, 0x0, 0x0, 0x0, 0x0, 0xa4, 0x0,
    0x0, 0x0, 0x0, 0x0, 0x0, 0x0, 0xbf, 0x40,
    0x0, 0xaf, 0xff, 0xff, 0xff, 0xff, 0xff, 0xf3,
    0x0, 0xbf, 0xbb, 0xbb, 0xbb, 0xbb, 0xef, 0xd1,
    0x0, 0xbe, 0x0, 0x0, 0x0, 0x0, 0xbd, 0x10,
    0x0, 0xbe, 0x0, 0x0, 0x0, 0x0, 0x91, 0x0,
    0x0, 0xbe, 0x0, 0x0, 0x0, 0x0, 0x0, 0x0,
    0x0, 0x0, 0x0, 0x0, 0x0, 0x0, 0x0, 0x0,
    0x0, 0x0, 0x0, 0x0, 0x0, 0x0, 0x34, 0x0,
    0x0, 0x1, 0x0, 0x0, 0x0, 0x0, 0xbe, 0x0,
    0x0, 0x2d, 0x0, 0x0, 0x0, 0x0, 0xbe, 0x0,
    0x2, 0xee, 0x0, 0x0, 0x0, 0x0, 0xbe, 0x0,
    0x2e, 0xff, 0xff, 0xff, 0xff, 0xff, 0xfe, 0x0,
    0xb, 0xff, 0xbb, 0xbb, 0xbb, 0xbb, 0xba, 0x0,
    0x0, 0xbe, 0x0, 0x0, 0x0, 0x0, 0x0, 0x0,
    0x0, 0xa, 0x0, 0x0, 0x0, 0x0, 0x0, 0x0,
    0x0, 0x0, 0x0, 0x0, 0x0, 0x0, 0x0, 0x0,

    /* U+F376 "" */
    0x0, 0x5, 0x88, 0x60, 0x0, 0x0, 0xa, 0xff,
    0xb0, 0x0, 0xb, 0xef, 0xff, 0xfe, 0xb0, 0x2f,
    0xff, 0xff, 0xff, 0xf2, 0x2f, 0xff, 0xff, 0xff,
    0xf3, 0x2f, 0xff, 0xf8, 0xff, 0xf3, 0x2f, 0xff,
    0xd2, 0xff, 0xf3, 0x2f, 0xff, 0x52, 0xff, 0xf3,
    0x2f, 0xfd, 0x2, 0xff, 0xf3, 0x2f, 0xf4, 0x0,
    0x3c, 0xf3, 0x2f, 0xc0, 0x0, 0x2f, 0xf3, 0x2f,
    0xff, 0x20, 0xaf, 0xf3, 0x2f, 0xff, 0x33, 0xff,
    0xf3, 0x2f, 0xff, 0x3b, 0xff, 0xf3, 0x2f, 0xff,
    0x6f, 0xff, 0xf3, 0x2f, 0xff, 0xef, 0xff, 0xf3,
    0x1f, 0xff, 0xff, 0xff, 0xf1, 0x2, 0x44, 0x44,
    0x44, 0x20,

    /* U+F377 "" */
    0x0, 0x1, 0x11, 0x10, 0x0, 0x0, 0x9, 0xff,
    0x90, 0x0, 0x4, 0x7c, 0xff, 0xc7, 0x40, 0xf,
    0xff, 0xff, 0xff, 0xf0, 0x1f, 0xff, 0xff, 0xff,
    0xf1, 0x1f, 0xff, 0xff, 0xff, 0xf1, 0x1f, 0xf7,
    0x22, 0x8f, 0xf1, 0x1f, 0xc0, 0xff, 0xc, 0xf1,
    0x1f, 0xed, 0xfe, 0xa, 0xf1, 0x1f, 0xff, 0xf4,
    0x3f, 0xf1, 0x1f, 0xff, 0xa2, 0xff, 0xf1, 0x1f,
    0xff, 0xdd, 0xff, 0xf1, 0x1f, 0xff, 0x66, 0xff,
    0xf1, 0x1f, 0xff, 0x55, 0xff, 0xf1, 0x1f, 0xff,
    0xff, 0xff, 0xf1, 0x1f, 0xff, 0xff, 0xff, 0xf1,
    0xf, 0xff, 0xff, 0xff, 0xf0, 0x2, 0x55, 0x55,
    0x54, 0x20,

    /* U+F3C5 "" */
    0x0, 0x0, 0x1, 0x10, 0x0, 0x0, 0x0, 0x19,
    0xef, 0xfe, 0x91, 0x0, 0x2, 0xdf, 0xff, 0xff,
    0xfd, 0x20, 0xd, 0xff, 0xff, 0xff, 0xff, 0xd0,
    0x6f, 0xff, 0xfb, 0xbf, 0xff, 0xf6, 0xaf, 0xff,
    0x50, 0x5, 0xff, 0xfb, 0xcf, 0xff, 0x0, 0x0,
    0xff, 0xfc, 0xbf, 0xff, 0x20, 0x2, 0xff, 0xfb,
    0x8f, 0xff, 0xd5, 0x5d, 0xff, 0xf8, 0x2f, 0xff,
    0xff, 0xff, 0xff, 0xf2, 0xc, 0xff, 0xff, 0xff,
    0xff, 0xb0, 0x4, 0xff, 0xff, 0xff, 0xff, 0x30,
    0x0, 0xbf, 0xff, 0xff, 0xfa, 0x0, 0x0, 0x1e,
    0xff, 0xff, 0xe1, 0x0, 0x0, 0x5, 0xff, 0xff,
    0x50, 0x0, 0x0, 0x0, 0xaf, 0xfa, 0x0, 0x0,
    0x0, 0x0, 0xc, 0xd0, 0x0, 0x0, 0x0, 0x0,
    0x1, 0x20, 0x0, 0x0,

    /* U+F4DA "" */
    0x0, 0x0, 0x0, 0x15, 0x77, 0x51, 0x0, 0x0,
    0x0, 0x0, 0x0, 0x2a, 0xff, 0xff, 0xff, 0xb3,
    0x0, 0x0, 0x0, 0x4, 0xff, 0xa5, 0x32, 0x59,
    0xff, 0x60, 0x0, 0x0, 0x4f, 0xe3, 0x0, 0x0,
    0x0, 0x2d, 0xf6, 0x0, 0x1, 0xee, 0x20, 0x0,
    0x0, 0x0, 0x1, 0xdf, 0x20, 0x8, 0xf5, 0x2,
    0x30, 0x0, 0x3, 0x30, 0x2f, 0xb0, 0xe, 0xd0,
    0xf, 0xf4, 0x0, 0x2f, 0xf2, 0xa, 0xf1, 0x1f,
    0x80, 0xd, 0xf3, 0x0, 0x1e, 0xe1, 0x6, 0xf4,
    0x3f, 0x70, 0x0, 0x10, 0x0, 0x0, 0x0, 0x4,
    0xf5, 0x2f, 0x70, 0x0, 0x0, 0x0, 0x0, 0x0,
    0x4, 0xf5, 0xf, 0xa0, 0x7, 0x30, 0x0, 0x1,
    0x81, 0x7, 0xf3, 0xc, 0xe0, 0x9, 0xe4, 0x0,
    0x2c, 0xb0, 0xd, 0xe0, 0x5, 0xf8, 0x0, 0x8f,
    0xee, 0xfa, 0x0, 0x6f, 0x80, 0x0, 0xcf, 0x60,
    0x1, 0x45, 0x20, 0x4, 0xfd, 0x0, 0x0, 0x1d,
    0xf9, 0x10, 0x0, 0x0, 0x7f, 0xe2, 0x0, 0x0,
    0x1, 0xbf, 0xfb, 0x88, 0xae, 0xfd, 0x20, 0x0,
    0x0, 0x0, 0x5, 0xbf, 0xff, 0xfc, 0x60, 0x0,
    0x0, 0x0, 0x0, 0x0, 0x0, 0x11, 0x0, 0x0,
    0x0, 0x0,

    /* U+F530 "" */
    0x0, 0x0, 0x0, 0x0, 0x12, 0x20, 0x0, 0x0,
    0x0, 0x0, 0x0, 0x0, 0x39, 0xef, 0xff, 0xfc,
    0x70, 0x0, 0x0, 0x0, 0x0, 0x9f, 0xff, 0xfe,
    0xff, 0xff, 0xe5, 0x0, 0x0, 0x1, 0xdf, 0xff,
    0x91, 0x0, 0x4d, 0xff, 0xf7, 0x0, 0x0, 0xcf,
    0xff, 0x80, 0x3, 0x20, 0x1d, 0xff, 0xf6, 0x0,
    0x8f, 0xff, 0xe0, 0x1d, 0xff, 0x70, 0x5f, 0xff,
    0xf2, 0x1f, 0xff, 0xfa, 0x9, 0xff, 0xff, 0x21,
    0xff, 0xff, 0xa3, 0xff, 0xff, 0xa0, 0xaf, 0xff,
    0xf3, 0x1f, 0xff, 0xfc, 0xb, 0xff, 0xfe, 0x4,
    0xff, 0xfd, 0x5, 0xff, 0xff, 0x40, 0x1e, 0xff,
    0xf7, 0x4, 0xa9, 0x11, 0xdf, 0xff, 0x90, 0x0,
    0x3e, 0xff, 0xf8, 0x10, 0x3, 0xdf, 0xff, 0xa0,
    0x0, 0x0, 0x1b, 0xff, 0xff, 0xee, 0xff, 0xff,
    0x70, 0x0, 0x0, 0x0, 0x4, 0xaf, 0xff, 0xff,
    0xd8, 0x10, 0x0, 0x0, 0x0, 0x0, 0x0, 0x2,
    0x32, 0x10, 0x0, 0x0, 0x0,

    /* U+F556 "" */
    0x0, 0x0, 0x0, 0x15, 0x77, 0x51, 0x0, 0x0,
    0x0, 0x0, 0x0, 0x2a, 0xff, 0xff, 0xff, 0xb3,
    0x0, 0x0, 0x0, 0x4, 0xff, 0xa5, 0x32, 0x59,
    0xff, 0x60, 0x0, 0x0, 0x4f, 0xe3, 0x0, 0x0,
    0x0, 0x2d, 0xf6, 0x0, 0x1, 0xee, 0x20, 0x0,
    0x0, 0x0, 0x1, 0xdf, 0x20, 0x8, 0xf5, 0x2,
    0x30, 0x0, 0x3, 0x30, 0x2f, 0xb0, 0xe, 0xd0,
    0xf, 0xf4, 0x0, 0x2f, 0xf2, 0xa, 0xf1, 0x1f,
    0x80, 0xd, 0xf3, 0x0, 0x1e, 0xe1, 0x6, 0xf4,
    0x3f, 0x70, 0x0, 0x10, 0x0, 0x0, 0x0, 0x4,
    0xf5, 0x2f, 0x70, 0x0, 0x0, 0x0, 0x0, 0x0,
    0x4, 0xf5, 0xf, 0xa0, 0x0, 0x0, 0x0, 0x0,
    0x0, 0x7, 0xf3, 0xc, 0xe0, 0x0, 0x4c, 0xff,
    0xd5, 0x0, 0xd, 0xe0, 0x5, 0xf8, 0x5, 0xff,
    0xff, 0xff, 0x70, 0x6f, 0x80, 0x0, 0xcf, 0x6b,
    0xcc, 0xcc, 0xcc, 0xc5, 0xfd, 0x0, 0x0, 0x1d,
    0xf9, 0x10, 0x0, 0x0, 0x7f, 0xe2, 0x0, 0x0,
    0x1, 0xbf, 0xfb, 0x88, 0xae, 0xfd, 0x20, 0x0,
    0x0, 0x0, 0x5, 0xbf, 0xff, 0xfc, 0x60, 0x0,
    0x0, 0x0, 0x0, 0x0, 0x0, 0x11, 0x0, 0x0,
    0x0, 0x0,

    /* U+F579 "" */
    0x0, 0x0, 0x0, 0x15, 0x77, 0x51, 0x0, 0x0,
    0x0, 0x0, 0x0, 0x2a, 0xff, 0xff, 0xff, 0xb3,
    0x0, 0x0, 0x0, 0x4, 0xff, 0xff, 0xff, 0xff,
    0xff, 0x60, 0x0, 0x0, 0x4f, 0xff, 0xff, 0xff,
    0xff, 0xff, 0xf6, 0x0, 0x1, 0xef, 0xff, 0x74,
    0xff, 0xff, 0xff, 0xff, 0x20, 0x8, 0xff, 0xfc,
    0x0, 0x3d, 0xff, 0xff, 0xff, 0xb0, 0xe, 0xff,
    0xc1, 0x0, 0x0, 0x6c, 0xff, 0xff, 0xf1, 0x1f,
    0xf8, 0x0, 0x0, 0x0, 0x0, 0x1, 0x6, 0xf4,
    0x3f, 0x60, 0x0, 0x20, 0x0, 0x2, 0x0, 0x4,
    0xf5, 0x2f, 0x70, 0x3, 0xfa, 0x0, 0x3f, 0xa0,
    0x4, 0xf5, 0xf, 0xa0, 0x1, 0xc6, 0x0, 0x1c,
    0x60, 0x7, 0xf3, 0xc, 0xe0, 0x0, 0x0, 0x0,
    0x0, 0x0, 0xd, 0xe0, 0x5, 0xf8, 0x0, 0x0,
    0x0, 0x0, 0x0, 0x6f, 0x80, 0x0, 0xcf, 0x60,
    0x0, 0x0, 0x0, 0x4, 0xfd, 0x0, 0x0, 0x1d,
    0xf9, 0x10, 0x0, 0x0, 0x7f, 0xe2, 0x0, 0x0,
    0x1, 0xbf, 0xfb, 0x88, 0xae, 0xfd, 0x20, 0x0,
    0x0, 0x0, 0x5, 0xbf, 0xff, 0xfc, 0x60, 0x0,
    0x0, 0x0, 0x0, 0x0, 0x0, 0x11, 0x0, 0x0,
    0x0, 0x0,

    /* U+F584 "" */
    0x0, 0x2, 0x67, 0x50, 0x0, 0x4, 0x76, 0x20,
    0x0, 0x0, 0x8f, 0xff, 0xfe, 0x53, 0xdf, 0xff,
    0xfa, 0x0, 0x7, 0xff, 0xff, 0xff, 0xff, 0xff,
    0xff, 0xff, 0x90, 0xe, 0xff, 0xff, 0xff, 0xff,
    0xff, 0xff, 0xff, 0xf2, 0x2f, 0xff, 0xff, 0xff,
    0xff, 0xff, 0xff, 0xff, 0xf5, 0x3f, 0xff, 0xff,
    0xff, 0xff, 0xff, 0xff, 0xff, 0xf5, 0xf, 0xff,
    0xff, 0xff, 0xff, 0xff, 0xff, 0xff, 0xf2, 0xa,
    0xff, 0xff, 0xff, 0xff, 0xff, 0xff, 0xff, 0xc0,
    0x2, 0xff, 0xff, 0xff, 0xff, 0xff, 0xff, 0xff,
    0x30, 0x0, 0x5f, 0xff, 0xff, 0xff, 0xff, 0xff,
    0xf8, 0x0, 0x0, 0x7, 0xff, 0xff, 0xff, 0xff,
    0xff, 0xa0, 0x0, 0x0, 0x0, 0x8f, 0xff, 0xff,
    0xff, 0xfb, 0x0, 0x0, 0x0, 0x0, 0x8, 0xff,
    0xff, 0xff, 0xa0, 0x0, 0x0, 0x0, 0x0, 0x0,
    0x6f, 0xff, 0xf9, 0x0, 0x0, 0x0, 0x0, 0x0,
    0x0, 0x5, 0xff, 0x80, 0x0, 0x0, 0x0, 0x0,
    0x0, 0x0, 0x0, 0x46, 0x0, 0x0, 0x0, 0x0,

    /* U+F588 "" */
    0x0, 0x0, 0x0, 0x15, 0x77, 0x51, 0x0, 0x0,
    0x0, 0x0, 0x0, 0x2a, 0xff, 0xff, 0xff, 0xb3,
    0x0, 0x0, 0x0, 0x4, 0xff, 0xa5, 0x32, 0x59,
    0xff, 0x60, 0x0, 0x0, 0x4f, 0xe3, 0x0, 0x0,
    0x0, 0x2d, 0xf6, 0x0, 0x1, 0xee, 0x20, 0x0,
    0x0, 0x0, 0x1, 0xdf, 0x20, 0x8, 0xf5, 0x2,
    0x30, 0x0, 0x3, 0x30, 0x2f, 0xb0, 0xe, 0xd0,
    0xf, 0xf4, 0x0, 0x2f, 0xf2, 0xa, 0xf1, 0x1f,
    0x80, 0xd, 0xf3, 0x0, 0x1e, 0xe1, 0x6, 0xf4,
    0x3f, 0x70, 0x0, 0x10, 0x0, 0x0, 0x0, 0x4,
    0xf5, 0x2f, 0x70, 0x0, 0x0, 0x0, 0x0, 0x0,
    0x4, 0xf5, 0xf, 0xa0, 0x1, 0x11, 0x11, 0x11,
    0x10, 0x7, 0xf3, 0xc, 0xe0, 0xd, 0xff, 0xff,
    0xff, 0xe1, 0xd, 0xe0, 0x5, 0xf8, 0x2, 0xef,
    0xff, 0xff, 0x40, 0x6f, 0x80, 0x0, 0xcf, 0x60,
    0x7, 0xbb, 0x81, 0x4, 0xfd, 0x0, 0x0, 0x1d,
    0xf9, 0x10, 0x0, 0x0, 0x7f, 0xe2, 0x0, 0x0,
    0x1, 0xbf, 0xfb, 0x88, 0xae, 0xfd, 0x20, 0x0,
    0x0, 0x0, 0x5, 0xbf, 0xff, 0xfc, 0x60, 0x0,
    0x0, 0x0, 0x0, 0x0, 0x0, 0x11, 0x0, 0x0,
    0x0, 0x0,

    /* U+F598 "" */
    0x0, 0x2, 0x68, 0x61, 0x0, 0x5, 0x77, 0x30,
    0x0, 0x0, 0x8f, 0xff, 0xff, 0x53, 0xef, 0xff,
    0xfa, 0x0, 0x7, 0xfc, 0x42, 0x6e, 0xff, 0xf7,
    0x34, 0xbf, 0xa0, 0xf, 0xd0, 0x0, 0x1, 0xff,
    0x30, 0x0, 0xb, 0xf2, 0x3f, 0x80, 0x0, 0x0,
    0x11, 0x0, 0x0, 0x5, 0xf5, 0x3f, 0x70, 0x0,
    0x0, 0x0, 0x0, 0x0, 0x4, 0xf5, 0xf, 0xb0,
    0x0, 0x0, 0x0, 0x0, 0x0, 0x8, 0xf3, 0x9,
    0xf3, 0x0, 0x0, 0x0, 0x0, 0x0, 0x1f, 0xd0,
    0x1, 0xee, 0x10, 0x0, 0x0, 0x0, 0x0, 0xcf,
    0x40, 0x0, 0x5f, 0xc0, 0x0, 0x0, 0x0, 0xb,
    0xf7, 0x0, 0x0, 0x8, 0xfc, 0x0, 0x0, 0x0,
    0xaf, 0x90, 0x0, 0x0, 0x0, 0x9f, 0xc1, 0x0,
    0xa, 0xfa, 0x0, 0x0, 0x0, 0x0, 0x8, 0xfd,
    0x20, 0xbf, 0x90, 0x0, 0x0, 0x0, 0x0, 0x0,
    0x6f, 0xed, 0xf8, 0x0, 0x0, 0x0, 0x0, 0x0,
    0x0, 0x5, 0xff, 0x70, 0x0, 0x0, 0x0, 0x0,
    0x0, 0x0, 0x0, 0x35, 0x0, 0x0, 0x0, 0x0,

    /* U+F59B "" */
    0x0, 0x0, 0x0, 0x15, 0x77, 0x51, 0x0, 0x0,
    0x0, 0x0, 0x0, 0x2a, 0xff, 0xff, 0xff, 0xb3,
    0x0, 0x0, 0x0, 0x4, 0xff, 0xa5, 0x32, 0x59,
    0xff, 0x60, 0x0, 0x0, 0x4f, 0xe3, 0x0, 0x0,
    0x0, 0x2d, 0xf6, 0x0, 0x1, 0xee, 0x20, 0x0,
    0x0, 0x0, 0x1, 0xdf, 0x20, 0x8, 0xf5, 0x2,
    0x30, 0x0, 0x3, 0x30, 0x2f, 0xb0, 0xe, 0xd0,
    0xf, 0xf4, 0x0, 0x2f, 0xf2, 0xa, 0xf1, 0x1f,
    0x80, 0xd, 0xf3, 0x0, 0x1e, 0xe1, 0x6, 0xf4,
    0x3f, 0x70, 0x0, 0x10, 0x0, 0x0, 0x0, 0x4,
    0xf5, 0x2f, 0x70, 0x0, 0x0, 0x0, 0x0, 0x0,
    0x4, 0xf5, 0xf, 0xa0, 0x5, 0x55, 0x55, 0x55,
    0x50, 0x7, 0xf3, 0xc, 0xe0, 0xb, 0xff, 0xff,
    0xff, 0xd0, 0xd, 0xe0, 0x5, 0xf8, 0x1, 0xef,
    0xff, 0xff, 0x30, 0x6f, 0x80, 0x0, 0xcf, 0x60,
    0x19, 0xee, 0xa2, 0x4, 0xfd, 0x0, 0x0, 0x1d,
    0xf9, 0x10, 0x0, 0x0, 0x7f, 0xe2, 0x0, 0x0,
    0x1, 0xbf, 0xfb, 0x88, 0xae, 0xfd, 0x20, 0x0,
    0x0, 0x0, 0x5, 0xbf, 0xff, 0xfc, 0x60, 0x0,
    0x0, 0x0, 0x0, 0x0, 0x0, 0x11, 0x0, 0x0,
    0x0, 0x0,

    /* U+F5A4 "" */
    0x0, 0x0, 0x0, 0x15, 0x77, 0x51, 0x0, 0x0,
    0x0, 0x0, 0x0, 0x2a, 0xff, 0xff, 0xff, 0xb3,
    0x0, 0x0, 0x0, 0x4, 0xff, 0xa5, 0x32, 0x59,
    0xff, 0x60, 0x0, 0x0, 0x4f, 0xe3, 0x0, 0x0,
    0x0, 0x2d, 0xf6, 0x0, 0x1, 0xee, 0x20, 0x0,
    0x0, 0x0, 0x1, 0xdf, 0x20, 0x8, 0xf5, 0x2,
    0x30, 0x0, 0x3, 0x30, 0x2f, 0xb0, 0xe, 0xd0,
    0xf, 0xf4, 0x0, 0x2f, 0xf2, 0xa, 0xf1, 0x1f,
    0x80, 0xd, 0xf3, 0x0, 0x1e, 0xe1, 0x6, 0xf4,
    0x3f, 0x70, 0x0, 0x10, 0x0, 0x0, 0x0, 0x4,
    0xf5, 0x2f, 0x70, 0x0, 0x0, 0x0, 0x0, 0x0,
    0x4, 0xf5, 0xf, 0xa0, 0x0, 0x0, 0x0, 0x0,
    0x0, 0x7, 0xf3, 0xc, 0xe0, 0x0, 0x0, 0x0,
    0x0, 0x0, 0xd, 0xe0, 0x5, 0xf8, 0x0, 0x5d,
    0xdd, 0xd7, 0x0, 0x6f, 0x80, 0x0, 0xcf, 0x60,
    0x0, 0x0, 0x0, 0x4, 0xfd, 0x0, 0x0, 0x1d,
    0xf9, 0x10, 0x0, 0x0, 0x7f, 0xe2, 0x0, 0x0,
    0x1, 0xbf, 0xfb, 0x88, 0xae, 0xfd, 0x20, 0x0,
    0x0, 0x0, 0x5, 0xbf, 0xff, 0xfc, 0x60, 0x0,
    0x0, 0x0, 0x0, 0x0, 0x0, 0x11, 0x0, 0x0,
    0x0, 0x0,

    /* U+F5B3 "" */
    0x0, 0x0, 0x0, 0x15, 0x77, 0x51, 0x0, 0x0,
    0x0, 0x0, 0x0, 0x2a, 0xff, 0xff, 0xff, 0xb3,
    0x0, 0x0, 0x0, 0x4, 0xff, 0xa5, 0x32, 0x59,
    0xff, 0x60, 0x0, 0x0, 0x4f, 0xe3, 0x0, 0x0,
    0x0, 0x2d, 0xf6, 0x0, 0x1, 0xee, 0x20, 0x0,
    0x0, 0x0, 0x1, 0xdf, 0x20, 0x8, 0xf5, 0x2,
    0x30, 0x0, 0x3, 0x30, 0x2f, 0xb0, 0xe, 0xd0,
    0xf, 0xf4, 0x0, 0x2f, 0xf2, 0xa, 0xf1, 0x1f,
    0x80, 0xd, 0xf3, 0x0, 0x1e, 0xe1, 0x6, 0xf4,
    0x3f, 0x70, 0x0, 0x10, 0x0, 0x0, 0x0, 0x4,
    0xf5, 0x2f, 0x70, 0x0, 0x0, 0x0, 0x0, 0x0,
    0x4, 0xf5, 0xf, 0xa0, 0x0, 0x0, 0x34, 0x10,
    0x0, 0x7, 0xf3, 0xc, 0xe0, 0x0, 0x7f, 0xff,
    0xf9, 0x0, 0xd, 0xe0, 0x5, 0xf8, 0x8, 0xe5,
    0x0, 0x3d, 0xb0, 0x6f, 0x80, 0x0, 0xcf, 0x68,
    0x30, 0x0, 0x1, 0x85, 0xfd, 0x0, 0x0, 0x1d,
    0xf9, 0x10, 0x0, 0x0, 0x7f, 0xe2, 0x0, 0x0,
    0x1, 0xbf, 0xfb, 0x88, 0xae, 0xfd, 0x20, 0x0,
    0x0, 0x0, 0x5, 0xbf, 0xff, 0xfc, 0x60, 0x0,
    0x0, 0x0, 0x0, 0x0, 0x0, 0x11, 0x0, 0x0,
    0x0, 0x0,

    /* U+F68C "" */
    0x0, 0x0, 0x0, 0x0, 0x0, 0x0, 0x0, 0x0,
    0x0, 0x0, 0x0, 0x0, 0x0, 0x0, 0x0, 0x0,
    0x0, 0x85, 0x0, 0x0, 0x0, 0x0, 0x0, 0x0,
    0x0, 0x8, 0xf5, 0x0, 0x0, 0x0, 0x0, 0x0,
    0x0, 0x0, 0x8f, 0xf5, 0x0, 0x0, 0x0, 0x0,
    0x0, 0x0, 0x8, 0xff, 0xf5, 0x0, 0x0, 0x0,
    0x0, 0x0, 0x0, 0x8f, 0xff, 0xf5, 0x0, 0x0,
    0x0, 0x0, 0x0, 0x8, 0xff, 0xff, 0xf5, 0x0,
    0x0, 0x0, 0x0, 0x0, 0x8f, 0xff, 0xff, 0xf5,
    0x0, 0x0, 0x0, 0x0, 0x8, 0xff, 0xff, 0xff,
    0xf5, 0x0, 0x0, 0x0, 0x0, 0x8f, 0xff, 0xff,
    0xff, 0xf5, 0x0, 0x0, 0x0, 0x8, 0xff, 0xff,
    0xff, 0xff, 0xf5, 0x0, 0x0, 0x0, 0x8f, 0xff,
    0xff, 0xff, 0xff, 0xf5, 0x0, 0x0, 0x8, 0xff,
    0xff, 0xff, 0xff, 0xff, 0xf5, 0x0, 0x0, 0x8f,
    0xff, 0xff, 0xff, 0xff, 0xff, 0xf5, 0x0, 0x8,
    0xff, 0xff, 0xff, 0xff, 0xff, 0xff, 0xf5, 0x0,
    0x8f, 0xff, 0xff, 0xff, 0xff, 0xff, 0xff, 0xf5,
    0x8, 0xff, 0xff, 0xff, 0xff, 0xff, 0xff, 0xff,
    0xf5, 0x4, 0x44, 0x44, 0x44, 0x44, 0x44, 0x44,
    0x44, 0x41,

    /* U+F68D "" */
    0x11, 0x1e, 0xf9, 0xef, 0x9e, 0xf9, 0xef, 0x9d,
    0xe8,

    /* U+F68E "" */
    0x0, 0x0, 0x4, 0x42, 0x0, 0x0, 0xe, 0xf9,
    0x0, 0x0, 0xe, 0xf9, 0x0, 0x0, 0xe, 0xf9,
    0x11, 0x10, 0xe, 0xf9, 0xef, 0x90, 0xe, 0xf9,
    0xef, 0x90, 0xe, 0xf9, 0xef, 0x90, 0xe, 0xf9,
    0xef, 0x90, 0xe, 0xf9, 0xde, 0x80, 0xd, 0xe8,

    /* U+F68F "" */
    0x0, 0x0, 0x0, 0x0, 0x0, 0x67, 0x40, 0x0,
    0x0, 0x0, 0x0, 0xe, 0xf9, 0x0, 0x0, 0x0,
    0x0, 0x0, 0xef, 0x90, 0x0, 0x0, 0x0, 0x0,
    0xe, 0xf9, 0x0, 0x0, 0x4, 0x42, 0x0, 0xef,
    0x90, 0x0, 0x0, 0xef, 0x90, 0xe, 0xf9, 0x0,
    0x0, 0xe, 0xf9, 0x0, 0xef, 0x90, 0x0, 0x0,
    0xef, 0x90, 0xe, 0xf9, 0x11, 0x10, 0xe, 0xf9,
    0x0, 0xef, 0x9e, 0xf9, 0x0, 0xef, 0x90, 0xe,
    0xf9, 0xef, 0x90, 0xe, 0xf9, 0x0, 0xef, 0x9e,
    0xf9, 0x0, 0xef, 0x90, 0xe, 0xf9, 0xef, 0x90,
    0xe, 0xf9, 0x0, 0xef, 0x9d, 0xe8, 0x0, 0xde,
    0x80, 0xd, 0xe8,

    /* U+F695 "" */
    0x0, 0x0, 0x0, 0x0, 0x0, 0x0, 0x0, 0x0,
    0x0, 0x0, 0x0, 0x0, 0x0, 0x0, 0x0, 0x0,
    0x0, 0x3, 0x70, 0x0, 0x0, 0x0, 0x0, 0x0,
    0x0, 0x0, 0x3, 0xf8, 0x0, 0x0, 0x0, 0x0,
    0x0, 0x0, 0x0, 0x3, 0xff, 0x80, 0x0, 0xb,
    0xb0, 0x0, 0x0, 0x0, 0x3, 0xff, 0xf8, 0x0,
    0x0, 0x6f, 0xb0, 0x0, 0x0, 0x3, 0xff, 0xff,
    0x80, 0x0, 0x0, 0x6f, 0xb0, 0x0, 0x3, 0xff,
    0xff, 0xf8, 0x0, 0x0, 0x0, 0x6f, 0xb0, 0x3,
    0xff, 0xff, 0xff, 0x80, 0x0, 0x0, 0x0, 0x6f,
    0xb0, 0x3e, 0xff, 0xff, 0xf8, 0x0, 0x0, 0x0,
    0x0, 0x6f, 0xb0, 0x3f, 0xff, 0xff, 0x80, 0x0,
    0x0, 0x0, 0x3, 0xff, 0xb0, 0x3f, 0xff, 0xf8,
    0x0, 0x0, 0x0, 0x3, 0xff, 0xff, 0xb0, 0x3f,
    0xff, 0x80, 0x0, 0x0, 0x3, 0xff, 0xff, 0xff,
    0xb0, 0x3f, 0xf8, 0x0, 0x0, 0x3, 0xff, 0xff,
    0xff, 0xff, 0xb0, 0x3f, 0x80, 0x0, 0x3, 0xff,
    0xff, 0xff, 0xff, 0xff, 0xa0, 0x37, 0x0, 0x3,
    0xff, 0xff, 0xff, 0xff, 0xff, 0xff, 0xa0, 0x0,
    0x3, 0xff, 0xff, 0xff, 0xff, 0xff, 0xff, 0xff,
    0xa0, 0x0, 0x78, 0x88, 0x88, 0x88, 0x88, 0x88,
    0x88, 0x9f, 0xa0, 0x0, 0x0, 0x0, 0x0, 0x0,
    0x0, 0x0, 0x0, 0x6d, 0x10, 0x0, 0x0, 0x0,
    0x0, 0x0, 0x0, 0x0, 0x0, 0x0,

    /* U+F6A8 "" */
    0x0, 0x0, 0x0, 0x1, 0x0, 0x0, 0x0, 0x0,
    0x0, 0x69, 0x0, 0x0, 0x0, 0x0, 0x6, 0xf9,
    0x0, 0x0, 0x0, 0x0, 0x6f, 0xf9, 0x0, 0x0,
    0x44, 0x47, 0xff, 0xf9, 0xb, 0x10, 0xef, 0xff,
    0xff, 0xf9, 0xe, 0xa0, 0xef, 0xff, 0xff, 0xf9,
    0xe, 0xf1, 0xef, 0xff, 0xff, 0xf9, 0xe, 0xf2,
    0xef, 0xff, 0xff, 0xf9, 0xe, 0xe0, 0xab, 0xbd,
    0xff, 0xf9, 0xe, 0x60, 0x0, 0x0, 0xcf, 0xf9,
    0x4, 0x0, 0x0, 0x0, 0xc, 0xf9, 0x0, 0x0,
    0x0, 0x0, 0x0, 0xc9, 0x0, 0x0, 0x0, 0x0,
    0x0, 0x5, 0x0, 0x0,

    /* U+F6A9 "" */
    0x1, 0x0, 0x0, 0x0, 0x0, 0x0, 0x0, 0x0,
    0x3f, 0x50, 0x0, 0x1, 0x4, 0xd6, 0x0, 0x0,
    0xb, 0xf5, 0x0, 0x1d, 0x3, 0xff, 0xc1, 0x0,
    0x0, 0xbf, 0x50, 0x7f, 0x0, 0x19, 0xfc, 0x0,
    0x0, 0xb, 0xf5, 0x8, 0x0, 0x0, 0x8f, 0x80,
    0x24, 0x45, 0xef, 0x50, 0x4, 0x70, 0xd, 0xf0,
    0x8f, 0xff, 0xff, 0xf5, 0x4, 0xf3, 0x6, 0xf4,
    0x8f, 0xff, 0xff, 0xff, 0x50, 0x8a, 0x3, 0xf7,
    0x8f, 0xff, 0xff, 0xff, 0xf5, 0x4, 0x3, 0xf7,
    0x8f, 0xff, 0xff, 0xff, 0xbf, 0x50, 0x5, 0xf5,
    0x5b, 0xbb, 0xff, 0xff, 0xb, 0xf5, 0x6, 0xf1,
    0x0, 0x0, 0x6f, 0xff, 0x0, 0xbf, 0x50, 0x50,
    0x0, 0x0, 0x6, 0xff, 0x0, 0xc, 0xf5, 0x0,
    0x0, 0x0, 0x0, 0x6f, 0x1, 0x8f, 0xff, 0x50,
    0x0, 0x0, 0x0, 0x6, 0x5, 0xfc, 0x3b, 0xf3,
    0x0, 0x0, 0x0, 0x0, 0x2, 0x30, 0x0, 0x70,

    /* U+F6AA "" */
    0x5, 0xaa, 0x50, 0x9f, 0xff, 0xf9, 0x1d, 0xff,
    0xd1, 0x1, 0xdd, 0x10, 0x0, 0x11, 0x0,

    /* U+F6AB "" */
    0x0, 0x0, 0x47, 0x99, 0x73, 0x0, 0x0, 0x0,
    0x6e, 0xff, 0xff, 0xff, 0xe6, 0x0, 0x1b, 0xff,
    0xff, 0xee, 0xff, 0xff, 0xb1, 0x2e, 0xfd, 0x61,
    0x0, 0x16, 0xdf, 0xe2, 0x2, 0x90, 0x0, 0x0,
    0x0, 0x9, 0x20, 0x0, 0x0, 0x5, 0x99, 0x50,
    0x0, 0x0, 0x0, 0x0, 0x9f, 0xff, 0xf9, 0x0,
    0x0, 0x0, 0x0, 0x2e, 0xff, 0xe2, 0x0, 0x0,
    0x0, 0x0, 0x2, 0xee, 0x20, 0x0, 0x0, 0x0,
    0x0, 0x0, 0x22, 0x0, 0x0, 0x0,

    /* U+F6AC "" */
    0x0, 0x30, 0x0, 0x0, 0x0, 0x0, 0x0, 0x0,
    0x0, 0x0, 0x1, 0xfb, 0x0, 0x0, 0x0, 0x0,
    0x0, 0x0, 0x0, 0x0, 0x0, 0x5f, 0xb0, 0x0,
    0x24, 0x43, 0x0, 0x0, 0x0, 0x0, 0x0, 0x5,
    0xfb, 0x2, 0xef, 0xff, 0xfc, 0x71, 0x0, 0x0,
    0x0, 0x7, 0xff, 0xb0, 0x3e, 0xff, 0xff, 0xff,
    0x80, 0x0, 0x2, 0xdf, 0xff, 0xfb, 0x0, 0x22,
    0x6a, 0xff, 0xfd, 0x20, 0xd, 0xff, 0xa2, 0x6f,
    0xb0, 0x0, 0x0, 0x19, 0xff, 0xd0, 0x3, 0xe5,
    0x0, 0x8, 0xfb, 0x0, 0x10, 0x0, 0x5e, 0x30,
    0x0, 0x0, 0x3, 0xbf, 0xff, 0xb0, 0x2a, 0x30,
    0x0, 0x0, 0x0, 0x0, 0x6f, 0xff, 0xfd, 0xfb,
    0x2, 0xe6, 0x0, 0x0, 0x0, 0x0, 0x3f, 0xe6,
    0x10, 0x5f, 0xb0, 0x23, 0x0, 0x0, 0x0, 0x0,
    0x3, 0x10, 0x0, 0x5, 0xfb, 0x0, 0x0, 0x0,
    0x0, 0x0, 0x0, 0x0, 0x8d, 0xd8, 0x6f, 0xb0,
    0x0, 0x0, 0x0, 0x0, 0x0, 0x3, 0xff, 0xff,
    0x35, 0xfb, 0x0, 0x0, 0x0, 0x0, 0x0, 0x0,
    0x3f, 0xf3, 0x0, 0x5f, 0x90, 0x0, 0x0, 0x0,
    0x0, 0x0, 0x3, 0x30, 0x0, 0x5, 0x10, 0x0,

    /* U+F6C3 "" */
    0x0, 0x0, 0x0, 0x0, 0x11, 0x0, 0x0, 0x0,
    0x0, 0x0, 0x0, 0x7, 0xdf, 0x50, 0x0, 0x0,
    0x0, 0x0, 0x0, 0x2d, 0xff, 0xd0, 0x0, 0x0,
    0x0, 0x0, 0x0, 0x3f, 0xff, 0xf8, 0x0, 0x0,
    0x0, 0x0, 0x0, 0x1e, 0xff, 0xff, 0x60, 0x0,
    0x0, 0x0, 0x0, 0x8, 0xff, 0xff, 0xf5, 0x0,
    0x0, 0x0, 0x0, 0x0, 0xef, 0xff, 0xff, 0x70,
    0x0, 0x0, 0x0, 0x0, 0x3f, 0xff, 0xff, 0xfa,
    0x0, 0x0, 0x0, 0x0, 0x5, 0xff, 0xff, 0xff,
    0xf0, 0x0, 0x0, 0x0, 0x0, 0x11, 0x3, 0xaf,
    0xff, 0x70, 0x0, 0x0, 0x0, 0x0, 0x24, 0x10,
    0x8f, 0xff, 0x20, 0x0, 0x0, 0x0, 0x6f, 0xff,
    0x30, 0x3e, 0xfe, 0x20, 0x0, 0x0, 0xf, 0xff,
    0xfd, 0x60, 0x4f, 0xff, 0x70, 0x0, 0x1, 0xff,
    0xff, 0xff, 0x50, 0xef, 0xff, 0xfa, 0x74, 0xc,
    0xff, 0xff, 0xf6, 0xd, 0xff, 0xff, 0xff, 0x30,
    0x19, 0xcc, 0xc8, 0x2, 0xff, 0xff, 0xfe, 0x40,
    0x0, 0x0, 0x0, 0x1, 0xdf, 0xff, 0xfa, 0x10,
    0x0, 0x0, 0x0, 0x0, 0x14, 0x67, 0x51, 0x0,
    0x0,

    /* U+F72E "" */
    0x0, 0x0, 0x0, 0x0, 0x0, 0x27, 0x71, 0x0,
    0x0, 0x0, 0x0, 0x0, 0x0, 0x4, 0xff, 0xfe,
    0x20, 0x0, 0x0, 0x0, 0x0, 0x0, 0xd, 0xf4,
    0x5f, 0xa0, 0x0, 0x0, 0x0, 0x0, 0x0, 0x5,
    0x40, 0xd, 0xc0, 0x0, 0x16, 0x66, 0x66, 0x66,
    0x66, 0x66, 0x9f, 0x90, 0x0, 0x4f, 0xff, 0xff,
    0xff, 0xff, 0xff, 0xfb, 0x0, 0x0, 0x3, 0x33,
    0x33, 0x33, 0x33, 0x33, 0x10, 0x0, 0x0, 0x4f,
    0xff, 0xff, 0xff, 0xff, 0xff, 0xff, 0xeb, 0x20,
    0x3a, 0xaa, 0xaa, 0xaa, 0xaa, 0xaa, 0xaa, 0xbf,
    0xe0, 0x27, 0x77, 0x77, 0x77, 0x73, 0x0, 0x0,
    0x7, 0xf4, 0x4f, 0xff, 0xff, 0xff, 0xff, 0x70,
    0x0, 0x8, 0xf4, 0x2, 0x22, 0x22, 0x22, 0x2c,
    0xf0, 0x0, 0x7f, 0xd0, 0x0, 0x0, 0x0, 0xde,
    0x4c, 0xf0, 0x0, 0x69, 0x10, 0x0, 0x0, 0x0,
    0x4f, 0xff, 0x70, 0x0, 0x0, 0x0, 0x0, 0x0,
    0x0, 0x3, 0x74, 0x0, 0x0, 0x0, 0x0,

    /* U+F738 "" */
    0x0, 0x0, 0x5a, 0x30, 0x0, 0x8, 0x91, 0x0,
    0x1, 0xff, 0xe0, 0x0, 0x7f, 0xfa, 0x0, 0x1,
    0xff, 0xe0, 0x0, 0x7f, 0xf9, 0x2, 0x30, 0x59,
    0x30, 0x41, 0x8, 0x91, 0x4f, 0xf7, 0x0, 0x9,
    0xff, 0x20, 0x0, 0x8f, 0xfb, 0x0, 0xd, 0xff,
    0x50, 0x0, 0x2d, 0xe3, 0x0, 0x5, 0xeb, 0x0,
    0x0, 0x0, 0x0, 0xaf, 0x70, 0x0, 0x2d, 0xe3,
    0x0, 0x2, 0xff, 0xf0, 0x0, 0x8f, 0xfb, 0x0,
    0x0, 0xcf, 0xa0, 0x0, 0x3f, 0xf5, 0x1a, 0xb2,
    0x1, 0x3, 0xc9, 0x0, 0x10, 0x8f, 0xfa, 0x0,
    0xd, 0xff, 0x50, 0x0, 0x6f, 0xf8, 0x0, 0xb,
    0xff, 0x30, 0x0, 0x5, 0x60, 0x0, 0x0, 0x64,
    0x0, 0x0,

    /* U+F73A "" */
    0x0, 0x0, 0x5a, 0x30, 0x0, 0x8, 0x91, 0x0,
    0x1, 0xff, 0xe0, 0x0, 0x7f, 0xfa, 0x0, 0x1,
    0xff, 0xe0, 0x0, 0x7f, 0xf9, 0x2, 0x30, 0x59,
    0x30, 0x41, 0x8, 0x91, 0x4f, 0xf7, 0x0, 0x9,
    0xff, 0x20, 0x0, 0x8f, 0xfb, 0x0, 0xd, 0xff,
    0x50, 0x0, 0x2d, 0xe3, 0x0, 0x5, 0xeb, 0x0,
    0x0, 0x0, 0x0, 0xaf, 0x70, 0x0, 0x2d, 0xe3,
    0x0, 0x2, 0xff, 0xf0, 0x0, 0x8f, 0xfb, 0x0,
    0x0, 0xcf, 0xa0, 0x0, 0x3f, 0xf5, 0x1a, 0xb2,
    0x1, 0x3, 0xc9, 0x0, 0x10, 0x8f, 0xfa, 0x0,
    0xd, 0xff, 0x50, 0x0, 0x6f, 0xf8, 0x0, 0xb,
    0xff, 0x30, 0x0, 0x5, 0x60, 0x0, 0x0, 0x64,
    0x0, 0x0,

    /* U+F73D "" */
    0x0, 0x0, 0x0, 0x1, 0x0, 0x0, 0x0, 0x0,
    0x0, 0x0, 0xbd, 0x10, 0x0, 0x0, 0x0, 0x0,
    0x1c, 0xff, 0xe2, 0x0, 0x0, 0x0, 0x0, 0xcf,
    0xff, 0xfe, 0x20, 0x0, 0x0, 0xb, 0xff, 0xff,
    0xff, 0xd1, 0x0, 0x0, 0x8f, 0xff, 0xff, 0xff,
    0xfb, 0x0, 0x3, 0xff, 0xff, 0xff, 0xff, 0xff,
    0x60, 0xc, 0xff, 0xff, 0xff, 0xff, 0xff, 0xe0,
    0x3f, 0xff, 0xff, 0xff, 0xff, 0xff, 0xf5, 0x7f,
    0xff, 0xff, 0xff, 0xff, 0xff, 0xfa, 0x9f, 0xfd,
    0xff, 0xff, 0xff, 0xff, 0xfb, 0x8f, 0xf1, 0xaf,
    0xff, 0xff, 0xff, 0xfa, 0x4f, 0xf5, 0x3f, 0xff,
    0xff, 0xff, 0xf7, 0xe, 0xfe, 0x12, 0x8c, 0xff,
    0xff, 0xf2, 0x6, 0xff, 0xe7, 0x25, 0xff, 0xff,
    0x80, 0x0, 0x8f, 0xff, 0xff, 0xff, 0xfb, 0x0,
    0x0, 0x5, 0xdf, 0xff, 0xfe, 0x60, 0x0, 0x0,
    0x0, 0x2, 0x45, 0x30, 0x0, 0x0,

    /* U+F73F "" */
    0x0, 0x0, 0x3, 0x40, 0x0, 0x0, 0x0, 0x0,
    0xb, 0xe0, 0x0, 0x0, 0x0, 0x0, 0x5d, 0xf6,
    0x10, 0x0, 0x0, 0x5e, 0xff, 0xff, 0xf7, 0x0,
    0x5, 0xff, 0xff, 0xff, 0xff, 0x80, 0x1f, 0xff,
    0xff, 0xff, 0xff, 0xf3, 0x7f, 0xff, 0xff, 0xff,
    0xff, 0xfa, 0xaf, 0xff, 0xff, 0xff, 0xff, 0xfd,
    0xbf, 0xff, 0xff, 0xff, 0xff, 0xfe, 0xae, 0xee,
    0xee, 0xee, 0xee, 0xed, 0x0, 0x0, 0x0, 0x0,
    0x0, 0x0, 0x0, 0x52, 0x2, 0x40, 0x5, 0x0,
    0x0, 0xd6, 0x8, 0xb0, 0x3e, 0x20, 0x0, 0x10,
    0x0, 0x10, 0x1, 0x0, 0x0, 0xf7, 0x9, 0xc0,
    0x4f, 0x30, 0x0, 0x52, 0x3, 0x40, 0x6, 0x0,

    /* U+F740 "" */
    0x0, 0x0, 0x0, 0x4, 0x77, 0x50, 0x0, 0x0,
    0x0, 0x0, 0x0, 0x1, 0xcf, 0xff, 0xfd, 0x30,
    0x0, 0x0, 0x0, 0x0, 0xd, 0xff, 0xff, 0xff,
    0xe2, 0x0, 0x0, 0x0, 0x19, 0xef, 0xff, 0xff,
    0xff, 0xfa, 0x0, 0x0, 0x2, 0xef, 0xff, 0xff,
    0xff, 0xff, 0xff, 0x40, 0x0, 0xb, 0xff, 0xff,
    0xff, 0xff, 0xff, 0xff, 0xfd, 0x20, 0x1f, 0xff,
    0xff, 0xff, 0xff, 0xff, 0xff, 0xff, 0xd0, 0x3f,
    0xff, 0xff, 0xff, 0xff, 0xff, 0xff, 0xff, 0xf4,
    0x1f, 0xff, 0xff, 0xff, 0xff, 0xff, 0xff, 0xff,
    0xf5, 0xc, 0xff, 0xff, 0xff, 0xff, 0xff, 0xff,
    0xff, 0xf3, 0x2, 0xff, 0xff, 0xff, 0xff, 0xff,
    0xff, 0xff, 0xa0, 0x0, 0x2b, 0xff, 0xff, 0xff,
    0xff, 0xff, 0xf9, 0x0, 0x0, 0x0, 0x1, 0x12,
    0x11, 0x11, 0x21, 0x0, 0x0, 0x0, 0x0, 0x2,
    0xef, 0x30, 0x2e, 0xf3, 0x0, 0x0, 0x0, 0x0,
    0x1d, 0xf4, 0x1, 0xdf, 0x40, 0x0, 0x0, 0x0,
    0x0, 0xaf, 0xe6, 0xa, 0xfe, 0x60, 0x0, 0x0,
    0x0, 0x0, 0xa, 0xfd, 0x10, 0xaf, 0xd1, 0x0,
    0x0, 0x0, 0x0, 0x3f, 0xe2, 0x3, 0xfe, 0x20,
    0x0, 0x0, 0x0, 0x0, 0xbc, 0x30, 0xb, 0xc3,
    0x0, 0x0, 0x0,

    /* U+F741 "" */
    0x0, 0x0, 0x0, 0x0, 0x58, 0x0, 0x0, 0x0,
    0x0, 0x0, 0x0, 0x7, 0x10, 0x9f, 0x0, 0x72,
    0x0, 0x0, 0x0, 0x0, 0x3f, 0xd1, 0x9f, 0x8,
    0xfb, 0x0, 0x0, 0x0, 0x0, 0x6, 0xfd, 0xbf,
    0x9f, 0xc0, 0x0, 0x0, 0x0, 0x95, 0x0, 0x6f,
    0xff, 0xfc, 0x0, 0xb, 0x20, 0x1, 0xef, 0x50,
    0x6, 0xff, 0xc0, 0x0, 0xcf, 0x70, 0x0, 0x2e,
    0xf4, 0x0, 0xaf, 0x10, 0xc, 0xf8, 0x0, 0x0,
    0x3, 0xef, 0x50, 0x9f, 0x11, 0xcf, 0x90, 0x0,
    0x1f, 0xff, 0xff, 0xff, 0xff, 0xff, 0xff, 0xff,
    0xf8, 0x9, 0x99, 0xef, 0xc9, 0xdf, 0x9a, 0xff,
    0xb9, 0x95, 0x0, 0x8, 0xfc, 0x0, 0x9f, 0x0,
    0x6f, 0xd1, 0x0, 0x0, 0x8f, 0xc0, 0x0, 0xcf,
    0x50, 0x6, 0xfd, 0x10, 0x1, 0xec, 0x0, 0xc,
    0xff, 0xf4, 0x0, 0x6f, 0x70, 0x0, 0x21, 0x0,
    0xcf, 0xef, 0xef, 0x50, 0x3, 0x0, 0x0, 0x0,
    0x1c, 0xf8, 0x9f, 0x3e, 0xf5, 0x0, 0x0, 0x0,
    0x0, 0x2e, 0x80, 0x9f, 0x2, 0xe9, 0x0, 0x0,
    0x0, 0x0, 0x1, 0x0, 0x9f, 0x0, 0x10, 0x0,
    0x0, 0x0, 0x0, 0x0, 0x0, 0x1, 0x0, 0x0,
    0x0, 0x0,

    /* U+F743 "" */
    0x0, 0x0, 0x3, 0x40, 0x0, 0x0, 0x0, 0x0,
    0xb, 0xe0, 0x0, 0x0, 0x0, 0x0, 0x5d, 0xf6,
    0x10, 0x0, 0x0, 0x5e, 0xff, 0xff, 0xf7, 0x0,
    0x5, 0xff, 0xff, 0xff, 0xff, 0x80, 0x1f, 0xff,
    0xff, 0xff, 0xff, 0xf3, 0x7f, 0xff, 0xff, 0xff,
    0xff, 0xfa, 0xaf, 0xff, 0xff, 0xff, 0xff, 0xfd,
    0xbf, 0xff, 0xff, 0xff, 0xff, 0xfe, 0xae, 0xee,
    0xee, 0xee, 0xee, 0xed, 0x0, 0x0, 0x0, 0x0,
    0x0, 0x0, 0x0, 0x52, 0x2, 0x40, 0x5, 0x0,
    0x0, 0xd6, 0x8, 0xb0, 0x3e, 0x20, 0x0, 0x10,
    0x0, 0x10, 0x1, 0x0, 0x0, 0xf7, 0x9, 0xc0,
    0x4f, 0x30, 0x0, 0x52, 0x3, 0x40, 0x6, 0x0,

    /* U+F744 "" */
    0x0, 0x0, 0x0, 0x0, 0x69, 0xa7, 0x10, 0x0,
    0x0, 0x0, 0x0, 0x0, 0x0, 0x6f, 0xff, 0xff,
    0xf7, 0x0, 0x0, 0x0, 0x0, 0x0, 0x9, 0xfc,
    0x40, 0x4, 0xbf, 0xa0, 0x0, 0x0, 0x0, 0x1,
    0x7f, 0xb0, 0x0, 0x0, 0x9, 0xf6, 0x0, 0x0,
    0x0, 0x9f, 0xff, 0xfa, 0x0, 0x0, 0x0, 0xee,
    0x0, 0x0, 0xb, 0xfb, 0x66, 0xbf, 0xc0, 0x0,
    0x0, 0x9f, 0x94, 0x0, 0x7f, 0x90, 0x0, 0x9,
    0xf7, 0x0, 0x0, 0x6f, 0xff, 0xa0, 0xde, 0x0,
    0x0, 0x0, 0xed, 0x0, 0x0, 0x0, 0x2b, 0xf7,
    0xfb, 0x0, 0x0, 0x0, 0x7a, 0x0, 0x0, 0x0,
    0x0, 0xed, 0xed, 0x0, 0x0, 0x0, 0x0, 0x0,
    0x0, 0x0, 0x0, 0xbf, 0xaf, 0x40, 0x0, 0x0,
    0x0, 0x0, 0x0, 0x0, 0x0, 0xed, 0x2f, 0xf6,
    0x10, 0x0, 0x0, 0x0, 0x0, 0x0, 0x2b, 0xf7,
    0x4, 0xef, 0xff, 0xff, 0xff, 0xff, 0xff, 0xff,
    0xff, 0xa0, 0x0, 0x16, 0xaa, 0xaa, 0xaa, 0xaa,
    0xaa, 0xaa, 0x94, 0x0,

    /* U+F746 "" */
    0x0, 0x0, 0x0, 0x4, 0xad, 0xdb, 0x50, 0x0,
    0x0, 0x0, 0x0, 0x0, 0x1, 0xbf, 0xff, 0xff,
    0xfc, 0x10, 0x0, 0x0, 0x0, 0x0, 0xc, 0xff,
    0xff, 0xff, 0xff, 0xd0, 0x0, 0x0, 0x0, 0x4,
    0xaf, 0xff, 0xff, 0xff, 0xff, 0xf8, 0x0, 0x0,
    0x2, 0xcf, 0xff, 0xff, 0xff, 0xff, 0xff, 0xfe,
    0x0, 0x0, 0x1d, 0xff, 0xff, 0xff, 0xff, 0xff,
    0xff, 0xff, 0xd7, 0x0, 0x8f, 0xff, 0xff, 0xff,
    0xff, 0xff, 0xff, 0xff, 0xff, 0xc0, 0xef, 0xff,
    0xff, 0xff, 0xff, 0xff, 0xff, 0xff, 0xff, 0xf9,
    0xff, 0xff, 0xff, 0xff, 0xff, 0xff, 0xff, 0xff,
    0xff, 0xfe, 0xef, 0xff, 0xff, 0xff, 0xff, 0xff,
    0xff, 0xff, 0xff, 0xff, 0x8f, 0xff, 0xff, 0xff,
    0xff, 0xff, 0xff, 0xff, 0xff, 0xfc, 0x1d, 0xff,
    0xff, 0xff, 0xff, 0xff, 0xff, 0xff, 0xff, 0xf5,
    0x1, 0xcf, 0xff, 0xff, 0xff, 0xff, 0xff, 0xff,
    0xff, 0x70, 0x0, 0x3, 0x67, 0x77, 0x77, 0x77,
    0x77, 0x77, 0x61, 0x0,

    /* U+F74E "" */
    0x0, 0x0, 0x0, 0x4, 0x77, 0x50, 0x0, 0x0,
    0x0, 0x0, 0x0, 0x1, 0xcf, 0xff, 0xfd, 0x30,
    0x0, 0x0, 0x0, 0x0, 0xd, 0xff, 0xff, 0xff,
    0xe2, 0x0, 0x0, 0x0, 0x19, 0xef, 0xff, 0xff,
    0xff, 0xfa, 0x0, 0x0, 0x2, 0xef, 0xff, 0xff,
    0xff, 0xff, 0xff, 0x40, 0x0, 0xb, 0xff, 0xff,
    0xff, 0xff, 0xff, 0xff, 0xfd, 0x20, 0x1f, 0xff,
    0xff, 0xff, 0xff, 0xff, 0xff, 0xff, 0xd0, 0x3f,
    0xff, 0xff, 0xff, 0xff, 0xff, 0xff, 0xff, 0xf4,
    0x1f, 0xff, 0xff, 0xff, 0xff, 0xff, 0xff, 0xff,
    0xf5, 0xc, 0xff, 0xff, 0xff, 0xff, 0xff, 0xff,
    0xff, 0xf3, 0x2, 0xff, 0xff, 0xff, 0xff, 0xff,
    0xff, 0xff, 0xa0, 0x0, 0x2b, 0xff, 0xff, 0xff,
    0xff, 0xff, 0xf9, 0x0, 0x0, 0x0, 0x0, 0x0,
    0x0, 0x0, 0x11, 0x0, 0x0, 0x0, 0x8, 0xff,
    0xff, 0xff, 0xff, 0x38, 0xb0, 0x0, 0x0, 0x8,
    0xff, 0xff, 0xff, 0xff, 0x38, 0xa0, 0x0, 0x0,
    0x0, 0x0, 0x2, 0x33, 0x33, 0x31, 0x0, 0x0,
    0x0, 0x0, 0xca, 0x4f, 0xff, 0xff, 0xff, 0x0,
    0x0, 0x0, 0x0, 0x43, 0x7, 0x88, 0x88, 0x85,
    0x0, 0x0,

    /* U+F751 "" */
    0x0, 0x3, 0x51, 0x0, 0x0, 0x0, 0x0, 0x0,
    0x0, 0x0, 0xc, 0xf0, 0x0, 0x0, 0x0, 0x0,
    0x0, 0x0, 0x0, 0xf, 0xc0, 0x27, 0xaa, 0xa9,
    0x75, 0x30, 0x0, 0x0, 0x2f, 0x9a, 0xff, 0xff,
    0xff, 0xff, 0xff, 0xc3, 0x0, 0x5f, 0xff, 0xb4,
    0x11, 0x4b, 0xff, 0x8a, 0xe5, 0x0, 0x7f, 0xf8,
    0x1, 0x67, 0x20, 0x8f, 0xa0, 0x0, 0x0, 0x9f,
    0xb0, 0x4f, 0xff, 0xf6, 0xb, 0xf2, 0x0, 0x0,
    0x9f, 0x40, 0xee, 0x43, 0xdf, 0x14, 0xf7, 0x0,
    0x0, 0xaf, 0x13, 0xf7, 0x0, 0x4f, 0x51, 0xfa,
    0x0, 0x0, 0x9f, 0x12, 0xf9, 0x0, 0x6f, 0x41,
    0xfa, 0x0, 0x0, 0x7f, 0x40, 0xcf, 0xa9, 0xfe,
    0x4, 0xfa, 0x0, 0x0, 0x2f, 0xb0, 0x1b, 0xff,
    0xc2, 0xb, 0xf9, 0x0, 0x11, 0x9, 0xf8, 0x0,
    0x11, 0x0, 0x8f, 0xf7, 0x0, 0x4f, 0xc9, 0xff,
    0xb4, 0x11, 0x4b, 0xff, 0xf5, 0x0, 0x2b, 0xff,
    0xff, 0xff, 0xff, 0xff, 0x98, 0xf2, 0x0, 0x0,
    0x2, 0x57, 0x99, 0xa9, 0x72, 0xb, 0xf0, 0x0,
    0x0, 0x0, 0x0, 0x0, 0x0, 0x0, 0xf, 0xc0,
    0x0, 0x0, 0x0, 0x0, 0x0, 0x0, 0x0, 0x4,
    0x20, 0x0,

    /* U+F75F "" */
    0x0, 0x0, 0x0, 0x4, 0x77, 0x50, 0x0, 0x0,
    0x0, 0x0, 0x0, 0x1, 0xcf, 0xff, 0xfd, 0x30,
    0x0, 0x0, 0x0, 0x0, 0xd, 0xff, 0xff, 0xff,
    0xe2, 0x0, 0x0, 0x0, 0x19, 0xef, 0xff, 0xff,
    0xff, 0xfa, 0x0, 0x0, 0x2, 0xef, 0xff, 0xff,
    0xff, 0xff, 0xff, 0x40, 0x0, 0xb, 0xff, 0xff,
    0xff, 0xff, 0xff, 0xff, 0xfd, 0x20, 0x1f, 0xff,
    0xff, 0xff, 0xff, 0xff, 0xff, 0xff, 0xd0, 0x3f,
    0xff, 0xff, 0xff, 0xff, 0xff, 0xff, 0xff, 0xf4,
    0x1f, 0xff, 0xff, 0xff, 0xff, 0xff, 0xff, 0xff,
    0xf5, 0xc, 0xff, 0xff, 0xff, 0xff, 0xff, 0xff,
    0xff, 0xf3, 0x2, 0xff, 0xff, 0xff, 0xff, 0xff,
    0xff, 0xff, 0xa0, 0x0, 0x2b, 0xff, 0xff, 0xff,
    0xff, 0xff, 0xf9, 0x0, 0x0, 0x0, 0x0, 0x0,
    0x0, 0x0, 0x11, 0x0, 0x0, 0x0, 0x8, 0xff,
    0xff, 0xff, 0xff, 0x38, 0xb0, 0x0, 0x0, 0x8,
    0xff, 0xff, 0xff, 0xff, 0x38, 0xa0, 0x0, 0x0,
    0x0, 0x0, 0x2, 0x33, 0x33, 0x31, 0x0, 0x0,
    0x0, 0x0, 0xca, 0x4f, 0xff, 0xff, 0xff, 0x0,
    0x0, 0x0, 0x0, 0x43, 0x7, 0x88, 0x88, 0x85,
    0x0, 0x0,

    /* U+F76C "" */
    0x0, 0x0, 0x0, 0x4, 0x77, 0x50, 0x0, 0x0,
    0x0, 0x0, 0x0, 0x1, 0xcf, 0xff, 0xfd, 0x30,
    0x0, 0x0, 0x0, 0x0, 0xd, 0xff, 0xff, 0xff,
    0xe2, 0x0, 0x0, 0x0, 0x19, 0xef, 0xff, 0xff,
    0xff, 0xfa, 0x0, 0x0, 0x2, 0xef, 0xff, 0xff,
    0xff, 0xff, 0xff, 0x40, 0x0, 0xb, 0xff, 0xff,
    0xff, 0xff, 0xff, 0xff, 0xfd, 0x20, 0x1f, 0xff,
    0xff, 0xff, 0xff, 0xff, 0xff, 0xff, 0xd0, 0x3f,
    0xff, 0xff, 0xff, 0xff, 0xff, 0xff, 0xff, 0xf4,
    0x1f, 0xff, 0xff, 0xff, 0xff, 0xff, 0xff, 0xff,
    0xf5, 0xc, 0xff, 0xff, 0xff, 0xff, 0xff, 0xff,
    0xff, 0xf3, 0x2, 0xff, 0xff, 0xff, 0xff, 0xff,
    0xff, 0xff, 0xa0, 0x0, 0x2b, 0xff, 0xff, 0xff,
    0xff, 0xff, 0xf9, 0x0, 0x0, 0x0, 0x1, 0x12,
    0x11, 0x11, 0x21, 0x0, 0x0, 0x0, 0x0, 0x2,
    0xef, 0x30, 0x2e, 0xf3, 0x0, 0x0, 0x0, 0x0,
    0x1d, 0xf4, 0x1, 0xdf, 0x40, 0x0, 0x0, 0x0,
    0x0, 0xaf, 0xe6, 0xa, 0xfe, 0x60, 0x0, 0x0,
    0x0, 0x0, 0xa, 0xfd, 0x10, 0xaf, 0xd1, 0x0,
    0x0, 0x0, 0x0, 0x3f, 0xe2, 0x3, 0xfe, 0x20,
    0x0, 0x0, 0x0, 0x0, 0xbc, 0x30, 0xb, 0xc3,
    0x0, 0x0, 0x0,

    /* U+F76F "" */
    0x4, 0x44, 0x44, 0x44, 0x44, 0x44, 0x44, 0x44,
    0x44, 0x40, 0xb, 0xff, 0xff, 0xff, 0xff, 0xff,
    0xff, 0xff, 0xff, 0xb0, 0x2, 0xff, 0xff, 0xff,
    0xff, 0xff, 0xff, 0xff, 0xff, 0x20, 0x0, 0x8f,
    0xff, 0xff, 0xff, 0xff, 0xff, 0xff, 0xf9, 0x0,
    0x0, 0xd, 0xee, 0xee, 0xee, 0xee, 0xee, 0xee,
    0xd1, 0x0, 0x0, 0x0, 0x0, 0x0, 0x0, 0x0,
    0x0, 0x0, 0x0, 0x0, 0x0, 0x0, 0x58, 0x88,
    0x88, 0x88, 0x88, 0x85, 0x0, 0x0, 0x0, 0x0,
    0x2f, 0xff, 0xff, 0xff, 0xff, 0xf3, 0x0, 0x0,
    0x0, 0x0, 0x9, 0xff, 0xff, 0xff, 0xff, 0x90,
    0x0, 0x0, 0x0, 0x0, 0x0, 0x0, 0x0, 0x0,
    0x0, 0x0, 0x0, 0x0, 0x0, 0x0, 0x0, 0x15,
    0x55, 0x55, 0x51, 0x0, 0x0, 0x0, 0x0, 0x0,
    0x0, 0xd, 0xff, 0xff, 0xd0, 0x0, 0x0, 0x0,
    0x0, 0x0, 0x0, 0x4, 0xff, 0xff, 0x40, 0x0,
    0x0, 0x0, 0x0, 0x0, 0x0, 0x0, 0xbf, 0xfb,
    0x0, 0x0, 0x0, 0x0, 0x0, 0x0, 0x0, 0x0,
    0x2f, 0xf2, 0x0, 0x0, 0x0, 0x0, 0x0, 0x0,
    0x0, 0x0, 0x8, 0x80, 0x0, 0x0, 0x0, 0x0,
    0x0, 0x0, 0x0, 0x0, 0x0, 0x0, 0x0, 0x0,
    0x0, 0x0,

    /* U+F7C2 "" */
    0x0, 0x0, 0x7, 0x88, 0x88, 0x88, 0x60, 0x0,
    0x0, 0xbf, 0xff, 0xff, 0xff, 0xf8, 0x0, 0xa,
    0xf6, 0x1d, 0x1b, 0x31, 0xfa, 0x0, 0xaf, 0xf5,
    0xd, 0xb, 0x10, 0xfb, 0xa, 0xff, 0xf5, 0xd,
    0xb, 0x10, 0xfb, 0x8f, 0xff, 0xfb, 0x8e, 0x8d,
    0x98, 0xfb, 0xaf, 0xff, 0xff, 0xff, 0xff, 0xff,
    0xfb, 0xaf, 0xff, 0xff, 0xff, 0xff, 0xff, 0xfb,
    0xaf, 0xff, 0xff, 0xff, 0xff, 0xff, 0xfb, 0xaf,
    0xff, 0xff, 0xff, 0xff, 0xff, 0xfb, 0xaf, 0xff,
    0xff, 0xff, 0xff, 0xff, 0xfb, 0xaf, 0xff, 0xff,
    0xff, 0xff, 0xff, 0xfb, 0xaf, 0xff, 0xff, 0xff,
    0xff, 0xff, 0xfb, 0xaf, 0xff, 0xff, 0xff, 0xff,
    0xff, 0xfb, 0xaf, 0xff, 0xff, 0xff, 0xff, 0xff,
    0xfb, 0xaf, 0xff, 0xff, 0xff, 0xff, 0xff, 0xfa,
    0x3f, 0xff, 0xff, 0xff, 0xff, 0xff, 0xf3, 0x0,
    0x11, 0x11, 0x11, 0x11, 0x11, 0x0,

    /* U+F7CF "" */
    0x0, 0x0, 0x0, 0x0, 0x0, 0x0, 0x0, 0x18,
    0x60, 0x0, 0x0, 0x0, 0x0, 0x0, 0x0, 0x2,
    0xfb, 0x0, 0x0, 0x0, 0x8, 0xe1, 0x0, 0x0,
    0x2f, 0xb0, 0x0, 0x3, 0xb0, 0x8f, 0x14, 0xa0,
    0x2, 0xfb, 0x0, 0x0, 0x8f, 0xb9, 0xf5, 0xfe,
    0x10, 0x1b, 0x80, 0x1, 0x0, 0x9f, 0xff, 0xff,
    0x30, 0x1, 0x64, 0x1, 0xdb, 0x0, 0xaf, 0xff,
    0x30, 0x0, 0x2f, 0xb0, 0x9, 0xfb, 0x0, 0xbf,
    0x40, 0x0, 0x0, 0x53, 0x0, 0xa, 0xfa, 0x9,
    0xf2, 0x0, 0x0, 0x0, 0x1, 0xff, 0xff, 0xff,
    0xff, 0xff, 0xff, 0xff, 0xe0, 0x9, 0x9b, 0xff,
    0x9d, 0xfa, 0xcf, 0xf9, 0x98, 0x0, 0x2, 0xef,
    0x40, 0x9f, 0x10, 0xaf, 0x90, 0x0, 0x1, 0xef,
    0x40, 0x3f, 0xfa, 0x0, 0xaf, 0x80, 0x0, 0x7,
    0x30, 0x3f, 0xff, 0xfa, 0x0, 0x92, 0x0, 0x0,
    0x0, 0x3f, 0xeb, 0xfa, 0xfb, 0x0, 0x0, 0x0,
    0x0, 0x7, 0xe3, 0x8f, 0x19, 0xe1, 0x0, 0x0,
    0x0, 0x0, 0x1, 0x8, 0xf1, 0x1, 0x0, 0x0,
    0x0, 0x0, 0x0, 0x0, 0x1, 0x0, 0x0, 0x0,
    0x0
};


/*---------------------
 *  GLYPH DESCRIPTION
 *--------------------*/

static const lv_font_fmt_txt_glyph_dsc_t glyph_dsc[] = {
    {.bitmap_index = 0, .adv_w = 0, .box_w = 0, .box_h = 0, .ofs_x = 0, .ofs_y = 0} /* id = 0 reserved */,
    {.bitmap_index = 0, .adv_w = 320, .box_w = 20, .box_h = 17, .ofs_x = 0, .ofs_y = 2},
    {.bitmap_index = 170, .adv_w = 320, .box_w = 20, .box_h = 20, .ofs_x = 0, .ofs_y = 0},
    {.bitmap_index = 370, .adv_w = 320, .box_w = 20, .box_h = 16, .ofs_x = 0, .ofs_y = 1},
    {.bitmap_index = 530, .adv_w = 320, .box_w = 16, .box_h = 19, .ofs_x = 2, .ofs_y = 0},
    {.bitmap_index = 682, .adv_w = 320, .box_w = 16, .box_h = 16, .ofs_x = 2, .ofs_y = 2},
    {.bitmap_index = 810, .adv_w = 320, .box_w = 18, .box_h = 18, .ofs_x = 1, .ofs_y = 1},
    {.bitmap_index = 972, .adv_w = 320, .box_w = 18, .box_h = 18, .ofs_x = 1, .ofs_y = 1},
    {.bitmap_index = 1134, .adv_w = 320, .box_w = 16, .box_h = 18, .ofs_x = 2, .ofs_y = 1},
    {.bitmap_index = 1278, .adv_w = 320, .box_w = 18, .box_h = 18, .ofs_x = 1, .ofs_y = 1},
    {.bitmap_index = 1440, .adv_w = 320, .box_w = 18, .box_h = 18, .ofs_x = 1, .ofs_y = 1},
    {.bitmap_index = 1602, .adv_w = 320, .box_w = 17, .box_h = 18, .ofs_x = 1, .ofs_y = 1},
    {.bitmap_index = 1755, .adv_w = 320, .box_w = 16, .box_h = 14, .ofs_x = 2, .ofs_y = 3},
    {.bitmap_index = 1867, .adv_w = 320, .box_w = 19, .box_h = 19, .ofs_x = 1, .ofs_y = 1},
    {.bitmap_index = 2048, .adv_w = 320, .box_w = 14, .box_h = 16, .ofs_x = 3, .ofs_y = 2},
    {.bitmap_index = 2160, .adv_w = 320, .box_w = 18, .box_h = 18, .ofs_x = 1, .ofs_y = 1},
    {.bitmap_index = 2322, .adv_w = 320, .box_w = 18, .box_h = 18, .ofs_x = 1, .ofs_y = 1},
    {.bitmap_index = 2484, .adv_w = 320, .box_w = 10, .box_h = 16, .ofs_x = 5, .ofs_y = 2},
    {.bitmap_index = 2564, .adv_w = 320, .box_w = 16, .box_h = 15, .ofs_x = 2, .ofs_y = 3},
    {.bitmap_index = 2684, .adv_w = 320, .box_w = 18, .box_h = 16, .ofs_x = 1, .ofs_y = 2},
    {.bitmap_index = 2828, .adv_w = 320, .box_w = 18, .box_h = 17, .ofs_x = 1, .ofs_y = 2},
    {.bitmap_index = 2981, .adv_w = 320, .box_w = 14, .box_h = 14, .ofs_x = 3, .ofs_y = 3},
    {.bitmap_index = 3079, .adv_w = 320, .box_w = 16, .box_h = 12, .ofs_x = 2, .ofs_y = 4},
    {.bitmap_index = 3175, .adv_w = 320, .box_w = 12, .box_h = 12, .ofs_x = 4, .ofs_y = 4},
    {.bitmap_index = 3247, .adv_w = 320, .box_w = 16, .box_h = 16, .ofs_x = 2, .ofs_y = 2},
    {.bitmap_index = 3375, .adv_w = 320, .box_w = 18, .box_h = 18, .ofs_x = 1, .ofs_y = 1},
    {.bitmap_index = 3537, .adv_w = 320, .box_w = 18, .box_h = 18, .ofs_x = 1, .ofs_y = 1},
    {.bitmap_index = 3699, .adv_w = 320, .box_w = 18, .box_h = 15, .ofs_x = 1, .ofs_y = 3},
    {.bitmap_index = 3834, .adv_w = 320, .box_w = 18, .box_h = 18, .ofs_x = 1, .ofs_y = 1},
    {.bitmap_index = 3996, .adv_w = 320, .box_w = 12, .box_h = 15, .ofs_x = 4, .ofs_y = 3},
    {.bitmap_index = 4086, .adv_w = 320, .box_w = 14, .box_h = 14, .ofs_x = 3, .ofs_y = 3},
    {.bitmap_index = 4184, .adv_w = 320, .box_w = 14, .box_h = 19, .ofs_x = 3, .ofs_y = 1},
    {.bitmap_index = 4317, .adv_w = 320, .box_w = 16, .box_h = 16, .ofs_x = 2, .ofs_y = 2},
    {.bitmap_index = 4445, .adv_w = 320, .box_w = 9, .box_h = 14, .ofs_x = 5, .ofs_y = 3},
    {.bitmap_index = 4508, .adv_w = 320, .box_w = 16, .box_h = 16, .ofs_x = 2, .ofs_y = 2},
    {.bitmap_index = 4636, .adv_w = 320, .box_w = 18, .box_h = 16, .ofs_x = 1, .ofs_y = 3},
    {.bitmap_index = 4780, .adv_w = 320, .box_w = 16, .box_h = 16, .ofs_x = 2, .ofs_y = 2},
    {.bitmap_index = 4908, .adv_w = 320, .box_w = 18, .box_h = 18, .ofs_x = 2, .ofs_y = 2},
    {.bitmap_index = 5070, .adv_w = 320, .box_w = 10, .box_h = 10, .ofs_x = 5, .ofs_y = 5},
    {.bitmap_index = 5120, .adv_w = 320, .box_w = 10, .box_h = 12, .ofs_x = 6, .ofs_y = 4},
    {.bitmap_index = 5180, .adv_w = 320, .box_w = 10, .box_h = 12, .ofs_x = 5, .ofs_y = 4},
    {.bitmap_index = 5240, .adv_w = 320, .box_w = 10, .box_h = 10, .ofs_x = 5, .ofs_y = 5},
    {.bitmap_index = 5290, .adv_w = 320, .box_w = 10, .box_h = 10, .ofs_x = 5, .ofs_y = 5},
    {.bitmap_index = 5340, .adv_w = 320, .box_w = 18, .box_h = 18, .ofs_x = 1, .ofs_y = 1},
    {.bitmap_index = 5502, .adv_w = 320, .box_w = 18, .box_h = 18, .ofs_x = 1, .ofs_y = 1},
    {.bitmap_index = 5664, .adv_w = 320, .box_w = 18, .box_h = 18, .ofs_x = 1, .ofs_y = 1},
    {.bitmap_index = 5826, .adv_w = 320, .box_w = 18, .box_h = 18, .ofs_x = 1, .ofs_y = 1},
    {.bitmap_index = 5988, .adv_w = 320, .box_w = 14, .box_h = 14, .ofs_x = 3, .ofs_y = 3},
    {.bitmap_index = 6086, .adv_w = 320, .box_w = 14, .box_h = 14, .ofs_x = 3, .ofs_y = 3},
    {.bitmap_index = 6184, .adv_w = 320, .box_w = 14, .box_h = 14, .ofs_x = 3, .ofs_y = 3},
    {.bitmap_index = 6282, .adv_w = 320, .box_w = 14, .box_h = 14, .ofs_x = 3, .ofs_y = 3},
    {.bitmap_index = 6380, .adv_w = 320, .box_w = 20, .box_h = 17, .ofs_x = 0, .ofs_y = 2},
    {.bitmap_index = 6550, .adv_w = 320, .box_w = 18, .box_h = 18, .ofs_x = 1, .ofs_y = 1},
    {.bitmap_index = 6712, .adv_w = 320, .box_w = 20, .box_h = 10, .ofs_x = 0, .ofs_y = 5},
    {.bitmap_index = 6812, .adv_w = 320, .box_w = 16, .box_h = 16, .ofs_x = 2, .ofs_y = 2},
    {.bitmap_index = 6940, .adv_w = 320, .box_w = 14, .box_h = 19, .ofs_x = 3, .ofs_y = 1},
    {.bitmap_index = 7073, .adv_w = 320, .box_w = 18, .box_h = 18, .ofs_x = 1, .ofs_y = 1},
    {.bitmap_index = 7235, .adv_w = 320, .box_w = 18, .box_h = 10, .ofs_x = 1, .ofs_y = 5},
    {.bitmap_index = 7325, .adv_w = 320, .box_w = 20, .box_h = 14, .ofs_x = 0, .ofs_y = 3},
    {.bitmap_index = 7465, .adv_w = 320, .box_w = 18, .box_h = 14, .ofs_x = 1, .ofs_y = 3},
    {.bitmap_index = 7591, .adv_w = 320, .box_w = 20, .box_h = 14, .ofs_x = 0, .ofs_y = 3},
    {.bitmap_index = 7731, .adv_w = 320, .box_w = 20, .box_h = 14, .ofs_x = 0, .ofs_y = 3},
    {.bitmap_index = 7871, .adv_w = 320, .box_w = 14, .box_h = 18, .ofs_x = 3, .ofs_y = 1},
    {.bitmap_index = 7997, .adv_w = 320, .box_w = 12, .box_h = 10, .ofs_x = 4, .ofs_y = 5},
    {.bitmap_index = 8057, .adv_w = 320, .box_w = 12, .box_h = 10, .ofs_x = 4, .ofs_y = 5},
    {.bitmap_index = 8117, .adv_w = 320, .box_w = 10, .box_h = 12, .ofs_x = 5, .ofs_y = 4},
    {.bitmap_index = 8177, .adv_w = 320, .box_w = 10, .box_h = 12, .ofs_x = 5, .ofs_y = 4},
    {.bitmap_index = 8237, .adv_w = 320, .box_w = 7, .box_h = 10, .ofs_x = 6, .ofs_y = 5},
    {.bitmap_index = 8272, .adv_w = 320, .box_w = 7, .box_h = 10, .ofs_x = 7, .ofs_y = 5},
    {.bitmap_index = 8307, .adv_w = 320, .box_w = 10, .box_h = 7, .ofs_x = 5, .ofs_y = 7},
    {.bitmap_index = 8342, .adv_w = 320, .box_w = 10, .box_h = 7, .ofs_x = 5, .ofs_y = 6},
    {.bitmap_index = 8377, .adv_w = 320, .box_w = 14, .box_h = 20, .ofs_x = 3, .ofs_y = 0},
    {.bitmap_index = 8517, .adv_w = 320, .box_w = 18, .box_h = 18, .ofs_x = 1, .ofs_y = 1},
    {.bitmap_index = 8679, .adv_w = 320, .box_w = 17, .box_h = 12, .ofs_x = 2, .ofs_y = 4},
    {.bitmap_index = 8781, .adv_w = 320, .box_w = 14, .box_h = 17, .ofs_x = 3, .ofs_y = 2},
    {.bitmap_index = 8900, .adv_w = 320, .box_w = 12, .box_h = 17, .ofs_x = 4, .ofs_y = 2},
    {.bitmap_index = 9002, .adv_w = 320, .box_w = 16, .box_h = 17, .ofs_x = 2, .ofs_y = 2},
    {.bitmap_index = 9138, .adv_w = 320, .box_w = 16, .box_h = 18, .ofs_x = 2, .ofs_y = 1},
    {.bitmap_index = 9282, .adv_w = 320, .box_w = 18, .box_h = 18, .ofs_x = 1, .ofs_y = 1},
    {.bitmap_index = 9444, .adv_w = 320, .box_w = 20, .box_h = 20, .ofs_x = 0, .ofs_y = 0},
    {.bitmap_index = 9644, .adv_w = 320, .box_w = 16, .box_h = 16, .ofs_x = 2, .ofs_y = 2},
    {.bitmap_index = 9772, .adv_w = 320, .box_w = 20, .box_h = 14, .ofs_x = 0, .ofs_y = 3},
    {.bitmap_index = 9912, .adv_w = 320, .box_w = 16, .box_h = 16, .ofs_x = 2, .ofs_y = 2},
    {.bitmap_index = 10040, .adv_w = 320, .box_w = 12, .box_h = 16, .ofs_x = 4, .ofs_y = 2},
    {.bitmap_index = 10136, .adv_w = 320, .box_w = 10, .box_h = 18, .ofs_x = 5, .ofs_y = 1},
    {.bitmap_index = 10226, .adv_w = 320, .box_w = 10, .box_h = 18, .ofs_x = 5, .ofs_y = 1},
    {.bitmap_index = 10316, .adv_w = 320, .box_w = 10, .box_h = 18, .ofs_x = 5, .ofs_y = 1},
    {.bitmap_index = 10406, .adv_w = 320, .box_w = 10, .box_h = 18, .ofs_x = 5, .ofs_y = 1},
    {.bitmap_index = 10496, .adv_w = 320, .box_w = 10, .box_h = 18, .ofs_x = 5, .ofs_y = 1},
    {.bitmap_index = 10586, .adv_w = 320, .box_w = 11, .box_h = 18, .ofs_x = 4, .ofs_y = 1},
    {.bitmap_index = 10685, .adv_w = 320, .box_w = 10, .box_h = 18, .ofs_x = 5, .ofs_y = 1},
    {.bitmap_index = 10775, .adv_w = 320, .box_w = 18, .box_h = 18, .ofs_x = 1, .ofs_y = 1},
    {.bitmap_index = 10937, .adv_w = 320, .box_w = 14, .box_h = 20, .ofs_x = 3, .ofs_y = 0},
    {.bitmap_index = 11077, .adv_w = 320, .box_w = 18, .box_h = 18, .ofs_x = 1, .ofs_y = 1},
    {.bitmap_index = 11239, .adv_w = 320, .box_w = 16, .box_h = 18, .ofs_x = 2, .ofs_y = 1},
    {.bitmap_index = 11383, .adv_w = 320, .box_w = 10, .box_h = 18, .ofs_x = 5, .ofs_y = 1},
    {.bitmap_index = 11473, .adv_w = 320, .box_w = 10, .box_h = 18, .ofs_x = 5, .ofs_y = 1},
    {.bitmap_index = 11563, .adv_w = 320, .box_w = 12, .box_h = 18, .ofs_x = 4, .ofs_y = 1},
    {.bitmap_index = 11671, .adv_w = 320, .box_w = 18, .box_h = 18, .ofs_x = 1, .ofs_y = 1},
    {.bitmap_index = 11833, .adv_w = 320, .box_w = 19, .box_h = 14, .ofs_x = 0, .ofs_y = 3},
    {.bitmap_index = 11966, .adv_w = 320, .box_w = 18, .box_h = 18, .ofs_x = 1, .ofs_y = 1},
    {.bitmap_index = 12128, .adv_w = 320, .box_w = 18, .box_h = 18, .ofs_x = 1, .ofs_y = 1},
    {.bitmap_index = 12290, .adv_w = 320, .box_w = 18, .box_h = 16, .ofs_x = 1, .ofs_y = 2},
    {.bitmap_index = 12434, .adv_w = 320, .box_w = 18, .box_h = 18, .ofs_x = 1, .ofs_y = 1},
    {.bitmap_index = 12596, .adv_w = 320, .box_w = 18, .box_h = 16, .ofs_x = 1, .ofs_y = 2},
    {.bitmap_index = 12740, .adv_w = 320, .box_w = 18, .box_h = 18, .ofs_x = 1, .ofs_y = 1},
    {.bitmap_index = 12902, .adv_w = 320, .box_w = 18, .box_h = 18, .ofs_x = 1, .ofs_y = 1},
    {.bitmap_index = 13064, .adv_w = 320, .box_w = 18, .box_h = 18, .ofs_x = 1, .ofs_y = 1},
    {.bitmap_index = 13226, .adv_w = 320, .box_w = 18, .box_h = 18, .ofs_x = 1, .ofs_y = 1},
    {.bitmap_index = 13388, .adv_w = 320, .box_w = 3, .box_h = 6, .ofs_x = 4, .ofs_y = 3},
    {.bitmap_index = 13397, .adv_w = 320, .box_w = 8, .box_h = 10, .ofs_x = 4, .ofs_y = 3},
    {.bitmap_index = 13437, .adv_w = 320, .box_w = 13, .box_h = 14, .ofs_x = 4, .ofs_y = 3},
    {.bitmap_index = 13528, .adv_w = 320, .box_w = 19, .box_h = 20, .ofs_x = 0, .ofs_y = 0},
    {.bitmap_index = 13718, .adv_w = 320, .box_w = 12, .box_h = 14, .ofs_x = 4, .ofs_y = 3},
    {.bitmap_index = 13802, .adv_w = 320, .box_w = 16, .box_h = 16, .ofs_x = 2, .ofs_y = 2},
    {.bitmap_index = 13930, .adv_w = 320, .box_w = 6, .box_h = 5, .ofs_x = 7, .ofs_y = 2},
    {.bitmap_index = 13945, .adv_w = 320, .box_w = 14, .box_h = 10, .ofs_x = 3, .ofs_y = 2},
    {.bitmap_index = 14015, .adv_w = 320, .box_w = 20, .box_h = 16, .ofs_x = 0, .ofs_y = 3},
    {.bitmap_index = 14175, .adv_w = 320, .box_w = 17, .box_h = 18, .ofs_x = 0, .ofs_y = 1},
    {.bitmap_index = 14328, .adv_w = 320, .box_w = 18, .box_h = 15, .ofs_x = 1, .ofs_y = 3},
    {.bitmap_index = 14463, .adv_w = 320, .box_w = 14, .box_h = 14, .ofs_x = 3, .ofs_y = 3},
    {.bitmap_index = 14561, .adv_w = 320, .box_w = 14, .box_h = 14, .ofs_x = 3, .ofs_y = 3},
    {.bitmap_index = 14659, .adv_w = 320, .box_w = 14, .box_h = 18, .ofs_x = 3, .ofs_y = 1},
    {.bitmap_index = 14785, .adv_w = 320, .box_w = 12, .box_h = 16, .ofs_x = 4, .ofs_y = 2},
    {.bitmap_index = 14881, .adv_w = 320, .box_w = 18, .box_h = 19, .ofs_x = 1, .ofs_y = 0},
    {.bitmap_index = 15052, .adv_w = 320, .box_w = 18, .box_h = 18, .ofs_x = 1, .ofs_y = 1},
    {.bitmap_index = 15214, .adv_w = 320, .box_w = 12, .box_h = 16, .ofs_x = 4, .ofs_y = 2},
    {.bitmap_index = 15310, .adv_w = 320, .box_w = 20, .box_h = 14, .ofs_x = 0, .ofs_y = 3},
    {.bitmap_index = 15450, .adv_w = 320, .box_w = 20, .box_h = 14, .ofs_x = 0, .ofs_y = 3},
    {.bitmap_index = 15590, .adv_w = 320, .box_w = 18, .box_h = 18, .ofs_x = 1, .ofs_y = 1},
    {.bitmap_index = 15752, .adv_w = 320, .box_w = 18, .box_h = 18, .ofs_x = 1, .ofs_y = 1},
    {.bitmap_index = 15914, .adv_w = 320, .box_w = 18, .box_h = 18, .ofs_x = 1, .ofs_y = 1},
    {.bitmap_index = 16076, .adv_w = 320, .box_w = 18, .box_h = 19, .ofs_x = 1, .ofs_y = 0},
    {.bitmap_index = 16247, .adv_w = 320, .box_w = 20, .box_h = 17, .ofs_x = 0, .ofs_y = 1},
    {.bitmap_index = 16417, .adv_w = 320, .box_w = 14, .box_h = 18, .ofs_x = 3, .ofs_y = 1},
    {.bitmap_index = 16543, .adv_w = 320, .box_w = 17, .box_h = 18, .ofs_x = 1, .ofs_y = 1}
};

/*---------------------
 *  CHARACTER MAPPING
 *--------------------*/

static const uint16_t unicode_list_0[] = {
    0x0, 0x7e, 0xec, 0x100, 0x1a1, 0x320, 0x322, 0x327,
    0x32a, 0x339, 0x342, 0x347, 0x34d, 0x350, 0x359, 0x3be,
    0xfb6, 0xfb7, 0xfb9, 0xfba, 0xfbc, 0xfc1, 0xfc2, 0xfc6,
    0xfc7, 0xfc8, 0xfca, 0xfcc, 0xfce, 0xfd6, 0xfd8, 0xfda,
    0xfdc, 0xfdd, 0xfe5, 0xff3, 0xff9, 0xffd, 0x1000, 0x1001,
    0x1002, 0x1006, 0x100c, 0x100d, 0x100e, 0x100f, 0x1015, 0x1016,
    0x1017, 0x1018, 0x1026, 0x102a, 0x1039, 0x104a, 0x1051, 0x1061,
    0x1076, 0x1077, 0x1095, 0x10a2, 0x10a3, 0x10a8, 0x10b5, 0x10b6,
    0x10b7, 0x10b8, 0x10b9, 0x10ba, 0x10bb, 0x10bc, 0x10c5, 0x10cd,
    0x10d0, 0x10d9, 0x10e5, 0x10e6, 0x10e8, 0x1103, 0x113a, 0x113b,
    0x11a0, 0x11a1, 0x11ad, 0x11f5, 0x11f6, 0x11f7, 0x11f8, 0x11f9,
    0x1248, 0x127e, 0x1291, 0x1296, 0x1303, 0x1319, 0x132b, 0x132c,
    0x137a, 0x148f, 0x14e5, 0x150b, 0x152e, 0x1539, 0x153d, 0x154d,
    0x1550, 0x1559, 0x1568, 0x1641, 0x1642, 0x1643, 0x1644, 0x164a,
    0x165d, 0x165e, 0x165f, 0x1660, 0x1661, 0x1678, 0x16e3, 0x16ed,
    0x16ef, 0x16f2, 0x16f4, 0x16f5, 0x16f6, 0x16f8, 0x16f9, 0x16fb,
    0x1703, 0x1706, 0x1714, 0x1721, 0x1724, 0x1777, 0x1784
};

/*Collect the unicode lists and glyph_id offsets*/
static const lv_font_fmt_txt_cmap_t cmaps[] =
{
    {
        .range_start = 57419, .range_length = 6021, .glyph_id_start = 1,
        .unicode_list = unicode_list_0, .glyph_id_ofs_list = NULL, .list_length = 135, .type = LV_FONT_FMT_TXT_CMAP_SPARSE_TINY
    }
};



/*--------------------
 *  ALL CUSTOM DATA
 *--------------------*/

#if LVGL_VERSION_MAJOR == 8
/*Store all the custom data of the font*/
static  lv_font_fmt_txt_glyph_cache_t cache;
#endif

#if LVGL_VERSION_MAJOR >= 8
static const lv_font_fmt_txt_dsc_t font_dsc = {
#else
static lv_font_fmt_txt_dsc_t font_dsc = {
#endif
    .glyph_bitmap = glyph_bitmap,
    .glyph_dsc = glyph_dsc,
    .cmaps = cmaps,
    .kern_dsc = NULL,
    .kern_scale = 0,
    .cmap_num = 1,
    .bpp = 4,
    .kern_classes = 0,
    .bitmap_format = 0,
#if LVGL_VERSION_MAJOR == 8
    .cache = &cache
#endif
};


/*-----------------
 *  PUBLIC FONT
 *----------------*/

/*Initialize a public general font descriptor*/
#if LVGL_VERSION_MAJOR >= 8
const lv_font_t font_awesome_20_4 = {
#else
lv_font_t font_awesome_20_4 = {
#endif
    .get_glyph_dsc = lv_font_get_glyph_dsc_fmt_txt,    /*Function pointer to get glyph's data*/
    .get_glyph_bitmap = lv_font_get_bitmap_fmt_txt,    /*Function pointer to get glyph's bitmap*/
    .line_height = 20,          /*The maximum line height required by the font*/
    .base_line = 0,             /*Baseline measured from the bottom of the line*/
#if !(LVGL_VERSION_MAJOR == 6 && LVGL_VERSION_MINOR == 0)
    .subpx = LV_FONT_SUBPX_NONE,
#endif
#if LV_VERSION_CHECK(7, 4, 0) || LVGL_VERSION_MAJOR >= 8
    .underline_position = -5,
    .underline_thickness = 2,
#endif
    .dsc = &font_dsc,          /*The custom font data. Will be accessed by `get_glyph_bitmap/dsc` */
    .fallback = NULL,
    .user_data = NULL
};



#endif /*#if FONT_AWESOME_20_4*/
